nohup: ignoring input
[Frame    0] mode=DIR  iters=    300, x_range=3.500e+00, y_range=2.000e+00
    nu_min=4.850e-01, nu_max=3.000e+02, nu_mean=6.942e+01, nu_std=1.221e+02
    nu_p05=6.649e-01, nu_p50=3.505e+00, nu_p95=3.000e+02, nu_p99=3.000e+02, interior_frac=0.217
[Frame    1] mode=DIR  iters=    303, x_range=3.431e+00, y_range=1.961e+00
    nu_min=4.653e-01, nu_max=3.030e+02, nu_mean=7.268e+01, nu_std=1.250e+02
    nu_p05=6.675e-01, nu_p50=3.612e+00, nu_p95=3.030e+02, nu_p99=3.030e+02, interior_frac=0.226
[Frame    2] mode=DIR  iters=    307, x_range=3.364e+00, y_range=1.922e+00
    nu_min=4.859e-01, nu_max=3.070e+02, nu_mean=7.640e+01, nu_std=1.283e+02
    nu_p05=6.899e-01, nu_p50=3.781e+00, nu_p95=3.070e+02, nu_p99=3.070e+02, interior_frac=0.234
[Frame    3] mode=DIR  iters=    310, x_range=3.298e+00, y_range=1.885e+00
    nu_min=5.066e-01, nu_max=3.100e+02, nu_mean=8.000e+01, nu_std=1.312e+02
    nu_p05=7.126e-01, nu_p50=3.921e+00, nu_p95=3.100e+02, nu_p99=3.100e+02, interior_frac=0.243
[Frame    4] mode=DIR  iters=    314, x_range=3.233e+00, y_range=1.848e+00
    nu_min=5.276e-01, nu_max=3.140e+02, nu_mean=8.397e+01, nu_std=1.345e+02
    nu_p05=7.354e-01, nu_p50=4.117e+00, nu_p95=3.140e+02, nu_p99=3.140e+02, interior_frac=0.253
[Frame    5] mode=DIR  iters=    318, x_range=3.170e+00, y_range=1.811e+00
    nu_min=5.487e-01, nu_max=3.180e+02, nu_mean=8.815e+01, nu_std=1.378e+02
    nu_p05=7.585e-01, nu_p50=4.376e+00, nu_p95=3.180e+02, nu_p99=3.180e+02, interior_frac=0.262
[Frame    6] mode=DIR  iters=    322, x_range=3.108e+00, y_range=1.776e+00
    nu_min=5.700e-01, nu_max=3.220e+02, nu_mean=9.250e+01, nu_std=1.411e+02
    nu_p05=7.818e-01, nu_p50=4.626e+00, nu_p95=3.220e+02, nu_p99=3.220e+02, interior_frac=0.272
[Frame    7] mode=DIR  iters=    326, x_range=3.047e+00, y_range=1.741e+00
    nu_min=5.915e-01, nu_max=3.260e+02, nu_mean=9.706e+01, nu_std=1.444e+02
    nu_p05=8.053e-01, nu_p50=4.865e+00, nu_p95=3.260e+02, nu_p99=3.260e+02, interior_frac=0.283
[Frame    8] mode=DIR  iters=    329, x_range=2.987e+00, y_range=1.707e+00
    nu_min=6.131e-01, nu_max=3.290e+02, nu_mean=1.015e+02, nu_std=1.473e+02
    nu_p05=8.290e-01, nu_p50=5.145e+00, nu_p95=3.290e+02, nu_p99=3.290e+02, interior_frac=0.293
[Frame    9] mode=DIR  iters=    333, x_range=2.929e+00, y_range=1.674e+00
    nu_min=6.350e-01, nu_max=3.330e+02, nu_mean=1.065e+02, nu_std=1.506e+02
    nu_p05=8.529e-01, nu_p50=5.525e+00, nu_p95=3.330e+02, nu_p99=3.330e+02, interior_frac=0.305
[Frame   10] mode=DIR  iters=    337, x_range=2.871e+00, y_range=1.641e+00
    nu_min=6.571e-01, nu_max=3.370e+02, nu_mean=1.118e+02, nu_std=1.539e+02
    nu_p05=8.771e-01, nu_p50=5.874e+00, nu_p95=3.370e+02, nu_p99=3.370e+02, interior_frac=0.316
[Frame   11] mode=DIR  iters=    341, x_range=2.815e+00, y_range=1.609e+00
    nu_min=6.793e-01, nu_max=3.410e+02, nu_mean=1.173e+02, nu_std=1.572e+02
    nu_p05=9.015e-01, nu_p50=6.294e+00, nu_p95=3.410e+02, nu_p99=3.410e+02, interior_frac=0.328
[Frame   12] mode=DIR  iters=    345, x_range=2.760e+00, y_range=1.577e+00
    nu_min=7.018e-01, nu_max=3.450e+02, nu_mean=1.232e+02, nu_std=1.605e+02
    nu_p05=9.261e-01, nu_p50=6.778e+00, nu_p95=3.450e+02, nu_p99=3.450e+02, interior_frac=0.341
[Frame   13] mode=DIR  iters=    350, x_range=2.706e+00, y_range=1.546e+00
    nu_min=7.245e-01, nu_max=3.500e+02, nu_mean=1.295e+02, nu_std=1.642e+02
    nu_p05=9.510e-01, nu_p50=7.347e+00, nu_p95=3.500e+02, nu_p99=3.500e+02, interior_frac=0.354
[Frame   14] mode=DIR  iters=    354, x_range=2.653e+00, y_range=1.516e+00
    nu_min=7.473e-01, nu_max=3.540e+02, nu_mean=1.355e+02, nu_std=1.673e+02
    nu_p05=9.761e-01, nu_p50=7.968e+00, nu_p95=3.540e+02, nu_p99=3.540e+02, interior_frac=0.367
[Frame   15] mode=DIR  iters=    358, x_range=2.601e+00, y_range=1.486e+00
    nu_min=7.704e-01, nu_max=3.580e+02, nu_mean=1.416e+02, nu_std=1.703e+02
    nu_p05=1.731e+00, nu_p50=8.812e+00, nu_p95=3.580e+02, nu_p99=3.580e+02, interior_frac=0.380
[Frame   16] mode=DIR  iters=    362, x_range=2.550e+00, y_range=1.457e+00
    nu_min=7.937e-01, nu_max=3.620e+02, nu_mean=1.479e+02, nu_std=1.732e+02
    nu_p05=1.885e+00, nu_p50=9.814e+00, nu_p95=3.620e+02, nu_p99=3.620e+02, interior_frac=0.393
[Frame   17] mode=DIR  iters=    367, x_range=2.500e+00, y_range=1.428e+00
    nu_min=8.172e-01, nu_max=3.670e+02, nu_mean=1.548e+02, nu_std=1.764e+02
    nu_p05=1.966e+00, nu_p50=1.098e+01, nu_p95=3.670e+02, nu_p99=3.670e+02, interior_frac=0.406
[Frame   18] mode=DIR  iters=    371, x_range=2.451e+00, y_range=1.400e+00
    nu_min=8.409e-01, nu_max=3.710e+02, nu_mean=1.613e+02, nu_std=1.791e+02
    nu_p05=2.061e+00, nu_p50=1.262e+01, nu_p95=3.710e+02, nu_p99=3.710e+02, interior_frac=0.420
[Frame   19] mode=DIR  iters=    375, x_range=2.403e+00, y_range=1.373e+00
    nu_min=8.649e-01, nu_max=3.750e+02, nu_mean=1.680e+02, nu_std=1.817e+02
    nu_p05=2.163e+00, nu_p50=1.468e+01, nu_p95=3.750e+02, nu_p99=3.750e+02, interior_frac=0.433
[Frame   20] mode=DIR  iters=    380, x_range=2.355e+00, y_range=1.346e+00
    nu_min=8.890e-01, nu_max=3.800e+02, nu_mean=1.751e+02, nu_std=1.847e+02
    nu_p05=2.237e+00, nu_p50=1.769e+01, nu_p95=3.800e+02, nu_p99=3.800e+02, interior_frac=0.446
[Frame   21] mode=DIR  iters=    385, x_range=2.309e+00, y_range=1.320e+00
    nu_min=9.134e-01, nu_max=3.850e+02, nu_mean=1.821e+02, nu_std=1.875e+02
    nu_p05=2.297e+00, nu_p50=2.195e+01, nu_p95=3.850e+02, nu_p99=3.850e+02, interior_frac=0.458
[Frame   22] mode=DIR  iters=    389, x_range=2.264e+00, y_range=1.294e+00
    nu_min=9.381e-01, nu_max=3.890e+02, nu_mean=1.881e+02, nu_std=1.897e+02
    nu_p05=2.357e+00, nu_p50=2.866e+01, nu_p95=3.890e+02, nu_p99=3.890e+02, interior_frac=0.469
[Frame   23] mode=DIR  iters=    394, x_range=2.220e+00, y_range=1.268e+00
    nu_min=9.629e-01, nu_max=3.940e+02, nu_mean=1.942e+02, nu_std=1.923e+02
    nu_p05=2.416e+00, nu_p50=3.972e+01, nu_p95=3.940e+02, nu_p99=3.940e+02, interior_frac=0.479
[Frame   24] mode=DIR  iters=    398, x_range=2.176e+00, y_range=1.243e+00
    nu_min=9.880e-01, nu_max=3.980e+02, nu_mean=1.995e+02, nu_std=1.944e+02
    nu_p05=2.475e+00, nu_p50=6.095e+01, nu_p95=3.980e+02, nu_p99=3.980e+02, interior_frac=0.487
[Frame   25] mode=DIR  iters=    403, x_range=2.133e+00, y_range=1.219e+00
    nu_min=1.776e+00, nu_max=4.030e+02, nu_mean=2.048e+02, nu_std=1.968e+02
    nu_p05=2.533e+00, nu_p50=1.193e+02, nu_p95=4.030e+02, nu_p99=4.030e+02, interior_frac=0.495
[Frame   26] mode=DIR  iters=    408, x_range=2.092e+00, y_range=1.195e+00
    nu_min=1.784e+00, nu_max=4.080e+02, nu_mean=2.100e+02, nu_std=1.992e+02
    nu_p05=2.591e+00, nu_p50=4.080e+02, nu_p95=4.080e+02, nu_p99=4.080e+02, interior_frac=0.501
[Frame   27] mode=DIR  iters=    413, x_range=2.051e+00, y_range=1.172e+00
    nu_min=1.793e+00, nu_max=4.130e+02, nu_mean=2.153e+02, nu_std=2.015e+02
    nu_p05=2.648e+00, nu_p50=4.130e+02, nu_p95=4.130e+02, nu_p99=4.130e+02, interior_frac=0.508
[Frame   28] mode=DIR  iters=    418, x_range=2.010e+00, y_range=1.149e+00
    nu_min=1.802e+00, nu_max=4.180e+02, nu_mean=2.207e+02, nu_std=2.039e+02
    nu_p05=2.705e+00, nu_p50=4.180e+02, nu_p95=4.180e+02, nu_p99=4.180e+02, interior_frac=0.514
[Frame   29] mode=DIR  iters=    423, x_range=1.971e+00, y_range=1.126e+00
    nu_min=1.834e+00, nu_max=4.230e+02, nu_mean=2.263e+02, nu_std=2.061e+02
    nu_p05=2.759e+00, nu_p50=4.230e+02, nu_p95=4.230e+02, nu_p99=4.230e+02, interior_frac=0.521
[Frame   30] mode=DIR  iters=    428, x_range=1.932e+00, y_range=1.104e+00
    nu_min=1.880e+00, nu_max=4.280e+02, nu_mean=2.319e+02, nu_std=2.083e+02
    nu_p05=2.811e+00, nu_p50=4.280e+02, nu_p95=4.280e+02, nu_p99=4.280e+02, interior_frac=0.528
[Frame   31] mode=DIR  iters=    433, x_range=1.894e+00, y_range=1.082e+00
    nu_min=1.927e+00, nu_max=4.330e+02, nu_mean=2.377e+02, nu_std=2.105e+02
    nu_p05=2.862e+00, nu_p50=4.330e+02, nu_p95=4.330e+02, nu_p99=4.330e+02, interior_frac=0.535
[Frame   32] mode=DIR  iters=    438, x_range=1.857e+00, y_range=1.061e+00
    nu_min=1.974e+00, nu_max=4.380e+02, nu_mean=2.437e+02, nu_std=2.126e+02
    nu_p05=2.911e+00, nu_p50=4.380e+02, nu_p95=4.380e+02, nu_p99=4.380e+02, interior_frac=0.543
[Frame   33] mode=DIR  iters=    444, x_range=1.821e+00, y_range=1.040e+00
    nu_min=2.021e+00, nu_max=4.440e+02, nu_mean=2.504e+02, nu_std=2.151e+02
    nu_p05=2.960e+00, nu_p50=4.440e+02, nu_p95=4.440e+02, nu_p99=4.440e+02, interior_frac=0.551
[Frame   34] mode=DIR  iters=    449, x_range=1.785e+00, y_range=1.020e+00
    nu_min=2.068e+00, nu_max=4.490e+02, nu_mean=2.565e+02, nu_std=2.172e+02
    nu_p05=3.062e+00, nu_p50=4.490e+02, nu_p95=4.490e+02, nu_p99=4.490e+02, interior_frac=0.558
[Frame   35] mode=DIR  iters=    454, x_range=1.750e+00, y_range=1.000e+00
    nu_min=2.116e+00, nu_max=4.540e+02, nu_mean=2.624e+02, nu_std=2.192e+02
    nu_p05=3.308e+00, nu_p50=4.540e+02, nu_p95=4.540e+02, nu_p99=4.540e+02, interior_frac=0.565
[Frame   36] mode=DIR  iters=    460, x_range=1.716e+00, y_range=9.804e-01
    nu_min=2.163e+00, nu_max=4.600e+02, nu_mean=2.688e+02, nu_std=2.217e+02
    nu_p05=3.482e+00, nu_p50=4.600e+02, nu_p95=4.600e+02, nu_p99=4.600e+02, interior_frac=0.571
[Frame   37] mode=DIR  iters=    465, x_range=1.682e+00, y_range=9.612e-01
    nu_min=2.211e+00, nu_max=4.650e+02, nu_mean=2.746e+02, nu_std=2.236e+02
    nu_p05=3.598e+00, nu_p50=4.650e+02, nu_p95=4.650e+02, nu_p99=4.650e+02, interior_frac=0.578
[Frame   38] mode=DIR  iters=    471, x_range=1.649e+00, y_range=9.424e-01
    nu_min=2.259e+00, nu_max=4.710e+02, nu_mean=2.810e+02, nu_std=2.259e+02
    nu_p05=3.709e+00, nu_p50=4.710e+02, nu_p95=4.710e+02, nu_p99=4.710e+02, interior_frac=0.584
[Frame   39] mode=DIR  iters=    476, x_range=1.617e+00, y_range=9.239e-01
    nu_min=2.307e+00, nu_max=4.760e+02, nu_mean=2.869e+02, nu_std=2.277e+02
    nu_p05=3.788e+00, nu_p50=4.760e+02, nu_p95=4.760e+02, nu_p99=4.760e+02, interior_frac=0.590
[Frame   40] mode=DIR  iters=    482, x_range=1.585e+00, y_range=9.058e-01
    nu_min=2.354e+00, nu_max=4.820e+02, nu_mean=2.936e+02, nu_std=2.299e+02
    nu_p05=3.859e+00, nu_p50=4.820e+02, nu_p95=4.820e+02, nu_p99=4.820e+02, interior_frac=0.596
[Frame   41] mode=DIR  iters=    488, x_range=1.554e+00, y_range=8.880e-01
    nu_min=2.402e+00, nu_max=4.880e+02, nu_mean=3.004e+02, nu_std=2.321e+02
    nu_p05=3.934e+00, nu_p50=4.880e+02, nu_p95=4.880e+02, nu_p99=4.880e+02, interior_frac=0.603
[Frame   42] mode=DIR  iters=    494, x_range=1.524e+00, y_range=8.706e-01
    nu_min=2.449e+00, nu_max=4.940e+02, nu_mean=3.073e+02, nu_std=2.341e+02
    nu_p05=4.022e+00, nu_p50=4.940e+02, nu_p95=4.940e+02, nu_p99=4.940e+02, interior_frac=0.609
[Frame   43] mode=DIR  iters=    500, x_range=1.494e+00, y_range=8.535e-01
    nu_min=2.497e+00, nu_max=5.000e+02, nu_mean=3.144e+02, nu_std=2.361e+02
    nu_p05=4.161e+00, nu_p50=5.000e+02, nu_p95=5.000e+02, nu_p99=5.000e+02, interior_frac=0.616
[Frame   44] mode=DIR  iters=    506, x_range=1.464e+00, y_range=8.368e-01
    nu_min=2.544e+00, nu_max=5.060e+02, nu_mean=3.216e+02, nu_std=2.380e+02
    nu_p05=4.295e+00, nu_p50=5.060e+02, nu_p95=5.060e+02, nu_p99=5.060e+02, interior_frac=0.623
[Frame   45] mode=DIR  iters=    512, x_range=1.436e+00, y_range=8.204e-01
    nu_min=2.591e+00, nu_max=5.120e+02, nu_mean=3.290e+02, nu_std=2.398e+02
    nu_p05=4.424e+00, nu_p50=5.120e+02, nu_p95=5.120e+02, nu_p99=5.120e+02, interior_frac=0.630
[Frame   46] mode=DIR  iters=    518, x_range=1.408e+00, y_range=8.043e-01
    nu_min=2.637e+00, nu_max=5.180e+02, nu_mean=3.365e+02, nu_std=2.415e+02
    nu_p05=4.552e+00, nu_p50=5.180e+02, nu_p95=5.180e+02, nu_p99=5.180e+02, interior_frac=0.637
[Frame   47] mode=DIR  iters=    524, x_range=1.380e+00, y_range=7.885e-01
    nu_min=2.684e+00, nu_max=5.240e+02, nu_mean=3.442e+02, nu_std=2.431e+02
    nu_p05=4.678e+00, nu_p50=5.240e+02, nu_p95=5.240e+02, nu_p99=5.240e+02, interior_frac=0.644
[Frame   48] mode=DIR  iters=    530, x_range=1.353e+00, y_range=7.731e-01
    nu_min=2.730e+00, nu_max=5.300e+02, nu_mean=3.521e+02, nu_std=2.446e+02
    nu_p05=4.801e+00, nu_p50=5.300e+02, nu_p95=5.300e+02, nu_p99=5.300e+02, interior_frac=0.652
[Frame   49] mode=DIR  iters=    536, x_range=1.326e+00, y_range=7.579e-01
    nu_min=2.776e+00, nu_max=5.360e+02, nu_mean=3.600e+02, nu_std=2.460e+02
    nu_p05=4.913e+00, nu_p50=5.360e+02, nu_p95=5.360e+02, nu_p99=5.360e+02, interior_frac=0.659
[Frame   50] mode=DIR  iters=    543, x_range=1.300e+00, y_range=7.431e-01
    nu_min=2.822e+00, nu_max=5.430e+02, nu_mean=3.685e+02, nu_std=2.478e+02
    nu_p05=5.078e+00, nu_p50=5.430e+02, nu_p95=5.430e+02, nu_p99=5.430e+02, interior_frac=0.666
[Frame   51] mode=DIR  iters=    549, x_range=1.275e+00, y_range=7.285e-01
    nu_min=2.867e+00, nu_max=5.490e+02, nu_mean=3.765e+02, nu_std=2.490e+02
    nu_p05=5.341e+00, nu_p50=5.490e+02, nu_p95=5.490e+02, nu_p99=5.490e+02, interior_frac=0.674
[Frame   52] mode=DIR  iters=    556, x_range=1.250e+00, y_range=7.142e-01
    nu_min=2.912e+00, nu_max=5.560e+02, nu_mean=3.852e+02, nu_std=2.506e+02
    nu_p05=5.516e+00, nu_p50=5.560e+02, nu_p95=5.560e+02, nu_p99=5.560e+02, interior_frac=0.681
[Frame   53] mode=DIR  iters=    563, x_range=1.225e+00, y_range=7.002e-01
    nu_min=2.957e+00, nu_max=5.630e+02, nu_mean=3.941e+02, nu_std=2.521e+02
    nu_p05=5.691e+00, nu_p50=5.630e+02, nu_p95=5.630e+02, nu_p99=5.630e+02, interior_frac=0.688
[Frame   54] mode=DIR  iters=    569, x_range=1.201e+00, y_range=6.865e-01
    nu_min=3.501e+00, nu_max=5.690e+02, nu_mean=4.023e+02, nu_std=2.530e+02
    nu_p05=5.844e+00, nu_p50=5.690e+02, nu_p95=5.690e+02, nu_p99=5.690e+02, interior_frac=0.695
[Frame   55] mode=DIR  iters=    576, x_range=1.178e+00, y_range=6.730e-01
    nu_min=3.603e+00, nu_max=5.760e+02, nu_mean=4.113e+02, nu_std=2.543e+02
    nu_p05=5.962e+00, nu_p50=5.760e+02, nu_p95=5.760e+02, nu_p99=5.760e+02, interior_frac=0.702
[Frame   56] mode=DIR  iters=    583, x_range=1.155e+00, y_range=6.598e-01
    nu_min=3.711e+00, nu_max=5.830e+02, nu_mean=4.201e+02, nu_std=2.556e+02
    nu_p05=6.152e+00, nu_p50=5.830e+02, nu_p95=5.830e+02, nu_p99=5.830e+02, interior_frac=0.709
[Frame   57] mode=DIR  iters=    590, x_range=1.132e+00, y_range=6.469e-01
    nu_min=3.825e+00, nu_max=5.900e+02, nu_mean=4.287e+02, nu_std=2.569e+02
    nu_p05=6.359e+00, nu_p50=5.900e+02, nu_p95=5.900e+02, nu_p99=5.900e+02, interior_frac=0.715
[Frame   58] mode=DIR  iters=    597, x_range=1.110e+00, y_range=6.342e-01
    nu_min=3.946e+00, nu_max=5.970e+02, nu_mean=4.373e+02, nu_std=2.582e+02
    nu_p05=6.555e+00, nu_p50=5.970e+02, nu_p95=5.970e+02, nu_p99=5.970e+02, interior_frac=0.721
[Frame   59] mode=DIR  iters=    604, x_range=1.088e+00, y_range=6.218e-01
    nu_min=4.627e+00, nu_max=6.040e+02, nu_mean=4.459e+02, nu_std=2.594e+02
    nu_p05=6.751e+00, nu_p50=6.040e+02, nu_p95=6.040e+02, nu_p99=6.040e+02, interior_frac=0.727
[Frame   60] mode=DIR  iters=    611, x_range=1.067e+00, y_range=6.096e-01
    nu_min=4.950e+00, nu_max=6.110e+02, nu_mean=4.544e+02, nu_std=2.606e+02
    nu_p05=6.913e+00, nu_p50=6.110e+02, nu_p95=6.110e+02, nu_p99=6.110e+02, interior_frac=0.733
[Frame   61] mode=DIR  iters=    619, x_range=1.046e+00, y_range=5.976e-01
    nu_min=5.292e+00, nu_max=6.190e+02, nu_mean=4.636e+02, nu_std=2.622e+02
    nu_p05=7.130e+00, nu_p50=6.190e+02, nu_p95=6.190e+02, nu_p99=6.190e+02, interior_frac=0.738
[Frame   62] mode=DIR  iters=    626, x_range=1.025e+00, y_range=5.859e-01
    nu_min=5.420e+00, nu_max=6.260e+02, nu_mean=4.722e+02, nu_std=2.632e+02
    nu_p05=7.366e+00, nu_p50=6.260e+02, nu_p95=6.260e+02, nu_p99=6.260e+02, interior_frac=0.744
[Frame   63] mode=DIR  iters=    634, x_range=1.005e+00, y_range=5.744e-01
    nu_min=5.556e+00, nu_max=6.340e+02, nu_mean=4.817e+02, nu_std=2.645e+02
    nu_p05=7.535e+00, nu_p50=6.340e+02, nu_p95=6.340e+02, nu_p99=6.340e+02, interior_frac=0.749
[Frame   64] mode=DIR  iters=    641, x_range=9.855e-01, y_range=5.631e-01
    nu_min=5.702e+00, nu_max=6.410e+02, nu_mean=4.906e+02, nu_std=2.652e+02
    nu_p05=7.673e+00, nu_p50=6.410e+02, nu_p95=6.410e+02, nu_p99=6.410e+02, interior_frac=0.755
[Frame   65] mode=DIR  iters=    649, x_range=9.662e-01, y_range=5.521e-01
    nu_min=5.755e+00, nu_max=6.490e+02, nu_mean=5.008e+02, nu_std=2.660e+02
    nu_p05=7.804e+00, nu_p50=6.490e+02, nu_p95=6.490e+02, nu_p99=6.490e+02, interior_frac=0.761
[Frame   66] mode=DIR  iters=    657, x_range=9.472e-01, y_range=5.413e-01
    nu_min=5.773e+00, nu_max=6.570e+02, nu_mean=5.114e+02, nu_std=2.665e+02
    nu_p05=7.908e+00, nu_p50=6.570e+02, nu_p95=6.570e+02, nu_p99=6.570e+02, interior_frac=0.768
[Frame   67] mode=DIR  iters=    665, x_range=9.287e-01, y_range=5.307e-01
    nu_min=5.890e+00, nu_max=6.650e+02, nu_mean=5.214e+02, nu_std=2.673e+02
    nu_p05=8.008e+00, nu_p50=6.650e+02, nu_p95=6.650e+02, nu_p99=6.650e+02, interior_frac=0.774
[Frame   68] mode=DIR  iters=    672, x_range=9.105e-01, y_range=5.203e-01
    nu_min=6.009e+00, nu_max=6.720e+02, nu_mean=5.300e+02, nu_std=2.681e+02
    nu_p05=8.223e+00, nu_p50=6.720e+02, nu_p95=6.720e+02, nu_p99=6.720e+02, interior_frac=0.779
[Frame   69] mode=DIR  iters=    681, x_range=8.926e-01, y_range=5.101e-01
    nu_min=6.131e+00, nu_max=6.810e+02, nu_mean=5.397e+02, nu_std=2.698e+02
    nu_p05=8.402e+00, nu_p50=6.810e+02, nu_p95=6.810e+02, nu_p99=6.810e+02, interior_frac=0.783
[Frame   70] mode=DIR  iters=    689, x_range=8.751e-01, y_range=5.001e-01
    nu_min=6.253e+00, nu_max=6.890e+02, nu_mean=5.482e+02, nu_std=2.714e+02
    nu_p05=8.579e+00, nu_p50=6.890e+02, nu_p95=6.890e+02, nu_p99=6.890e+02, interior_frac=0.786
[Frame   71] mode=DIR  iters=    697, x_range=8.579e-01, y_range=4.903e-01
    nu_min=6.378e+00, nu_max=6.970e+02, nu_mean=5.567e+02, nu_std=2.730e+02
    nu_p05=8.764e+00, nu_p50=6.970e+02, nu_p95=6.970e+02, nu_p99=6.970e+02, interior_frac=0.789
[Frame   72] mode=DIR  iters=    705, x_range=8.411e-01, y_range=4.806e-01
    nu_min=6.503e+00, nu_max=7.050e+02, nu_mean=5.653e+02, nu_std=2.744e+02
    nu_p05=8.921e+00, nu_p50=7.050e+02, nu_p95=7.050e+02, nu_p99=7.050e+02, interior_frac=0.793
[Frame   73] mode=DIR  iters=    714, x_range=8.246e-01, y_range=4.712e-01
    nu_min=6.610e+00, nu_max=7.140e+02, nu_mean=5.747e+02, nu_std=2.763e+02
    nu_p05=9.137e+00, nu_p50=7.140e+02, nu_p95=7.140e+02, nu_p99=7.140e+02, interior_frac=0.796
[Frame   74] mode=DIR  iters=    722, x_range=8.085e-01, y_range=4.620e-01
    nu_min=6.696e+00, nu_max=7.220e+02, nu_mean=5.831e+02, nu_std=2.778e+02
    nu_p05=9.377e+00, nu_p50=7.220e+02, nu_p95=7.220e+02, nu_p99=7.220e+02, interior_frac=0.798
[Frame   75] mode=DIR  iters=    731, x_range=7.926e-01, y_range=4.529e-01
    nu_min=6.782e+00, nu_max=7.310e+02, nu_mean=5.924e+02, nu_std=2.797e+02
    nu_p05=9.578e+00, nu_p50=7.310e+02, nu_p95=7.310e+02, nu_p99=7.310e+02, interior_frac=0.801
[Frame   76] mode=DIR  iters=    740, x_range=7.771e-01, y_range=4.440e-01
    nu_min=6.866e+00, nu_max=7.400e+02, nu_mean=6.016e+02, nu_std=2.817e+02
    nu_p05=9.778e+00, nu_p50=7.400e+02, nu_p95=7.400e+02, nu_p99=7.400e+02, interior_frac=0.804
[Frame   77] mode=DIR  iters=    748, x_range=7.618e-01, y_range=4.353e-01
    nu_min=6.951e+00, nu_max=7.480e+02, nu_mean=6.095e+02, nu_std=2.838e+02
    nu_p05=9.928e+00, nu_p50=7.480e+02, nu_p95=7.480e+02, nu_p99=7.480e+02, interior_frac=0.806
[Frame   78] mode=DIR  iters=    757, x_range=7.469e-01, y_range=4.268e-01
    nu_min=7.336e+00, nu_max=7.570e+02, nu_mean=6.177e+02, nu_std=2.865e+02
    nu_p05=1.010e+01, nu_p50=7.570e+02, nu_p95=7.570e+02, nu_p99=7.570e+02, interior_frac=0.807
[Frame   79] mode=DIR  iters=    766, x_range=7.322e-01, y_range=4.184e-01
    nu_min=7.462e+00, nu_max=7.660e+02, nu_mean=6.256e+02, nu_std=2.895e+02
    nu_p05=1.031e+01, nu_p50=7.660e+02, nu_p95=7.660e+02, nu_p99=7.660e+02, interior_frac=0.808
[Frame   80] mode=DIR  iters=    776, x_range=7.179e-01, y_range=4.102e-01
    nu_min=7.591e+00, nu_max=7.760e+02, nu_mean=6.344e+02, nu_std=2.927e+02
    nu_p05=1.051e+01, nu_p50=7.760e+02, nu_p95=7.760e+02, nu_p99=7.760e+02, interior_frac=0.809
[Frame   81] mode=DIR  iters=    785, x_range=7.038e-01, y_range=4.022e-01
    nu_min=7.726e+00, nu_max=7.850e+02, nu_mean=6.422e+02, nu_std=2.957e+02
    nu_p05=1.072e+01, nu_p50=7.850e+02, nu_p95=7.850e+02, nu_p99=7.850e+02, interior_frac=0.809
[Frame   82] mode=DIR  iters=    794, x_range=6.900e-01, y_range=3.943e-01
    nu_min=7.803e+00, nu_max=7.940e+02, nu_mean=6.501e+02, nu_std=2.986e+02
    nu_p05=1.091e+01, nu_p50=7.940e+02, nu_p95=7.940e+02, nu_p99=7.940e+02, interior_frac=0.810
[Frame   83] mode=DIR  iters=    804, x_range=6.765e-01, y_range=3.866e-01
    nu_min=7.820e+00, nu_max=8.040e+02, nu_mean=6.590e+02, nu_std=3.017e+02
    nu_p05=1.113e+01, nu_p50=8.040e+02, nu_p95=8.040e+02, nu_p99=8.040e+02, interior_frac=0.811
[Frame   84] mode=DIR  iters=    813, x_range=6.632e-01, y_range=3.790e-01
    nu_min=7.922e+00, nu_max=8.130e+02, nu_mean=6.675e+02, nu_std=3.042e+02
    nu_p05=1.137e+01, nu_p50=8.130e+02, nu_p95=8.130e+02, nu_p99=8.130e+02, interior_frac=0.812
[Frame   85] mode=DIR  iters=    823, x_range=6.502e-01, y_range=3.715e-01
    nu_min=8.023e+00, nu_max=8.230e+02, nu_mean=6.771e+02, nu_std=3.067e+02
    nu_p05=1.159e+01, nu_p50=8.230e+02, nu_p95=8.230e+02, nu_p99=8.230e+02, interior_frac=0.814
[Frame   86] mode=DIR  iters=    833, x_range=6.375e-01, y_range=3.643e-01
    nu_min=8.124e+00, nu_max=8.330e+02, nu_mean=6.868e+02, nu_std=3.091e+02
    nu_p05=1.182e+01, nu_p50=8.330e+02, nu_p95=8.330e+02, nu_p99=8.330e+02, interior_frac=0.815
[Frame   87] mode=DIR  iters=    843, x_range=6.250e-01, y_range=3.571e-01
    nu_min=8.225e+00, nu_max=8.430e+02, nu_mean=6.964e+02, nu_std=3.116e+02
    nu_p05=1.198e+01, nu_p50=8.430e+02, nu_p95=8.430e+02, nu_p99=8.430e+02, interior_frac=0.817
[Frame   88] mode=DIR  iters=    853, x_range=6.127e-01, y_range=3.501e-01
    nu_min=8.325e+00, nu_max=8.530e+02, nu_mean=7.060e+02, nu_std=3.141e+02
    nu_p05=1.225e+01, nu_p50=8.530e+02, nu_p95=8.530e+02, nu_p99=8.530e+02, interior_frac=0.819
[Frame   89] mode=DIR  iters=    863, x_range=6.007e-01, y_range=3.433e-01
    nu_min=8.424e+00, nu_max=8.630e+02, nu_mean=7.155e+02, nu_std=3.167e+02
    nu_p05=1.247e+01, nu_p50=8.630e+02, nu_p95=8.630e+02, nu_p99=8.630e+02, interior_frac=0.820
[Frame   90] mode=DIR  iters=    874, x_range=5.889e-01, y_range=3.365e-01
    nu_min=8.523e+00, nu_max=8.740e+02, nu_mean=7.258e+02, nu_std=3.196e+02
    nu_p05=1.267e+01, nu_p50=8.740e+02, nu_p95=8.740e+02, nu_p99=8.740e+02, interior_frac=0.821
[Frame   91] mode=DIR  iters=    884, x_range=5.774e-01, y_range=3.299e-01
    nu_min=8.621e+00, nu_max=8.840e+02, nu_mean=7.353e+02, nu_std=3.222e+02
    nu_p05=1.286e+01, nu_p50=8.840e+02, nu_p95=8.840e+02, nu_p99=8.840e+02, interior_frac=0.823
[Frame   92] mode=DIR  iters=    895, x_range=5.660e-01, y_range=3.235e-01
    nu_min=8.719e+00, nu_max=8.950e+02, nu_mean=7.455e+02, nu_std=3.253e+02
    nu_p05=1.300e+01, nu_p50=8.950e+02, nu_p95=8.950e+02, nu_p99=8.950e+02, interior_frac=0.824
[Frame   93] mode=DIR  iters=    905, x_range=5.549e-01, y_range=3.171e-01
    nu_min=8.816e+00, nu_max=9.050e+02, nu_mean=7.547e+02, nu_std=3.281e+02
    nu_p05=1.327e+01, nu_p50=9.050e+02, nu_p95=9.050e+02, nu_p99=9.050e+02, interior_frac=0.825
[Frame   94] mode=DIR  iters=    916, x_range=5.441e-01, y_range=3.109e-01
    nu_min=8.913e+00, nu_max=9.160e+02, nu_mean=7.649e+02, nu_std=3.312e+02
    nu_p05=1.342e+01, nu_p50=9.160e+02, nu_p95=9.160e+02, nu_p99=9.160e+02, interior_frac=0.826
[Frame   95] mode=DIR  iters=    927, x_range=5.334e-01, y_range=3.048e-01
    nu_min=9.211e+00, nu_max=9.270e+02, nu_mean=7.750e+02, nu_std=3.343e+02
    nu_p05=1.355e+01, nu_p50=9.270e+02, nu_p95=9.270e+02, nu_p99=9.270e+02, interior_frac=0.827
[Frame   96] mode=DIR  iters=    938, x_range=5.229e-01, y_range=2.988e-01
    nu_min=9.337e+00, nu_max=9.380e+02, nu_mean=7.850e+02, nu_std=3.376e+02
    nu_p05=1.367e+01, nu_p50=9.380e+02, nu_p95=9.380e+02, nu_p99=9.380e+02, interior_frac=0.828
[Frame   97] mode=DIR  iters=    949, x_range=5.127e-01, y_range=2.930e-01
    nu_min=9.466e+00, nu_max=9.490e+02, nu_mean=7.945e+02, nu_std=3.412e+02
    nu_p05=1.379e+01, nu_p50=9.490e+02, nu_p95=9.490e+02, nu_p99=9.490e+02, interior_frac=0.828
[Frame   98] mode=DIR  iters=    961, x_range=5.026e-01, y_range=2.872e-01
    nu_min=9.598e+00, nu_max=9.610e+02, nu_mean=8.050e+02, nu_std=3.452e+02
    nu_p05=1.389e+01, nu_p50=9.610e+02, nu_p95=9.610e+02, nu_p99=9.610e+02, interior_frac=0.828
[Frame   99] mode=DIR  iters=    972, x_range=4.928e-01, y_range=2.816e-01
    nu_min=9.734e+00, nu_max=9.720e+02, nu_mean=8.143e+02, nu_std=3.490e+02
    nu_p05=1.398e+01, nu_p50=9.720e+02, nu_p95=9.720e+02, nu_p99=9.720e+02, interior_frac=0.829
[Frame  100] mode=DIR  iters=    984, x_range=4.831e-01, y_range=2.761e-01
    nu_min=9.812e+00, nu_max=9.840e+02, nu_mean=8.243e+02, nu_std=3.534e+02
    nu_p05=1.415e+01, nu_p50=9.840e+02, nu_p95=9.840e+02, nu_p99=9.840e+02, interior_frac=0.829
[Frame  101] mode=DIR  iters=    996, x_range=4.736e-01, y_range=2.707e-01
    nu_min=9.826e+00, nu_max=9.960e+02, nu_mean=8.340e+02, nu_std=3.581e+02
    nu_p05=1.428e+01, nu_p50=9.960e+02, nu_p95=9.960e+02, nu_p99=9.960e+02, interior_frac=0.828
[Frame  102] mode=DIR  iters=   1007, x_range=4.644e-01, y_range=2.653e-01
    nu_min=9.933e+00, nu_max=1.007e+03, nu_mean=8.426e+02, nu_std=3.625e+02
    nu_p05=1.439e+01, nu_p50=1.007e+03, nu_p95=1.007e+03, nu_p99=1.007e+03, interior_frac=0.827
[Frame  103] mode=DIR  iters=   1020, x_range=4.553e-01, y_range=2.601e-01
    nu_min=1.004e+01, nu_max=1.020e+03, nu_mean=8.530e+02, nu_std=3.676e+02
    nu_p05=1.449e+01, nu_p50=1.020e+03, nu_p95=1.020e+03, nu_p99=1.020e+03, interior_frac=0.827
[Frame  104] mode=DIR  iters=   1032, x_range=4.463e-01, y_range=2.550e-01
    nu_min=1.014e+01, nu_max=1.032e+03, nu_mean=8.625e+02, nu_std=3.722e+02
    nu_p05=1.458e+01, nu_p50=1.032e+03, nu_p95=1.032e+03, nu_p99=1.032e+03, interior_frac=0.826
[Frame  105] mode=DIR  iters=   1044, x_range=4.376e-01, y_range=2.500e-01
    nu_min=1.025e+01, nu_max=1.044e+03, nu_mean=8.722e+02, nu_std=3.769e+02
    nu_p05=1.467e+01, nu_p50=1.044e+03, nu_p95=1.044e+03, nu_p99=1.044e+03, interior_frac=0.826
[Frame  106] mode=DIR  iters=   1057, x_range=4.290e-01, y_range=2.451e-01
    nu_min=1.035e+01, nu_max=1.057e+03, nu_mean=8.827e+02, nu_std=3.819e+02
    nu_p05=1.477e+01, nu_p50=1.057e+03, nu_p95=1.057e+03, nu_p99=1.057e+03, interior_frac=0.825
[Frame  107] mode=DIR  iters=   1069, x_range=4.206e-01, y_range=2.403e-01
    nu_min=1.046e+01, nu_max=1.069e+03, nu_mean=8.924e+02, nu_std=3.866e+02
    nu_p05=1.486e+01, nu_p50=1.069e+03, nu_p95=1.069e+03, nu_p99=1.069e+03, interior_frac=0.825
[Frame  108] mode=DIR  iters=   1082, x_range=4.123e-01, y_range=2.356e-01
    nu_min=1.056e+01, nu_max=1.082e+03, nu_mean=9.028e+02, nu_std=3.916e+02
    nu_p05=1.494e+01, nu_p50=1.082e+03, nu_p95=1.082e+03, nu_p99=1.082e+03, interior_frac=0.825
[Frame  109] mode=DIR  iters=   1095, x_range=4.042e-01, y_range=2.310e-01
    nu_min=1.066e+01, nu_max=1.095e+03, nu_mean=9.131e+02, nu_std=3.969e+02
    nu_p05=1.503e+01, nu_p50=1.095e+03, nu_p95=1.095e+03, nu_p99=1.095e+03, interior_frac=0.824
[Frame  110] mode=DIR  iters=   1108, x_range=3.963e-01, y_range=2.265e-01
    nu_min=1.077e+01, nu_max=1.108e+03, nu_mean=9.229e+02, nu_std=4.025e+02
    nu_p05=1.518e+01, nu_p50=1.108e+03, nu_p95=1.108e+03, nu_p99=1.108e+03, interior_frac=0.823
[Frame  111] mode=DIR  iters=   1121, x_range=3.886e-01, y_range=2.220e-01
    nu_min=1.087e+01, nu_max=1.121e+03, nu_mean=9.324e+02, nu_std=4.084e+02
    nu_p05=1.528e+01, nu_p50=1.121e+03, nu_p95=1.121e+03, nu_p99=1.121e+03, interior_frac=0.822
[Frame  112] mode=DIR  iters=   1135, x_range=3.809e-01, y_range=2.177e-01
    nu_min=1.097e+01, nu_max=1.135e+03, nu_mean=9.427e+02, nu_std=4.148e+02
    nu_p05=1.537e+01, nu_p50=1.135e+03, nu_p95=1.135e+03, nu_p99=1.135e+03, interior_frac=0.821
[Frame  113] mode=DIR  iters=   1148, x_range=3.735e-01, y_range=2.134e-01
    nu_min=1.123e+01, nu_max=1.148e+03, nu_mean=9.517e+02, nu_std=4.210e+02
    nu_p05=1.546e+01, nu_p50=1.148e+03, nu_p95=1.148e+03, nu_p99=1.148e+03, interior_frac=0.819
[Frame  114] mode=DIR  iters=   1162, x_range=3.661e-01, y_range=2.092e-01
    nu_min=1.135e+01, nu_max=1.162e+03, nu_mean=9.614e+02, nu_std=4.278e+02
    nu_p05=1.554e+01, nu_p50=1.162e+03, nu_p95=1.162e+03, nu_p99=1.162e+03, interior_frac=0.818
[Frame  115] mode=DIR  iters=   1176, x_range=3.590e-01, y_range=2.051e-01
    nu_min=1.148e+01, nu_max=1.176e+03, nu_mean=9.708e+02, nu_std=4.348e+02
    nu_p05=1.563e+01, nu_p50=1.176e+03, nu_p95=1.176e+03, nu_p99=1.176e+03, interior_frac=0.816
[Frame  116] mode=DIR  iters=   1190, x_range=3.519e-01, y_range=2.011e-01
    nu_min=1.161e+01, nu_max=1.190e+03, nu_mean=9.803e+02, nu_std=4.417e+02
    nu_p05=1.572e+01, nu_p50=1.190e+03, nu_p95=1.190e+03, nu_p99=1.190e+03, interior_frac=0.814
[Frame  117] mode=DIR  iters=   1204, x_range=3.450e-01, y_range=1.972e-01
    nu_min=1.174e+01, nu_max=1.204e+03, nu_mean=9.898e+02, nu_std=4.486e+02
    nu_p05=1.578e+01, nu_p50=1.204e+03, nu_p95=1.204e+03, nu_p99=1.204e+03, interior_frac=0.812
[Frame  118] mode=DIR  iters=   1219, x_range=3.383e-01, y_range=1.933e-01
    nu_min=1.182e+01, nu_max=1.219e+03, nu_mean=9.999e+02, nu_std=4.561e+02
    nu_p05=1.582e+01, nu_p50=1.219e+03, nu_p95=1.219e+03, nu_p99=1.219e+03, interior_frac=0.810
[Frame  119] mode=DIR  iters=   1233, x_range=3.316e-01, y_range=1.895e-01
    nu_min=1.183e+01, nu_max=1.233e+03, nu_mean=1.009e+03, nu_std=4.632e+02
    nu_p05=1.587e+01, nu_p50=1.233e+03, nu_p95=1.233e+03, nu_p99=1.233e+03, interior_frac=0.808
[Frame  120] mode=DIR  iters=   1248, x_range=3.251e-01, y_range=1.858e-01
    nu_min=1.193e+01, nu_max=1.248e+03, nu_mean=1.019e+03, nu_std=4.710e+02
    nu_p05=1.591e+01, nu_p50=1.248e+03, nu_p95=1.248e+03, nu_p99=1.248e+03, interior_frac=0.806
[Frame  121] mode=DIR  iters=   1263, x_range=3.187e-01, y_range=1.821e-01
    nu_min=1.204e+01, nu_max=1.263e+03, nu_mean=1.028e+03, nu_std=4.788e+02
    nu_p05=1.595e+01, nu_p50=1.263e+03, nu_p95=1.263e+03, nu_p99=1.263e+03, interior_frac=0.804
[Frame  122] mode=DIR  iters=   1278, x_range=3.125e-01, y_range=1.786e-01
    nu_min=1.214e+01, nu_max=1.278e+03, nu_mean=1.038e+03, nu_std=4.867e+02
    nu_p05=1.599e+01, nu_p50=1.278e+03, nu_p95=1.278e+03, nu_p99=1.278e+03, interior_frac=0.802
[Frame  123] mode=DIR  iters=   1293, x_range=3.064e-01, y_range=1.751e-01
    nu_min=1.224e+01, nu_max=1.293e+03, nu_mean=1.047e+03, nu_std=4.949e+02
    nu_p05=1.610e+01, nu_p50=1.293e+03, nu_p95=1.293e+03, nu_p99=1.293e+03, interior_frac=0.799
[Frame  124] mode=DIR  iters=   1309, x_range=3.004e-01, y_range=1.716e-01
    nu_min=1.234e+01, nu_max=1.309e+03, nu_mean=1.056e+03, nu_std=5.035e+02
    nu_p05=1.620e+01, nu_p50=1.309e+03, nu_p95=1.309e+03, nu_p99=1.309e+03, interior_frac=0.797
[Frame  125] mode=DIR  iters=   1324, x_range=2.945e-01, y_range=1.683e-01
    nu_min=1.245e+01, nu_max=1.324e+03, nu_mean=1.065e+03, nu_std=5.120e+02
    nu_p05=1.628e+01, nu_p50=1.324e+03, nu_p95=1.324e+03, nu_p99=1.324e+03, interior_frac=0.794
[Frame  126] mode=DIR  iters=   1340, x_range=2.887e-01, y_range=1.650e-01
    nu_min=1.255e+01, nu_max=1.340e+03, nu_mean=1.074e+03, nu_std=5.209e+02
    nu_p05=1.636e+01, nu_p50=1.340e+03, nu_p95=1.340e+03, nu_p99=1.340e+03, interior_frac=0.791
[Frame  127] mode=DIR  iters=   1356, x_range=2.830e-01, y_range=1.617e-01
    nu_min=1.265e+01, nu_max=1.356e+03, nu_mean=1.083e+03, nu_std=5.297e+02
    nu_p05=1.643e+01, nu_p50=1.356e+03, nu_p95=1.356e+03, nu_p99=1.356e+03, interior_frac=0.788
[Frame  128] mode=DIR  iters=   1372, x_range=2.775e-01, y_range=1.586e-01
    nu_min=1.274e+01, nu_max=1.372e+03, nu_mean=1.092e+03, nu_std=5.385e+02
    nu_p05=1.651e+01, nu_p50=1.372e+03, nu_p95=1.372e+03, nu_p99=1.372e+03, interior_frac=0.785
[Frame  129] mode=DIR  iters=   1389, x_range=2.720e-01, y_range=1.555e-01
    nu_min=1.284e+01, nu_max=1.389e+03, nu_mean=1.102e+03, nu_std=5.478e+02
    nu_p05=1.658e+01, nu_p50=1.389e+03, nu_p95=1.389e+03, nu_p99=1.389e+03, interior_frac=0.783
[Frame  130] mode=DIR  iters=   1405, x_range=2.667e-01, y_range=1.524e-01
    nu_min=1.294e+01, nu_max=1.405e+03, nu_mean=1.111e+03, nu_std=5.567e+02
    nu_p05=1.665e+01, nu_p50=1.405e+03, nu_p95=1.405e+03, nu_p99=1.405e+03, interior_frac=0.780
[Frame  131] mode=DIR  iters=   1422, x_range=2.615e-01, y_range=1.494e-01
    nu_min=1.315e+01, nu_max=1.422e+03, nu_mean=1.120e+03, nu_std=5.664e+02
    nu_p05=1.672e+01, nu_p50=1.422e+03, nu_p95=1.422e+03, nu_p99=1.422e+03, interior_frac=0.777
[Frame  132] mode=DIR  iters=   1439, x_range=2.564e-01, y_range=1.465e-01
    nu_min=1.327e+01, nu_max=1.439e+03, nu_mean=1.129e+03, nu_std=5.764e+02
    nu_p05=1.678e+01, nu_p50=1.439e+03, nu_p95=1.439e+03, nu_p99=1.439e+03, interior_frac=0.774
[Frame  133] mode=DIR  iters=   1456, x_range=2.513e-01, y_range=1.436e-01
    nu_min=1.338e+01, nu_max=1.456e+03, nu_mean=1.138e+03, nu_std=5.865e+02
    nu_p05=1.683e+01, nu_p50=1.456e+03, nu_p95=1.456e+03, nu_p99=1.456e+03, interior_frac=0.770
[Frame  134] mode=DIR  iters=   1474, x_range=2.464e-01, y_range=1.408e-01
    nu_min=1.349e+01, nu_max=1.474e+03, nu_mean=1.146e+03, nu_std=5.973e+02
    nu_p05=1.686e+01, nu_p50=1.474e+03, nu_p95=1.474e+03, nu_p99=1.474e+03, interior_frac=0.766
[Frame  135] mode=DIR  iters=   1491, x_range=2.416e-01, y_range=1.380e-01
    nu_min=1.361e+01, nu_max=1.491e+03, nu_mean=1.154e+03, nu_std=6.078e+02
    nu_p05=1.688e+01, nu_p50=1.491e+03, nu_p95=1.491e+03, nu_p99=1.491e+03, interior_frac=0.763
[Frame  136] mode=DIR  iters=   1509, x_range=2.368e-01, y_range=1.353e-01
    nu_min=1.373e+01, nu_max=1.509e+03, nu_mean=1.163e+03, nu_std=6.187e+02
    nu_p05=1.691e+01, nu_p50=1.509e+03, nu_p95=1.509e+03, nu_p99=1.509e+03, interior_frac=0.759
[Frame  137] mode=DIR  iters=   1527, x_range=2.322e-01, y_range=1.327e-01
    nu_min=1.382e+01, nu_max=1.527e+03, nu_mean=1.170e+03, nu_std=6.299e+02
    nu_p05=1.694e+01, nu_p50=1.527e+03, nu_p95=1.527e+03, nu_p99=1.527e+03, interior_frac=0.755
[Frame  138] mode=DIR  iters=   1546, x_range=2.276e-01, y_range=1.301e-01
    nu_min=1.382e+01, nu_max=1.546e+03, nu_mean=1.179e+03, nu_std=6.416e+02
    nu_p05=1.697e+01, nu_p50=1.546e+03, nu_p95=1.546e+03, nu_p99=1.546e+03, interior_frac=0.751
[Frame  139] mode=DIR  iters=   1564, x_range=2.232e-01, y_range=1.275e-01
    nu_min=1.391e+01, nu_max=1.564e+03, nu_mean=1.187e+03, nu_std=6.526e+02
    nu_p05=1.699e+01, nu_p50=1.564e+03, nu_p95=1.564e+03, nu_p99=1.564e+03, interior_frac=0.747
[Frame  140] mode=DIR  iters=   1583, x_range=2.188e-01, y_range=1.250e-01
    nu_min=1.400e+01, nu_max=1.583e+03, nu_mean=1.194e+03, nu_std=6.644e+02
    nu_p05=1.706e+01, nu_p50=1.583e+03, nu_p95=1.583e+03, nu_p99=1.583e+03, interior_frac=0.742
[Frame  141] mode=DIR  iters=   1602, x_range=2.145e-01, y_range=1.226e-01
    nu_min=1.409e+01, nu_max=1.602e+03, nu_mean=1.202e+03, nu_std=6.761e+02
    nu_p05=1.714e+01, nu_p50=1.602e+03, nu_p95=1.602e+03, nu_p99=1.602e+03, interior_frac=0.738
[Frame  142] mode=DIR  iters=   1621, x_range=2.103e-01, y_range=1.202e-01
    nu_min=1.419e+01, nu_max=1.621e+03, nu_mean=1.209e+03, nu_std=6.879e+02
    nu_p05=1.721e+01, nu_p50=1.621e+03, nu_p95=1.621e+03, nu_p99=1.621e+03, interior_frac=0.734
[Frame  143] mode=DIR  iters=   1640, x_range=2.062e-01, y_range=1.178e-01
    nu_min=1.428e+01, nu_max=1.640e+03, nu_mean=1.216e+03, nu_std=6.997e+02
    nu_p05=1.727e+01, nu_p50=1.640e+03, nu_p95=1.640e+03, nu_p99=1.640e+03, interior_frac=0.729
[Frame  144] mode=DIR  iters=   1660, x_range=2.021e-01, y_range=1.155e-01
    nu_min=1.437e+01, nu_max=1.660e+03, nu_mean=1.224e+03, nu_std=7.119e+02
    nu_p05=1.733e+01, nu_p50=1.660e+03, nu_p95=1.660e+03, nu_p99=1.660e+03, interior_frac=0.725
[Frame  145] mode=DIR  iters=   1680, x_range=1.982e-01, y_range=1.132e-01
    nu_min=1.446e+01, nu_max=1.680e+03, nu_mean=1.232e+03, nu_std=7.242e+02
    nu_p05=1.739e+01, nu_p50=1.680e+03, nu_p95=1.680e+03, nu_p99=1.680e+03, interior_frac=0.720
[Frame  146] mode=DIR  iters=   1700, x_range=1.943e-01, y_range=1.110e-01
    nu_min=1.455e+01, nu_max=1.700e+03, nu_mean=1.239e+03, nu_std=7.365e+02
    nu_p05=1.744e+01, nu_p50=1.700e+03, nu_p95=1.700e+03, nu_p99=1.700e+03, interior_frac=0.716
[Frame  147] mode=DIR  iters=   1720, x_range=1.905e-01, y_range=1.088e-01
    nu_min=1.464e+01, nu_max=1.720e+03, nu_mean=1.246e+03, nu_std=7.488e+02
    nu_p05=1.750e+01, nu_p50=1.720e+03, nu_p95=1.720e+03, nu_p99=1.720e+03, interior_frac=0.711
[Frame  148] mode=DIR  iters=   1741, x_range=1.867e-01, y_range=1.067e-01
    nu_min=1.473e+01, nu_max=1.741e+03, nu_mean=1.254e+03, nu_std=7.618e+02
    nu_p05=1.756e+01, nu_p50=1.741e+03, nu_p95=1.741e+03, nu_p99=1.741e+03, interior_frac=0.707
[Frame  149] mode=DIR  iters=   1761, x_range=1.831e-01, y_range=1.046e-01
    nu_min=1.481e+01, nu_max=1.761e+03, nu_mean=1.260e+03, nu_std=7.745e+02
    nu_p05=1.762e+01, nu_p50=1.761e+03, nu_p95=1.761e+03, nu_p99=1.761e+03, interior_frac=0.702
[Frame  150] mode=DIR  iters=   1782, x_range=1.795e-01, y_range=1.026e-01
    nu_min=1.490e+01, nu_max=1.782e+03, nu_mean=1.266e+03, nu_std=7.877e+02
    nu_p05=1.767e+01, nu_p50=1.782e+03, nu_p95=1.782e+03, nu_p99=1.782e+03, interior_frac=0.697
[Frame  151] mode=DIR  iters=   1804, x_range=1.760e-01, y_range=1.006e-01
    nu_min=1.499e+01, nu_max=1.804e+03, nu_mean=1.273e+03, nu_std=8.015e+02
    nu_p05=1.772e+01, nu_p50=1.804e+03, nu_p95=1.804e+03, nu_p99=1.804e+03, interior_frac=0.692
[Frame  152] mode=DIR  iters=   1825, x_range=1.725e-01, y_range=9.858e-02
    nu_min=1.516e+01, nu_max=1.825e+03, nu_mean=1.278e+03, nu_std=8.151e+02
    nu_p05=1.776e+01, nu_p50=1.825e+03, nu_p95=1.825e+03, nu_p99=1.825e+03, interior_frac=0.686
[Frame  153] mode=DIR  iters=   1847, x_range=1.691e-01, y_range=9.665e-02
    nu_min=1.526e+01, nu_max=1.847e+03, nu_mean=1.283e+03, nu_std=8.290e+02
    nu_p05=1.780e+01, nu_p50=1.847e+03, nu_p95=1.847e+03, nu_p99=1.847e+03, interior_frac=0.681
[Frame  154] mode=DIR  iters=   1869, x_range=1.658e-01, y_range=9.476e-02
    nu_min=1.536e+01, nu_max=1.869e+03, nu_mean=1.288e+03, nu_std=8.434e+02
    nu_p05=1.783e+01, nu_p50=1.869e+03, nu_p95=1.869e+03, nu_p99=1.869e+03, interior_frac=0.675
[Frame  155] mode=DIR  iters=   1892, x_range=1.626e-01, y_range=9.290e-02
    nu_min=1.545e+01, nu_max=1.892e+03, nu_mean=1.292e+03, nu_std=8.584e+02
    nu_p05=1.786e+01, nu_p50=1.892e+03, nu_p95=1.892e+03, nu_p99=1.892e+03, interior_frac=0.669
[Frame  156] mode=DIR  iters=   1914, x_range=1.594e-01, y_range=9.108e-02
    nu_min=1.555e+01, nu_max=1.914e+03, nu_mean=1.295e+03, nu_std=8.730e+02
    nu_p05=1.788e+01, nu_p50=1.914e+03, nu_p95=1.914e+03, nu_p99=1.914e+03, interior_frac=0.662
[Frame  157] mode=DIR  iters=   1937, x_range=1.563e-01, y_range=8.929e-02
    nu_min=1.565e+01, nu_max=1.937e+03, nu_mean=1.298e+03, nu_std=8.880e+02
    nu_p05=1.790e+01, nu_p50=1.937e+03, nu_p95=1.937e+03, nu_p99=1.937e+03, interior_frac=0.656
[Frame  158] mode=DIR  iters=   1960, x_range=1.532e-01, y_range=8.754e-02
    nu_min=1.574e+01, nu_max=1.960e+03, nu_mean=1.300e+03, nu_std=9.029e+02
    nu_p05=1.793e+01, nu_p50=1.960e+03, nu_p95=1.960e+03, nu_p99=1.960e+03, interior_frac=0.649
[Frame  159] mode=DIR  iters=   1984, x_range=1.502e-01, y_range=8.582e-02
    nu_min=1.582e+01, nu_max=1.984e+03, nu_mean=1.303e+03, nu_std=9.182e+02
    nu_p05=1.795e+01, nu_p50=1.984e+03, nu_p95=1.984e+03, nu_p99=1.984e+03, interior_frac=0.642
[Frame  160] mode=DIR  iters=   2007, x_range=1.472e-01, y_range=8.414e-02
    nu_min=1.582e+01, nu_max=2.007e+03, nu_mean=1.305e+03, nu_std=9.329e+02
    nu_p05=1.798e+01, nu_p50=2.007e+03, nu_p95=2.007e+03, nu_p99=2.007e+03, interior_frac=0.636
[Frame  161] mode=DIR  iters=   2031, x_range=1.444e-01, y_range=8.249e-02
    nu_min=1.587e+01, nu_max=2.031e+03, nu_mean=1.307e+03, nu_std=9.480e+02
    nu_p05=1.800e+01, nu_p50=2.031e+03, nu_p95=2.031e+03, nu_p99=2.031e+03, interior_frac=0.629
[Frame  162] mode=DIR  iters=   2056, x_range=1.415e-01, y_range=8.087e-02
    nu_min=1.595e+01, nu_max=2.056e+03, nu_mean=1.309e+03, nu_std=9.635e+02
    nu_p05=1.806e+01, nu_p50=2.056e+03, nu_p95=2.056e+03, nu_p99=2.056e+03, interior_frac=0.622
[Frame  163] mode=DIR  iters=   2080, x_range=1.388e-01, y_range=7.929e-02
    nu_min=1.603e+01, nu_max=2.080e+03, nu_mean=1.310e+03, nu_std=9.785e+02
    nu_p05=1.812e+01, nu_p50=2.080e+03, nu_p95=2.080e+03, nu_p99=2.080e+03, interior_frac=0.615
[Frame  164] mode=DIR  iters=   2105, x_range=1.360e-01, y_range=7.773e-02
    nu_min=1.611e+01, nu_max=2.105e+03, nu_mean=1.312e+03, nu_std=9.937e+02
    nu_p05=1.817e+01, nu_p50=2.105e+03, nu_p95=2.105e+03, nu_p99=2.105e+03, interior_frac=0.608
[Frame  165] mode=DIR  iters=   2130, x_range=1.334e-01, y_range=7.621e-02
    nu_min=1.618e+01, nu_max=2.130e+03, nu_mean=1.313e+03, nu_std=1.009e+03
    nu_p05=1.822e+01, nu_p50=2.130e+03, nu_p95=2.130e+03, nu_p99=2.130e+03, interior_frac=0.601
[Frame  166] mode=DIR  iters=   2156, x_range=1.307e-01, y_range=7.471e-02
    nu_min=1.626e+01, nu_max=2.156e+03, nu_mean=1.315e+03, nu_std=1.024e+03
    nu_p05=1.826e+01, nu_p50=2.156e+03, nu_p95=2.156e+03, nu_p99=2.156e+03, interior_frac=0.594
[Frame  167] mode=DIR  iters=   2182, x_range=1.282e-01, y_range=7.325e-02
    nu_min=1.633e+01, nu_max=2.182e+03, nu_mean=1.315e+03, nu_std=1.040e+03
    nu_p05=1.830e+01, nu_p50=2.182e+03, nu_p95=2.182e+03, nu_p99=2.182e+03, interior_frac=0.587
[Frame  168] mode=DIR  iters=   2208, x_range=1.257e-01, y_range=7.181e-02
    nu_min=1.640e+01, nu_max=2.208e+03, nu_mean=1.315e+03, nu_std=1.055e+03
    nu_p05=1.835e+01, nu_p50=2.208e+03, nu_p95=2.208e+03, nu_p99=2.208e+03, interior_frac=0.579
[Frame  169] mode=DIR  iters=   2234, x_range=1.232e-01, y_range=7.040e-02
    nu_min=1.648e+01, nu_max=2.234e+03, nu_mean=1.313e+03, nu_std=1.070e+03
    nu_p05=1.839e+01, nu_p50=2.234e+03, nu_p95=2.234e+03, nu_p99=2.234e+03, interior_frac=0.571
[Frame  170] mode=DIR  iters=   2261, x_range=1.208e-01, y_range=6.902e-02
    nu_min=1.655e+01, nu_max=2.261e+03, nu_mean=1.312e+03, nu_std=1.086e+03
    nu_p05=1.843e+01, nu_p50=2.261e+03, nu_p95=2.261e+03, nu_p99=2.261e+03, interior_frac=0.563
[Frame  171] mode=DIR  iters=   2288, x_range=1.184e-01, y_range=6.767e-02
    nu_min=1.662e+01, nu_max=2.288e+03, nu_mean=1.309e+03, nu_std=1.101e+03
    nu_p05=1.848e+01, nu_p50=2.288e+03, nu_p95=2.288e+03, nu_p99=2.288e+03, interior_frac=0.555
[Frame  172] mode=DIR  iters=   2315, x_range=1.161e-01, y_range=6.634e-02
    nu_min=1.669e+01, nu_max=2.315e+03, nu_mean=1.306e+03, nu_std=1.117e+03
    nu_p05=1.852e+01, nu_p50=2.315e+03, nu_p95=2.315e+03, nu_p99=2.315e+03, interior_frac=0.547
[Frame  173] mode=DIR  iters=   2343, x_range=1.138e-01, y_range=6.504e-02
    nu_min=1.676e+01, nu_max=2.343e+03, nu_mean=1.303e+03, nu_std=1.132e+03
    nu_p05=1.855e+01, nu_p50=2.343e+03, nu_p95=2.343e+03, nu_p99=2.343e+03, interior_frac=0.539
[Frame  174] mode=DIR  iters=   2371, x_range=1.116e-01, y_range=6.377e-02
    nu_min=1.682e+01, nu_max=2.371e+03, nu_mean=1.299e+03, nu_std=1.148e+03
    nu_p05=1.859e+01, nu_p50=2.371e+03, nu_p95=2.371e+03, nu_p99=2.371e+03, interior_frac=0.531
[Frame  175] mode=DIR  iters=   2399, x_range=1.094e-01, y_range=6.252e-02
    nu_min=1.689e+01, nu_max=2.399e+03, nu_mean=1.295e+03, nu_std=1.163e+03
    nu_p05=1.863e+01, nu_p50=2.399e+03, nu_p95=2.399e+03, nu_p99=2.399e+03, interior_frac=0.522
[Frame  176] mode=DIR  iters=   2428, x_range=1.073e-01, y_range=6.129e-02
    nu_min=1.696e+01, nu_max=2.428e+03, nu_mean=1.290e+03, nu_std=1.178e+03
    nu_p05=1.866e+01, nu_p50=2.428e+03, nu_p95=2.428e+03, nu_p99=2.428e+03, interior_frac=0.514
[Frame  177] mode=DIR  iters=   2457, x_range=1.052e-01, y_range=6.009e-02
    nu_min=1.709e+01, nu_max=2.457e+03, nu_mean=1.283e+03, nu_std=1.193e+03
    nu_p05=1.870e+01, nu_p50=2.457e+03, nu_p95=2.457e+03, nu_p99=2.457e+03, interior_frac=0.504
[Frame  178] mode=DIR  iters=   2486, x_range=1.031e-01, y_range=5.891e-02
    nu_min=1.716e+01, nu_max=2.486e+03, nu_mean=1.275e+03, nu_std=1.208e+03
    nu_p05=1.873e+01, nu_p50=1.100e+03, nu_p95=2.486e+03, nu_p99=2.486e+03, interior_frac=0.495
[Frame  179] mode=DIR  iters=   2516, x_range=1.011e-01, y_range=5.776e-02
    nu_min=1.723e+01, nu_max=2.516e+03, nu_mean=1.266e+03, nu_std=1.222e+03
    nu_p05=1.876e+01, nu_p50=5.429e+02, nu_p95=2.516e+03, nu_p99=2.516e+03, interior_frac=0.485
[Frame  180] mode=DIR  iters=   2546, x_range=9.909e-02, y_range=5.662e-02
    nu_min=1.731e+01, nu_max=2.546e+03, nu_mean=1.253e+03, nu_std=1.236e+03
    nu_p05=1.879e+01, nu_p50=3.559e+02, nu_p95=2.546e+03, nu_p99=2.546e+03, interior_frac=0.474
[Frame  181] mode=DIR  iters=   2576, x_range=9.715e-02, y_range=5.551e-02
    nu_min=1.738e+01, nu_max=2.576e+03, nu_mean=1.239e+03, nu_std=1.250e+03
    nu_p05=1.882e+01, nu_p50=2.610e+02, nu_p95=2.576e+03, nu_p99=2.576e+03, interior_frac=0.463
[Frame  182] mode=DIR  iters=   2607, x_range=9.524e-02, y_range=5.443e-02
    nu_min=1.745e+01, nu_max=2.607e+03, nu_mean=1.225e+03, nu_std=1.263e+03
    nu_p05=1.885e+01, nu_p50=2.041e+02, nu_p95=2.607e+03, nu_p99=2.607e+03, interior_frac=0.451
[Frame  183] mode=DIR  iters=   2638, x_range=9.338e-02, y_range=5.336e-02
    nu_min=1.752e+01, nu_max=2.638e+03, nu_mean=1.209e+03, nu_std=1.275e+03
    nu_p05=1.887e+01, nu_p50=1.663e+02, nu_p95=2.638e+03, nu_p99=2.638e+03, interior_frac=0.440
[Frame  184] mode=DIR  iters=   2670, x_range=9.155e-02, y_range=5.231e-02
    nu_min=1.759e+01, nu_max=2.670e+03, nu_mean=1.193e+03, nu_std=1.287e+03
    nu_p05=1.889e+01, nu_p50=1.395e+02, nu_p95=2.670e+03, nu_p99=2.670e+03, interior_frac=0.428
[Frame  185] mode=DIR  iters=   2702, x_range=8.975e-02, y_range=5.129e-02
    nu_min=1.766e+01, nu_max=2.702e+03, nu_mean=1.177e+03, nu_std=1.298e+03
    nu_p05=1.891e+01, nu_p50=1.198e+02, nu_p95=2.702e+03, nu_p99=2.702e+03, interior_frac=0.416
[Frame  186] mode=DIR  iters=   2734, x_range=8.799e-02, y_range=5.028e-02
    nu_min=1.773e+01, nu_max=2.734e+03, nu_mean=1.160e+03, nu_std=1.309e+03
    nu_p05=1.893e+01, nu_p50=1.052e+02, nu_p95=2.734e+03, nu_p99=2.734e+03, interior_frac=0.405
[Frame  187] mode=DIR  iters=   2767, x_range=8.627e-02, y_range=4.929e-02
    nu_min=1.780e+01, nu_max=2.767e+03, nu_mean=1.144e+03, nu_std=1.319e+03
    nu_p05=1.895e+01, nu_p50=9.337e+01, nu_p95=2.767e+03, nu_p99=2.767e+03, interior_frac=0.394
[Frame  188] mode=DIR  iters=   2800, x_range=8.457e-02, y_range=4.833e-02
    nu_min=1.782e+01, nu_max=2.800e+03, nu_mean=1.129e+03, nu_std=1.330e+03
    nu_p05=1.897e+01, nu_p50=8.392e+01, nu_p95=2.800e+03, nu_p99=2.800e+03, interior_frac=0.384
[Frame  189] mode=DIR  iters=   2833, x_range=8.292e-02, y_range=4.738e-02
    nu_min=1.782e+01, nu_max=2.833e+03, nu_mean=1.113e+03, nu_std=1.339e+03
    nu_p05=1.899e+01, nu_p50=7.698e+01, nu_p95=2.833e+03, nu_p99=2.833e+03, interior_frac=0.374
[Frame  190] mode=DIR  iters=   2867, x_range=8.129e-02, y_range=4.645e-02
    nu_min=1.785e+01, nu_max=2.867e+03, nu_mean=1.098e+03, nu_std=1.348e+03
    nu_p05=1.902e+01, nu_p50=7.152e+01, nu_p95=2.867e+03, nu_p99=2.867e+03, interior_frac=0.364
[Frame  191] mode=DIR  iters=   2902, x_range=7.970e-02, y_range=4.554e-02
    nu_min=1.791e+01, nu_max=2.902e+03, nu_mean=1.084e+03, nu_std=1.358e+03
    nu_p05=1.907e+01, nu_p50=6.682e+01, nu_p95=2.902e+03, nu_p99=2.902e+03, interior_frac=0.355
[Frame  192] mode=DIR  iters=   2936, x_range=7.813e-02, y_range=4.465e-02
    nu_min=1.796e+01, nu_max=2.936e+03, nu_mean=1.071e+03, nu_std=1.367e+03
    nu_p05=1.911e+01, nu_p50=6.251e+01, nu_p95=2.936e+03, nu_p99=2.936e+03, interior_frac=0.346
[Frame  193] mode=DIR  iters=   2971, x_range=7.660e-02, y_range=4.377e-02
    nu_min=1.801e+01, nu_max=2.971e+03, nu_mean=1.058e+03, nu_std=1.376e+03
    nu_p05=1.915e+01, nu_p50=5.830e+01, nu_p95=2.971e+03, nu_p99=2.971e+03, interior_frac=0.338
[Frame  194] mode=DIR  iters=   3007, x_range=7.510e-02, y_range=4.291e-02
    nu_min=1.807e+01, nu_max=3.007e+03, nu_mean=1.047e+03, nu_std=1.385e+03
    nu_p05=1.919e+01, nu_p50=5.477e+01, nu_p95=3.007e+03, nu_p99=3.007e+03, interior_frac=0.330
[Frame  195] mode=DIR  iters=   3043, x_range=7.363e-02, y_range=4.207e-02
    nu_min=1.812e+01, nu_max=3.043e+03, nu_mean=1.037e+03, nu_std=1.395e+03
    nu_p05=1.922e+01, nu_p50=5.196e+01, nu_p95=3.043e+03, nu_p99=3.043e+03, interior_frac=0.323
[Frame  196] mode=DIR  iters=   3079, x_range=7.218e-02, y_range=4.125e-02
    nu_min=1.817e+01, nu_max=3.079e+03, nu_mean=1.027e+03, nu_std=1.405e+03
    nu_p05=1.925e+01, nu_p50=4.996e+01, nu_p95=3.079e+03, nu_p99=3.079e+03, interior_frac=0.317
[Frame  197] mode=DIR  iters=   3116, x_range=7.077e-02, y_range=4.044e-02
    nu_min=1.822e+01, nu_max=3.116e+03, nu_mean=1.020e+03, nu_std=1.416e+03
    nu_p05=1.928e+01, nu_p50=4.827e+01, nu_p95=3.116e+03, nu_p99=3.116e+03, interior_frac=0.311
[Frame  198] mode=DIR  iters=   3153, x_range=6.938e-02, y_range=3.965e-02
    nu_min=1.827e+01, nu_max=3.153e+03, nu_mean=1.015e+03, nu_std=1.427e+03
    nu_p05=1.931e+01, nu_p50=4.660e+01, nu_p95=3.153e+03, nu_p99=3.153e+03, interior_frac=0.306
[Frame  199] mode=DIR  iters=   3191, x_range=6.802e-02, y_range=3.887e-02
    nu_min=1.832e+01, nu_max=3.191e+03, nu_mean=1.011e+03, nu_std=1.439e+03
    nu_p05=1.934e+01, nu_p50=4.471e+01, nu_p95=3.191e+03, nu_p99=3.191e+03, interior_frac=0.301
[Frame  200] mode=DIR  iters=   3229, x_range=6.669e-02, y_range=3.811e-02
    nu_min=1.837e+01, nu_max=3.229e+03, nu_mean=1.008e+03, nu_std=1.451e+03
    nu_p05=1.937e+01, nu_p50=4.252e+01, nu_p95=3.229e+03, nu_p99=3.229e+03, interior_frac=0.297
[Frame  201] mode=DIR  iters=   3268, x_range=6.538e-02, y_range=3.736e-02
    nu_min=1.841e+01, nu_max=3.268e+03, nu_mean=1.006e+03, nu_std=1.464e+03
    nu_p05=1.940e+01, nu_p50=3.967e+01, nu_p95=3.268e+03, nu_p99=3.268e+03, interior_frac=0.293
[Frame  202] mode=DIR  iters=   3307, x_range=6.410e-02, y_range=3.663e-02
    nu_min=1.846e+01, nu_max=3.307e+03, nu_mean=1.004e+03, nu_std=1.476e+03
    nu_p05=1.942e+01, nu_p50=3.421e+01, nu_p95=3.307e+03, nu_p99=3.307e+03, interior_frac=0.289
[Frame  203] mode=DIR  iters=   3346, x_range=6.284e-02, y_range=3.591e-02
    nu_min=1.851e+01, nu_max=3.346e+03, nu_mean=1.001e+03, nu_std=1.488e+03
    nu_p05=1.945e+01, nu_p50=3.034e+01, nu_p95=3.346e+03, nu_p99=3.346e+03, interior_frac=0.285
[Frame  204] mode=DIR  iters=   3386, x_range=6.161e-02, y_range=3.520e-02
    nu_min=1.855e+01, nu_max=3.386e+03, nu_mean=9.989e+02, nu_std=1.501e+03
    nu_p05=1.948e+01, nu_p50=2.859e+01, nu_p95=3.386e+03, nu_p99=3.386e+03, interior_frac=0.281
[Frame  205] mode=DIR  iters=   3427, x_range=6.040e-02, y_range=3.451e-02
    nu_min=1.860e+01, nu_max=3.427e+03, nu_mean=9.968e+02, nu_std=1.513e+03
    nu_p05=1.951e+01, nu_p50=2.760e+01, nu_p95=3.427e+03, nu_p99=3.427e+03, interior_frac=0.277
[Frame  206] mode=DIR  iters=   3468, x_range=5.922e-02, y_range=3.384e-02
    nu_min=1.864e+01, nu_max=3.468e+03, nu_mean=9.944e+02, nu_std=1.525e+03
    nu_p05=1.954e+01, nu_p50=2.689e+01, nu_p95=3.468e+03, nu_p99=3.468e+03, interior_frac=0.273
[Frame  207] mode=DIR  iters=   3509, x_range=5.805e-02, y_range=3.317e-02
    nu_min=1.868e+01, nu_max=3.509e+03, nu_mean=9.926e+02, nu_std=1.537e+03
    nu_p05=1.956e+01, nu_p50=2.639e+01, nu_p95=3.509e+03, nu_p99=3.509e+03, interior_frac=0.270
[Frame  208] mode=DIR  iters=   3551, x_range=5.692e-02, y_range=3.252e-02
    nu_min=1.873e+01, nu_max=3.551e+03, nu_mean=9.906e+02, nu_std=1.548e+03
    nu_p05=1.959e+01, nu_p50=2.595e+01, nu_p95=3.551e+03, nu_p99=3.551e+03, interior_frac=0.266
[Frame  209] mode=DIR  iters=   3594, x_range=5.580e-02, y_range=3.189e-02
    nu_min=1.877e+01, nu_max=3.594e+03, nu_mean=9.879e+02, nu_std=1.559e+03
    nu_p05=1.962e+01, nu_p50=2.565e+01, nu_p95=3.594e+03, nu_p99=3.594e+03, interior_frac=0.262
[Frame  210] mode=DIR  iters=   3636, x_range=5.471e-02, y_range=3.126e-02
    nu_min=1.881e+01, nu_max=3.636e+03, nu_mean=9.843e+02, nu_std=1.570e+03
    nu_p05=1.965e+01, nu_p50=2.537e+01, nu_p95=3.636e+03, nu_p99=3.636e+03, interior_frac=0.258
[Frame  211] mode=DIR  iters=   3680, x_range=5.363e-02, y_range=3.065e-02
    nu_min=1.885e+01, nu_max=3.680e+03, nu_mean=9.807e+02, nu_std=1.581e+03
    nu_p05=1.967e+01, nu_p50=2.515e+01, nu_p95=3.680e+03, nu_p99=3.680e+03, interior_frac=0.253
[Frame  212] mode=DIR  iters=   3724, x_range=5.258e-02, y_range=3.005e-02
    nu_min=1.889e+01, nu_max=3.724e+03, nu_mean=9.763e+02, nu_std=1.591e+03
    nu_p05=1.970e+01, nu_p50=2.497e+01, nu_p95=3.724e+03, nu_p99=3.724e+03, interior_frac=0.249
[Frame  213] mode=DIR  iters=   3768, x_range=5.155e-02, y_range=2.946e-02
    nu_min=1.893e+01, nu_max=3.768e+03, nu_mean=9.716e+02, nu_std=1.600e+03
    nu_p05=1.973e+01, nu_p50=2.490e+01, nu_p95=3.768e+03, nu_p99=3.768e+03, interior_frac=0.245
[Frame  214] mode=DIR  iters=   3814, x_range=5.054e-02, y_range=2.888e-02
    nu_min=1.897e+01, nu_max=3.814e+03, nu_mean=9.665e+02, nu_std=1.610e+03
    nu_p05=1.975e+01, nu_p50=2.484e+01, nu_p95=3.814e+03, nu_p99=3.814e+03, interior_frac=0.240
[Frame  215] mode=DIR  iters=   3859, x_range=4.955e-02, y_range=2.831e-02
    nu_min=1.906e+01, nu_max=3.859e+03, nu_mean=9.590e+02, nu_std=1.618e+03
    nu_p05=1.978e+01, nu_p50=2.477e+01, nu_p95=3.859e+03, nu_p99=3.859e+03, interior_frac=0.235
[Frame  216] mode=DIR  iters=   3905, x_range=4.858e-02, y_range=2.776e-02
    nu_min=1.910e+01, nu_max=3.905e+03, nu_mean=9.508e+02, nu_std=1.625e+03
    nu_p05=1.981e+01, nu_p50=2.470e+01, nu_p95=3.905e+03, nu_p99=3.905e+03, interior_frac=0.230
[Frame  217] mode=DIR  iters=   3952, x_range=4.762e-02, y_range=2.721e-02
    nu_min=1.914e+01, nu_max=3.952e+03, nu_mean=9.408e+02, nu_std=1.631e+03
    nu_p05=1.983e+01, nu_p50=2.463e+01, nu_p95=3.952e+03, nu_p99=3.952e+03, interior_frac=0.225
[Frame  218] mode=DIR  iters=   3999, x_range=4.669e-02, y_range=2.668e-02
    nu_min=1.918e+01, nu_max=3.999e+03, nu_mean=9.295e+02, nu_std=1.636e+03
    nu_p05=1.985e+01, nu_p50=2.456e+01, nu_p95=3.999e+03, nu_p99=3.999e+03, interior_frac=0.219
[Frame  219] mode=DIR  iters=   4047, x_range=4.578e-02, y_range=2.616e-02
    nu_min=1.922e+01, nu_max=4.047e+03, nu_mean=9.178e+02, nu_std=1.640e+03
    nu_p05=1.987e+01, nu_p50=2.451e+01, nu_p95=4.047e+03, nu_p99=4.047e+03, interior_frac=0.214
[Frame  220] mode=DIR  iters=   4095, x_range=4.488e-02, y_range=2.564e-02
    nu_min=1.926e+01, nu_max=4.095e+03, nu_mean=9.049e+02, nu_std=1.643e+03
    nu_p05=1.989e+01, nu_p50=2.446e+01, nu_p95=4.095e+03, nu_p99=4.095e+03, interior_frac=0.208
[Frame  221] mode=DIR  iters=   4144, x_range=4.400e-02, y_range=2.514e-02
    nu_min=1.930e+01, nu_max=4.144e+03, nu_mean=8.896e+02, nu_std=1.644e+03
    nu_p05=1.990e+01, nu_p50=2.442e+01, nu_p95=4.144e+03, nu_p99=4.144e+03, interior_frac=0.201
[Frame  222] mode=DIR  iters=   4194, x_range=4.314e-02, y_range=2.465e-02
    nu_min=1.934e+01, nu_max=4.194e+03, nu_mean=8.737e+02, nu_std=1.644e+03
    nu_p05=1.992e+01, nu_p50=2.439e+01, nu_p95=4.194e+03, nu_p99=4.194e+03, interior_frac=0.195
[Frame  223] mode=DIR  iters=   4244, x_range=4.229e-02, y_range=2.417e-02
    nu_min=1.937e+01, nu_max=4.244e+03, nu_mean=8.561e+02, nu_std=1.642e+03
    nu_p05=1.993e+01, nu_p50=2.435e+01, nu_p95=4.244e+03, nu_p99=4.244e+03, interior_frac=0.188
[Frame  224] mode=DIR  iters=   4295, x_range=4.146e-02, y_range=2.369e-02
    nu_min=1.941e+01, nu_max=4.295e+03, nu_mean=8.367e+02, nu_std=1.638e+03
    nu_p05=1.995e+01, nu_p50=2.432e+01, nu_p95=4.295e+03, nu_p99=4.295e+03, interior_frac=0.181
[Frame  225] mode=DIR  iters=   4346, x_range=4.065e-02, y_range=2.323e-02
    nu_min=1.945e+01, nu_max=4.346e+03, nu_mean=8.164e+02, nu_std=1.632e+03
    nu_p05=1.996e+01, nu_p50=2.428e+01, nu_p95=4.346e+03, nu_p99=4.346e+03, interior_frac=0.174
[Frame  226] mode=DIR  iters=   4398, x_range=3.985e-02, y_range=2.277e-02
    nu_min=1.948e+01, nu_max=4.398e+03, nu_mean=7.956e+02, nu_std=1.625e+03
    nu_p05=1.997e+01, nu_p50=2.425e+01, nu_p95=4.398e+03, nu_p99=4.398e+03, interior_frac=0.167
[Frame  227] mode=DIR  iters=   4451, x_range=3.907e-02, y_range=2.232e-02
    nu_min=1.952e+01, nu_max=4.451e+03, nu_mean=7.744e+02, nu_std=1.617e+03
    nu_p05=1.999e+01, nu_p50=2.421e+01, nu_p95=4.451e+03, nu_p99=4.451e+03, interior_frac=0.160
[Frame  228] mode=DIR  iters=   4504, x_range=3.830e-02, y_range=2.189e-02
    nu_min=1.956e+01, nu_max=4.504e+03, nu_mean=7.530e+02, nu_std=1.608e+03
    nu_p05=2.000e+01, nu_p50=2.417e+01, nu_p95=4.504e+03, nu_p99=4.504e+03, interior_frac=0.153
[Frame  229] mode=DIR  iters=   4558, x_range=3.755e-02, y_range=2.146e-02
    nu_min=1.959e+01, nu_max=4.558e+03, nu_mean=7.316e+02, nu_std=1.598e+03
    nu_p05=2.002e+01, nu_p50=2.413e+01, nu_p95=4.558e+03, nu_p99=4.558e+03, interior_frac=0.147
[Frame  230] mode=DIR  iters=   4612, x_range=3.682e-02, y_range=2.104e-02
    nu_min=1.962e+01, nu_max=4.612e+03, nu_mean=7.097e+02, nu_std=1.587e+03
    nu_p05=2.004e+01, nu_p50=2.408e+01, nu_p95=4.612e+03, nu_p99=4.612e+03, interior_frac=0.140
[Frame  231] mode=DIR  iters=   4667, x_range=3.609e-02, y_range=2.062e-02
    nu_min=1.966e+01, nu_max=4.667e+03, nu_mean=6.894e+02, nu_std=1.577e+03
    nu_p05=2.006e+01, nu_p50=2.403e+01, nu_p95=4.667e+03, nu_p99=4.667e+03, interior_frac=0.134
[Frame  232] mode=DIR  iters=   4723, x_range=3.539e-02, y_range=2.022e-02
    nu_min=1.969e+01, nu_max=4.723e+03, nu_mean=6.687e+02, nu_std=1.566e+03
    nu_p05=2.008e+01, nu_p50=2.400e+01, nu_p95=4.723e+03, nu_p99=4.723e+03, interior_frac=0.128
[Frame  233] mode=DIR  iters=   4779, x_range=3.469e-02, y_range=1.982e-02
    nu_min=1.973e+01, nu_max=4.779e+03, nu_mean=6.466e+02, nu_std=1.551e+03
    nu_p05=2.010e+01, nu_p50=2.398e+01, nu_p95=4.779e+03, nu_p99=4.779e+03, interior_frac=0.122
[Frame  234] mode=DIR  iters=   4837, x_range=3.401e-02, y_range=1.944e-02
    nu_min=1.976e+01, nu_max=4.837e+03, nu_mean=6.227e+02, nu_std=1.534e+03
    nu_p05=2.012e+01, nu_p50=2.397e+01, nu_p95=4.837e+03, nu_p99=4.837e+03, interior_frac=0.115
[Frame  235] mode=DIR  iters=   4894, x_range=3.334e-02, y_range=1.905e-02
    nu_min=1.979e+01, nu_max=4.894e+03, nu_mean=5.997e+02, nu_std=1.516e+03
    nu_p05=2.014e+01, nu_p50=2.396e+01, nu_p95=4.894e+03, nu_p99=4.894e+03, interior_frac=0.109
[Frame  236] mode=DIR  iters=   4953, x_range=3.269e-02, y_range=1.868e-02
    nu_min=1.983e+01, nu_max=4.953e+03, nu_mean=5.778e+02, nu_std=1.499e+03
    nu_p05=2.016e+01, nu_p50=2.395e+01, nu_p95=4.953e+03, nu_p99=4.953e+03, interior_frac=0.103
[Frame  237] mode=DIR  iters=   5000, x_range=3.205e-02, y_range=1.831e-02
    nu_min=1.983e+01, nu_max=5.000e+03, nu_mean=5.561e+02, nu_std=1.479e+03
    nu_p05=2.018e+01, nu_p50=2.395e+01, nu_p95=5.000e+03, nu_p99=5.000e+03, interior_frac=0.098
[Frame  238] mode=DIR  iters=   5000, x_range=3.142e-02, y_range=1.796e-02
    nu_min=1.983e+01, nu_max=5.000e+03, nu_mean=5.308e+02, nu_std=1.445e+03
    nu_p05=2.020e+01, nu_p50=2.394e+01, nu_p95=5.000e+03, nu_p99=5.000e+03, interior_frac=0.093
[Frame  239] mode=DIR  iters=   5000, x_range=3.081e-02, y_range=1.760e-02
    nu_min=1.983e+01, nu_max=5.000e+03, nu_mean=5.067e+02, nu_std=1.412e+03
    nu_p05=2.022e+01, nu_p50=2.393e+01, nu_p95=5.000e+03, nu_p99=5.000e+03, interior_frac=0.088
[Frame  240] mode=DIR  iters=   5000, x_range=3.020e-02, y_range=1.726e-02
    nu_min=1.983e+01, nu_max=5.000e+03, nu_mean=4.849e+02, nu_std=1.382e+03
    nu_p05=2.024e+01, nu_p50=2.393e+01, nu_p95=5.000e+03, nu_p99=5.000e+03, interior_frac=0.084
[Frame  241] mode=DIR  iters=   5000, x_range=2.961e-02, y_range=1.692e-02
    nu_min=1.984e+01, nu_max=5.000e+03, nu_mean=4.653e+02, nu_std=1.353e+03
    nu_p05=2.026e+01, nu_p50=2.393e+01, nu_p95=5.000e+03, nu_p99=5.000e+03, interior_frac=0.080
[Frame  242] mode=DIR  iters=   5000, x_range=2.903e-02, y_range=1.659e-02
    nu_min=1.986e+01, nu_max=5.000e+03, nu_mean=4.481e+02, nu_std=1.326e+03
    nu_p05=2.028e+01, nu_p50=2.392e+01, nu_p95=5.000e+03, nu_p99=5.000e+03, interior_frac=0.077
[Frame  243] mode=DIR  iters=   5000, x_range=2.846e-02, y_range=1.626e-02
    nu_min=1.989e+01, nu_max=5.000e+03, nu_mean=4.298e+02, nu_std=1.297e+03
    nu_p05=2.030e+01, nu_p50=2.392e+01, nu_p95=5.000e+03, nu_p99=5.000e+03, interior_frac=0.073
[Frame  244] mode=DIR  iters=   5000, x_range=2.790e-02, y_range=1.594e-02
    nu_min=1.991e+01, nu_max=5.000e+03, nu_mean=4.081e+02, nu_std=1.262e+03
    nu_p05=2.032e+01, nu_p50=2.392e+01, nu_p95=5.000e+03, nu_p99=5.000e+03, interior_frac=0.069
[Frame  245] mode=DIR  iters=   5000, x_range=2.735e-02, y_range=1.563e-02
    nu_min=1.993e+01, nu_max=5.000e+03, nu_mean=3.850e+02, nu_std=1.222e+03
    nu_p05=2.034e+01, nu_p50=2.392e+01, nu_p95=5.000e+03, nu_p99=5.000e+03, interior_frac=0.064
[Frame  246] mode=DIR  iters=   5000, x_range=2.682e-02, y_range=1.532e-02
    nu_min=1.996e+01, nu_max=5.000e+03, nu_mean=3.617e+02, nu_std=1.180e+03
    nu_p05=2.036e+01, nu_p50=2.392e+01, nu_p95=5.000e+03, nu_p99=5.000e+03, interior_frac=0.059
[Frame  247] mode=DIR  iters=   5000, x_range=2.629e-02, y_range=1.502e-02
    nu_min=1.998e+01, nu_max=5.000e+03, nu_mean=3.369e+02, nu_std=1.133e+03
    nu_p05=2.038e+01, nu_p50=2.393e+01, nu_p95=5.000e+03, nu_p99=5.000e+03, interior_frac=0.054
[Frame  248] mode=DIR  iters=   5000, x_range=2.578e-02, y_range=1.473e-02
    nu_min=2.000e+01, nu_max=5.000e+03, nu_mean=3.125e+02, nu_std=1.085e+03
    nu_p05=2.040e+01, nu_p50=2.393e+01, nu_p95=3.514e+03, nu_p99=5.000e+03, interior_frac=0.049
[Frame  249] mode=DIR  iters=   5000, x_range=2.527e-02, y_range=1.444e-02
    nu_min=2.002e+01, nu_max=5.000e+03, nu_mean=2.884e+02, nu_std=1.034e+03
    nu_p05=2.042e+01, nu_p50=2.393e+01, nu_p95=1.051e+03, nu_p99=5.000e+03, interior_frac=0.045
[Frame  250] mode=DIR  iters=   5000, x_range=2.478e-02, y_range=1.416e-02
    nu_min=2.004e+01, nu_max=5.000e+03, nu_mean=2.647e+02, nu_std=9.814e+02
    nu_p05=2.044e+01, nu_p50=2.393e+01, nu_p95=6.662e+02, nu_p99=5.000e+03, interior_frac=0.040
[Frame  251] mode=DIR  iters=   5000, x_range=2.429e-02, y_range=1.388e-02
    nu_min=2.006e+01, nu_max=5.000e+03, nu_mean=2.412e+02, nu_std=9.260e+02
    nu_p05=2.046e+01, nu_p50=2.394e+01, nu_p95=4.980e+02, nu_p99=5.000e+03, interior_frac=0.035
[Frame  252] mode=DIR  iters=   5000, x_range=2.381e-02, y_range=1.361e-02
    nu_min=2.009e+01, nu_max=5.000e+03, nu_mean=2.168e+02, nu_std=8.643e+02
    nu_p05=2.048e+01, nu_p50=2.394e+01, nu_p95=3.996e+02, nu_p99=5.000e+03, interior_frac=0.030
[Frame  253] mode=DIR  iters=   5000, x_range=2.335e-02, y_range=1.334e-02
    nu_min=2.011e+01, nu_max=5.000e+03, nu_mean=1.923e+02, nu_std=7.974e+02
    nu_p05=2.050e+01, nu_p50=2.395e+01, nu_p95=3.356e+02, nu_p99=5.000e+03, interior_frac=0.026
[Frame  254] mode=DIR  iters=   5000, x_range=2.289e-02, y_range=1.308e-02
    nu_min=2.012e+01, nu_max=5.000e+03, nu_mean=1.695e+02, nu_std=7.290e+02
    nu_p05=2.052e+01, nu_p50=2.395e+01, nu_p95=2.925e+02, nu_p99=5.000e+03, interior_frac=0.021
[Frame  255] mode=DIR  iters=   5000, x_range=2.244e-02, y_range=1.282e-02
    nu_min=2.014e+01, nu_max=5.000e+03, nu_mean=1.485e+02, nu_std=6.596e+02
    nu_p05=2.053e+01, nu_p50=2.396e+01, nu_p95=2.633e+02, nu_p99=5.000e+03, interior_frac=0.017
[Frame  256] mode=DIR  iters=   5000, x_range=2.200e-02, y_range=1.257e-02
    nu_min=2.016e+01, nu_max=5.000e+03, nu_mean=1.299e+02, nu_std=5.928e+02
    nu_p05=2.055e+01, nu_p50=2.396e+01, nu_p95=2.390e+02, nu_p99=5.000e+03, interior_frac=0.014
[Frame  257] mode=DIR  iters=   5000, x_range=2.157e-02, y_range=1.232e-02
    nu_min=2.018e+01, nu_max=5.000e+03, nu_mean=1.148e+02, nu_std=5.337e+02
    nu_p05=2.057e+01, nu_p50=2.397e+01, nu_p95=2.205e+02, nu_p99=5.000e+03, interior_frac=0.011
[Frame  258] mode=DIR  iters=   5000, x_range=2.115e-02, y_range=1.208e-02
    nu_min=2.020e+01, nu_max=5.000e+03, nu_mean=1.009e+02, nu_std=4.717e+02
    nu_p05=2.059e+01, nu_p50=2.398e+01, nu_p95=2.056e+02, nu_p99=1.300e+03, interior_frac=0.009
[Frame  259] mode=DIR  iters=   5000, x_range=2.073e-02, y_range=1.185e-02
    nu_min=2.022e+01, nu_max=5.000e+03, nu_mean=8.802e+01, nu_std=4.041e+02
    nu_p05=2.061e+01, nu_p50=2.399e+01, nu_p95=1.957e+02, nu_p99=7.401e+02, interior_frac=0.006
[Frame  260] mode=DIR  iters=   5000, x_range=2.032e-02, y_range=1.161e-02
    nu_min=2.024e+01, nu_max=5.000e+03, nu_mean=7.724e+01, nu_std=3.413e+02
    nu_p05=2.063e+01, nu_p50=2.400e+01, nu_p95=1.853e+02, nu_p99=5.515e+02, interior_frac=0.004
[Frame  261] mode=DIR  iters=   5000, x_range=1.993e-02, y_range=1.139e-02
    nu_min=2.025e+01, nu_max=5.000e+03, nu_mean=7.140e+01, nu_std=3.087e+02
    nu_p05=2.065e+01, nu_p50=2.401e+01, nu_p95=1.776e+02, nu_p99=4.686e+02, interior_frac=0.004
[Frame  262] mode=DIR  iters=   5000, x_range=1.954e-02, y_range=1.116e-02
    nu_min=2.027e+01, nu_max=5.000e+03, nu_mean=6.620e+01, nu_std=2.739e+02
    nu_p05=2.067e+01, nu_p50=2.404e+01, nu_p95=1.696e+02, nu_p99=4.210e+02, interior_frac=0.003
[Frame  263] mode=DIR  iters=   5000, x_range=1.915e-02, y_range=1.094e-02
    nu_min=2.029e+01, nu_max=5.000e+03, nu_mean=6.091e+01, nu_std=2.317e+02
    nu_p05=2.069e+01, nu_p50=2.406e+01, nu_p95=1.633e+02, nu_p99=3.801e+02, interior_frac=0.002
[Frame  264] mode=DIR  iters=   5000, x_range=1.878e-02, y_range=1.073e-02
    nu_min=2.031e+01, nu_max=5.000e+03, nu_mean=5.637e+01, nu_std=1.903e+02
    nu_p05=2.071e+01, nu_p50=2.409e+01, nu_p95=1.574e+02, nu_p99=3.479e+02, interior_frac=0.001
[Frame  265] mode=DIR  iters=   5000, x_range=1.841e-02, y_range=1.052e-02
    nu_min=2.033e+01, nu_max=5.000e+03, nu_mean=5.402e+01, nu_std=1.729e+02
    nu_p05=2.073e+01, nu_p50=2.411e+01, nu_p95=1.526e+02, nu_p99=3.229e+02, interior_frac=0.001
[Frame  266] mode=DIR  iters=   5000, x_range=1.805e-02, y_range=1.031e-02
    nu_min=2.035e+01, nu_max=5.000e+03, nu_mean=5.270e+01, nu_std=1.663e+02
    nu_p05=2.074e+01, nu_p50=2.414e+01, nu_p95=1.475e+02, nu_p99=3.066e+02, interior_frac=0.001
[Frame  267] mode=DIR  iters=   5000, x_range=1.769e-02, y_range=1.011e-02
    nu_min=2.037e+01, nu_max=5.000e+03, nu_mean=5.193e+01, nu_std=1.672e+02
    nu_p05=2.076e+01, nu_p50=2.416e+01, nu_p95=1.433e+02, nu_p99=2.933e+02, interior_frac=0.001
[Frame  268] mode=DIR  iters=   5000, x_range=1.735e-02, y_range=9.913e-03
    nu_min=2.039e+01, nu_max=5.000e+03, nu_mean=5.137e+01, nu_std=1.694e+02
    nu_p05=2.078e+01, nu_p50=2.419e+01, nu_p95=1.398e+02, nu_p99=2.842e+02, interior_frac=0.001
[Frame  269] mode=DIR  iters=   5000, x_range=1.701e-02, y_range=9.718e-03
    nu_min=2.040e+01, nu_max=5.000e+03, nu_mean=5.072e+01, nu_std=1.674e+02
    nu_p05=2.080e+01, nu_p50=2.421e+01, nu_p95=1.374e+02, nu_p99=2.768e+02, interior_frac=0.001
[Frame  270] mode=DIR  iters=   5000, x_range=1.667e-02, y_range=9.528e-03
    nu_min=2.042e+01, nu_max=5.000e+03, nu_mean=4.994e+01, nu_std=1.619e+02
    nu_p05=2.082e+01, nu_p50=2.424e+01, nu_p95=1.356e+02, nu_p99=2.706e+02, interior_frac=0.001
[Frame  271] mode=DIR  iters=   5000, x_range=1.635e-02, y_range=9.341e-03
    nu_min=2.044e+01, nu_max=5.000e+03, nu_mean=4.832e+01, nu_std=1.439e+02
    nu_p05=2.083e+01, nu_p50=2.426e+01, nu_p95=1.331e+02, nu_p99=2.600e+02, interior_frac=0.001
[Frame  272] mode=DIR  iters=   5000, x_range=1.603e-02, y_range=9.158e-03
    nu_min=2.046e+01, nu_max=5.000e+03, nu_mean=4.624e+01, nu_std=1.087e+02
    nu_p05=2.085e+01, nu_p50=2.429e+01, nu_p95=1.314e+02, nu_p99=2.523e+02, interior_frac=0.000
[Frame  273] mode=DIR  iters=   5000, x_range=1.571e-02, y_range=8.978e-03
    nu_min=2.048e+01, nu_max=5.000e+03, nu_mean=4.497e+01, nu_std=8.175e+01
    nu_p05=2.087e+01, nu_p50=2.431e+01, nu_p95=1.300e+02, nu_p99=2.480e+02, interior_frac=0.000
[Frame  274] mode=DIR  iters=   5000, x_range=1.540e-02, y_range=8.802e-03
    nu_min=2.050e+01, nu_max=5.000e+03, nu_mean=4.436e+01, nu_std=7.271e+01
    nu_p05=2.089e+01, nu_p50=2.434e+01, nu_p95=1.279e+02, nu_p99=2.420e+02, interior_frac=0.000
[Frame  275] mode=DIR  iters=   5000, x_range=1.510e-02, y_range=8.629e-03
    nu_min=2.052e+01, nu_max=5.000e+03, nu_mean=4.386e+01, nu_std=6.929e+01
    nu_p05=2.090e+01, nu_p50=2.437e+01, nu_p95=1.252e+02, nu_p99=2.357e+02, interior_frac=0.000
[Frame  276] mode=DIR  iters=   5000, x_range=1.481e-02, y_range=8.460e-03
    nu_min=2.054e+01, nu_max=5.000e+03, nu_mean=4.341e+01, nu_std=6.786e+01
    nu_p05=2.092e+01, nu_p50=2.440e+01, nu_p95=1.218e+02, nu_p99=2.288e+02, interior_frac=0.000
[Frame  277] mode=DIR  iters=   5000, x_range=1.452e-02, y_range=8.294e-03
    nu_min=2.056e+01, nu_max=5.000e+03, nu_mean=4.315e+01, nu_std=6.762e+01
    nu_p05=2.094e+01, nu_p50=2.443e+01, nu_p95=1.200e+02, nu_p99=2.245e+02, interior_frac=0.000
[Frame  278] mode=DIR  iters=   5000, x_range=1.423e-02, y_range=8.132e-03
    nu_min=2.058e+01, nu_max=5.000e+03, nu_mean=4.301e+01, nu_std=6.788e+01
    nu_p05=2.095e+01, nu_p50=2.446e+01, nu_p95=1.190e+02, nu_p99=2.206e+02, interior_frac=0.000
[Frame  279] mode=DIR  iters=   5000, x_range=1.395e-02, y_range=7.972e-03
    nu_min=2.060e+01, nu_max=5.000e+03, nu_mean=4.287e+01, nu_std=6.796e+01
    nu_p05=2.097e+01, nu_p50=2.450e+01, nu_p95=1.183e+02, nu_p99=2.179e+02, interior_frac=0.000
[Frame  280] mode=DIR  iters=   5000, x_range=1.368e-02, y_range=7.816e-03
    nu_min=2.062e+01, nu_max=5.000e+03, nu_mean=4.266e+01, nu_std=6.861e+01
    nu_p05=2.099e+01, nu_p50=2.453e+01, nu_p95=1.170e+02, nu_p99=2.128e+02, interior_frac=0.000
[Frame  281] mode=DIR  iters=   5000, x_range=1.341e-02, y_range=7.663e-03
    nu_min=2.064e+01, nu_max=5.000e+03, nu_mean=4.226e+01, nu_std=6.608e+01
    nu_p05=2.122e+01, nu_p50=2.457e+01, nu_p95=1.147e+02, nu_p99=2.055e+02, interior_frac=0.000
[Frame  282] mode=DIR  iters=   5000, x_range=1.315e-02, y_range=7.512e-03
    nu_min=2.066e+01, nu_max=5.000e+03, nu_mean=4.198e+01, nu_std=6.526e+01
    nu_p05=2.126e+01, nu_p50=2.461e+01, nu_p95=1.129e+02, nu_p99=1.986e+02, interior_frac=0.000
[Frame  283] mode=DIR  iters=   5000, x_range=1.289e-02, y_range=7.365e-03
    nu_min=2.068e+01, nu_max=5.000e+03, nu_mean=4.175e+01, nu_std=6.462e+01
    nu_p05=2.128e+01, nu_p50=2.465e+01, nu_p95=1.113e+02, nu_p99=1.936e+02, interior_frac=0.000
[Frame  284] mode=DIR  iters=   5000, x_range=1.264e-02, y_range=7.221e-03
    nu_min=2.069e+01, nu_max=5.000e+03, nu_mean=4.161e+01, nu_std=6.677e+01
    nu_p05=2.131e+01, nu_p50=2.469e+01, nu_p95=1.097e+02, nu_p99=1.894e+02, interior_frac=0.000
[Frame  285] mode=DIR  iters=   5000, x_range=1.239e-02, y_range=7.079e-03
    nu_min=2.071e+01, nu_max=5.000e+03, nu_mean=4.143e+01, nu_std=6.616e+01
    nu_p05=2.133e+01, nu_p50=2.473e+01, nu_p95=1.079e+02, nu_p99=1.863e+02, interior_frac=0.000
[Frame  286] mode=DIR  iters=   5000, x_range=1.215e-02, y_range=6.940e-03
    nu_min=2.073e+01, nu_max=5.000e+03, nu_mean=4.128e+01, nu_std=6.396e+01
    nu_p05=2.135e+01, nu_p50=2.478e+01, nu_p95=1.068e+02, nu_p99=1.836e+02, interior_frac=0.000
[Frame  287] mode=DIR  iters=   5000, x_range=1.191e-02, y_range=6.804e-03
    nu_min=2.075e+01, nu_max=5.000e+03, nu_mean=4.114e+01, nu_std=5.889e+01
    nu_p05=2.138e+01, nu_p50=2.482e+01, nu_p95=1.066e+02, nu_p99=1.815e+02, interior_frac=0.000
[Frame  288] mode=DIR  iters=   5000, x_range=1.167e-02, y_range=6.671e-03
    nu_min=2.077e+01, nu_max=5.000e+03, nu_mean=4.118e+01, nu_std=5.953e+01
    nu_p05=2.140e+01, nu_p50=2.486e+01, nu_p95=1.065e+02, nu_p99=1.809e+02, interior_frac=0.000
[Frame  289] mode=DIR  iters=   5000, x_range=1.145e-02, y_range=6.540e-03
    nu_min=2.079e+01, nu_max=5.000e+03, nu_mean=4.126e+01, nu_std=5.877e+01
    nu_p05=2.143e+01, nu_p50=2.490e+01, nu_p95=1.068e+02, nu_p99=1.803e+02, interior_frac=0.000
[Frame  290] mode=DIR  iters=   5000, x_range=1.122e-02, y_range=6.412e-03
    nu_min=2.081e+01, nu_max=5.000e+03, nu_mean=4.143e+01, nu_std=6.089e+01
    nu_p05=2.145e+01, nu_p50=2.493e+01, nu_p95=1.071e+02, nu_p99=1.801e+02, interior_frac=0.000
[Frame  291] mode=DIR  iters=   5000, x_range=1.100e-02, y_range=6.286e-03
    nu_min=2.083e+01, nu_max=5.000e+03, nu_mean=4.155e+01, nu_std=5.975e+01
    nu_p05=2.147e+01, nu_p50=2.496e+01, nu_p95=1.076e+02, nu_p99=1.800e+02, interior_frac=0.000
[Frame  292] mode=DIR  iters=   5000, x_range=1.078e-02, y_range=6.163e-03
    nu_min=2.084e+01, nu_max=5.000e+03, nu_mean=4.171e+01, nu_std=6.109e+01
    nu_p05=2.150e+01, nu_p50=2.500e+01, nu_p95=1.077e+02, nu_p99=1.800e+02, interior_frac=0.000
[Frame  293] mode=DIR  iters=   5000, x_range=1.057e-02, y_range=6.042e-03
    nu_min=2.086e+01, nu_max=5.000e+03, nu_mean=4.182e+01, nu_std=6.120e+01
    nu_p05=2.152e+01, nu_p50=2.507e+01, nu_p95=1.079e+02, nu_p99=1.798e+02, interior_frac=0.000
[Frame  294] mode=DIR  iters=   5000, x_range=1.037e-02, y_range=5.924e-03
    nu_min=2.088e+01, nu_max=5.000e+03, nu_mean=4.190e+01, nu_std=6.226e+01
    nu_p05=2.154e+01, nu_p50=2.514e+01, nu_p95=1.077e+02, nu_p99=1.787e+02, interior_frac=0.000
[Frame  295] mode=DIR  iters=   5000, x_range=1.016e-02, y_range=5.807e-03
    nu_min=2.090e+01, nu_max=5.000e+03, nu_mean=4.187e+01, nu_std=6.287e+01
    nu_p05=2.157e+01, nu_p50=2.521e+01, nu_p95=1.066e+02, nu_p99=1.765e+02, interior_frac=0.000
[Frame  296] mode=DIR  iters=   5000, x_range=9.964e-03, y_range=5.693e-03
    nu_min=2.091e+01, nu_max=5.000e+03, nu_mean=4.189e+01, nu_std=6.299e+01
    nu_p05=2.159e+01, nu_p50=2.527e+01, nu_p95=1.058e+02, nu_p99=1.754e+02, interior_frac=0.000
[Frame  297] mode=DIR  iters=   5000, x_range=9.768e-03, y_range=5.582e-03
    nu_min=2.093e+01, nu_max=5.000e+03, nu_mean=4.197e+01, nu_std=6.321e+01
    nu_p05=2.162e+01, nu_p50=2.533e+01, nu_p95=1.054e+02, nu_p99=1.738e+02, interior_frac=0.000
[Frame  298] mode=DIR  iters=   5000, x_range=9.577e-03, y_range=5.472e-03
    nu_min=2.095e+01, nu_max=5.000e+03, nu_mean=4.210e+01, nu_std=6.406e+01
    nu_p05=2.164e+01, nu_p50=2.539e+01, nu_p95=1.051e+02, nu_p99=1.728e+02, interior_frac=0.000
[Frame  299] mode=DIR  iters=   5000, x_range=9.389e-03, y_range=5.365e-03
    nu_min=2.097e+01, nu_max=5.000e+03, nu_mean=4.229e+01, nu_std=6.504e+01
    nu_p05=2.166e+01, nu_p50=2.546e+01, nu_p95=1.052e+02, nu_p99=1.727e+02, interior_frac=0.000
[Frame  300] mode=DIR  iters=   5000, x_range=9.205e-03, y_range=5.260e-03
    nu_min=2.098e+01, nu_max=5.000e+03, nu_mean=4.253e+01, nu_std=6.518e+01
    nu_p05=2.169e+01, nu_p50=2.553e+01, nu_p95=1.058e+02, nu_p99=1.729e+02, interior_frac=0.000
[Frame  301] mode=DIR  iters=   5000, x_range=9.024e-03, y_range=5.157e-03
    nu_min=2.124e+01, nu_max=5.000e+03, nu_mean=4.287e+01, nu_std=6.721e+01
    nu_p05=2.171e+01, nu_p50=2.559e+01, nu_p95=1.067e+02, nu_p99=1.739e+02, interior_frac=0.000
[Frame  302] mode=DIR  iters=   5000, x_range=8.847e-03, y_range=5.056e-03
    nu_min=2.127e+01, nu_max=5.000e+03, nu_mean=4.319e+01, nu_std=6.884e+01
    nu_p05=2.173e+01, nu_p50=2.567e+01, nu_p95=1.077e+02, nu_p99=1.746e+02, interior_frac=0.000
[Frame  303] mode=DIR  iters=   5000, x_range=8.674e-03, y_range=4.957e-03
    nu_min=2.129e+01, nu_max=5.000e+03, nu_mean=4.348e+01, nu_std=6.940e+01
    nu_p05=2.176e+01, nu_p50=2.574e+01, nu_p95=1.086e+02, nu_p99=1.749e+02, interior_frac=0.000
[Frame  304] mode=DIR  iters=   5000, x_range=8.504e-03, y_range=4.859e-03
    nu_min=2.132e+01, nu_max=5.000e+03, nu_mean=4.381e+01, nu_std=7.003e+01
    nu_p05=2.178e+01, nu_p50=2.581e+01, nu_p95=1.099e+02, nu_p99=1.763e+02, interior_frac=0.000
[Frame  305] mode=DIR  iters=   5000, x_range=8.337e-03, y_range=4.764e-03
    nu_min=2.134e+01, nu_max=5.000e+03, nu_mean=4.412e+01, nu_std=7.180e+01
    nu_p05=2.180e+01, nu_p50=2.588e+01, nu_p95=1.108e+02, nu_p99=1.770e+02, interior_frac=0.000
[Frame  306] mode=DIR  iters=   5000, x_range=8.174e-03, y_range=4.671e-03
    nu_min=2.137e+01, nu_max=5.000e+03, nu_mean=4.434e+01, nu_std=7.283e+01
    nu_p05=2.182e+01, nu_p50=2.594e+01, nu_p95=1.112e+02, nu_p99=1.776e+02, interior_frac=0.000
[Frame  307] mode=DIR  iters=   5000, x_range=8.013e-03, y_range=4.579e-03
    nu_min=2.139e+01, nu_max=5.000e+03, nu_mean=4.448e+01, nu_std=7.335e+01
    nu_p05=2.185e+01, nu_p50=2.599e+01, nu_p95=1.110e+02, nu_p99=1.764e+02, interior_frac=0.000
[Frame  308] mode=DIR  iters=   5000, x_range=7.856e-03, y_range=4.489e-03
    nu_min=2.142e+01, nu_max=5.000e+03, nu_mean=4.463e+01, nu_std=7.429e+01
    nu_p05=2.187e+01, nu_p50=2.613e+01, nu_p95=1.107e+02, nu_p99=1.756e+02, interior_frac=0.000
[Frame  309] mode=DIR  iters=   5000, x_range=7.702e-03, y_range=4.401e-03
    nu_min=2.144e+01, nu_max=5.000e+03, nu_mean=4.483e+01, nu_std=7.548e+01
    nu_p05=2.189e+01, nu_p50=2.626e+01, nu_p95=1.110e+02, nu_p99=1.761e+02, interior_frac=0.000
[Frame  310] mode=DIR  iters=   5000, x_range=7.551e-03, y_range=4.315e-03
    nu_min=2.147e+01, nu_max=5.000e+03, nu_mean=4.503e+01, nu_std=7.718e+01
    nu_p05=2.192e+01, nu_p50=2.639e+01, nu_p95=1.115e+02, nu_p99=1.759e+02, interior_frac=0.000
[Frame  311] mode=DIR  iters=   5000, x_range=7.403e-03, y_range=4.230e-03
    nu_min=2.149e+01, nu_max=5.000e+03, nu_mean=4.523e+01, nu_std=7.799e+01
    nu_p05=2.194e+01, nu_p50=2.653e+01, nu_p95=1.120e+02, nu_p99=1.761e+02, interior_frac=0.000
[Frame  312] mode=DIR  iters=   5000, x_range=7.258e-03, y_range=4.147e-03
    nu_min=2.152e+01, nu_max=5.000e+03, nu_mean=4.532e+01, nu_std=7.934e+01
    nu_p05=2.196e+01, nu_p50=2.668e+01, nu_p95=1.116e+02, nu_p99=1.752e+02, interior_frac=0.000
[Frame  313] mode=DIR  iters=   5000, x_range=7.116e-03, y_range=4.066e-03
    nu_min=2.154e+01, nu_max=5.000e+03, nu_mean=4.541e+01, nu_std=7.970e+01
    nu_p05=2.198e+01, nu_p50=2.685e+01, nu_p95=1.111e+02, nu_p99=1.745e+02, interior_frac=0.000
[Frame  314] mode=DIR  iters=   5000, x_range=6.976e-03, y_range=3.986e-03
    nu_min=2.156e+01, nu_max=5.000e+03, nu_mean=4.557e+01, nu_std=8.133e+01
    nu_p05=2.221e+01, nu_p50=2.699e+01, nu_p95=1.110e+02, nu_p99=1.745e+02, interior_frac=0.000
[Frame  315] mode=DIR  iters=   5000, x_range=6.839e-03, y_range=3.908e-03
    nu_min=2.159e+01, nu_max=5.000e+03, nu_mean=4.574e+01, nu_std=8.314e+01
    nu_p05=2.226e+01, nu_p50=2.725e+01, nu_p95=1.106e+02, nu_p99=1.742e+02, interior_frac=0.000
[Frame  316] mode=DIR  iters=   5000, x_range=6.705e-03, y_range=3.832e-03
    nu_min=2.161e+01, nu_max=5.000e+03, nu_mean=4.587e+01, nu_std=8.441e+01
    nu_p05=2.229e+01, nu_p50=2.749e+01, nu_p95=1.100e+02, nu_p99=1.737e+02, interior_frac=0.000
[Frame  317] mode=DIR  iters=   5000, x_range=6.574e-03, y_range=3.756e-03
    nu_min=2.164e+01, nu_max=5.000e+03, nu_mean=4.589e+01, nu_std=8.404e+01
    nu_p05=2.232e+01, nu_p50=2.776e+01, nu_p95=1.096e+02, nu_p99=1.724e+02, interior_frac=0.000
[Frame  318] mode=DIR  iters=   5000, x_range=6.445e-03, y_range=3.683e-03
    nu_min=2.166e+01, nu_max=5.000e+03, nu_mean=4.602e+01, nu_std=8.477e+01
    nu_p05=2.236e+01, nu_p50=2.799e+01, nu_p95=1.094e+02, nu_p99=1.717e+02, interior_frac=0.000
[Frame  319] mode=DIR  iters=   5000, x_range=6.318e-03, y_range=3.611e-03
    nu_min=2.169e+01, nu_max=5.000e+03, nu_mean=4.619e+01, nu_std=8.602e+01
    nu_p05=2.239e+01, nu_p50=2.837e+01, nu_p95=1.093e+02, nu_p99=1.707e+02, interior_frac=0.000
[Frame  320] mode=DIR  iters=   5000, x_range=6.195e-03, y_range=3.540e-03
    nu_min=2.171e+01, nu_max=5.000e+03, nu_mean=4.632e+01, nu_std=8.747e+01
    nu_p05=2.243e+01, nu_p50=2.874e+01, nu_p95=1.086e+02, nu_p99=1.702e+02, interior_frac=0.000
[Frame  321] mode=DIR  iters=   5000, x_range=6.073e-03, y_range=3.470e-03
    nu_min=2.173e+01, nu_max=5.000e+03, nu_mean=4.649e+01, nu_std=8.975e+01
    nu_p05=2.246e+01, nu_p50=2.913e+01, nu_p95=1.082e+02, nu_p99=1.690e+02, interior_frac=0.000
[Frame  322] mode=DIR  iters=   5000, x_range=5.954e-03, y_range=3.402e-03
    nu_min=2.176e+01, nu_max=5.000e+03, nu_mean=4.666e+01, nu_std=9.092e+01
    nu_p05=2.250e+01, nu_p50=2.960e+01, nu_p95=1.080e+02, nu_p99=1.691e+02, interior_frac=0.000
[Frame  323] mode=DIR  iters=   5000, x_range=5.837e-03, y_range=3.336e-03
    nu_min=2.178e+01, nu_max=5.000e+03, nu_mean=4.685e+01, nu_std=9.206e+01
    nu_p05=2.253e+01, nu_p50=3.005e+01, nu_p95=1.082e+02, nu_p99=1.694e+02, interior_frac=0.000
[Frame  324] mode=DIR  iters=   5000, x_range=5.723e-03, y_range=3.270e-03
    nu_min=2.181e+01, nu_max=5.000e+03, nu_mean=4.704e+01, nu_std=9.439e+01
    nu_p05=2.257e+01, nu_p50=3.064e+01, nu_p95=1.080e+02, nu_p99=1.689e+02, interior_frac=0.000
[Frame  325] mode=DIR  iters=   5000, x_range=5.611e-03, y_range=3.206e-03
    nu_min=2.183e+01, nu_max=5.000e+03, nu_mean=4.716e+01, nu_std=9.504e+01
    nu_p05=2.261e+01, nu_p50=3.127e+01, nu_p95=1.077e+02, nu_p99=1.685e+02, interior_frac=0.000
[Frame  326] mode=DIR  iters=   5000, x_range=5.501e-03, y_range=3.143e-03
    nu_min=2.185e+01, nu_max=5.000e+03, nu_mean=4.739e+01, nu_std=9.698e+01
    nu_p05=2.264e+01, nu_p50=3.199e+01, nu_p95=1.079e+02, nu_p99=1.686e+02, interior_frac=0.000
[Frame  327] mode=DIR  iters=   5000, x_range=5.393e-03, y_range=3.082e-03
    nu_min=2.188e+01, nu_max=5.000e+03, nu_mean=4.760e+01, nu_std=9.824e+01
    nu_p05=2.268e+01, nu_p50=3.303e+01, nu_p95=1.080e+02, nu_p99=1.684e+02, interior_frac=0.000
[Frame  328] mode=DIR  iters=   5000, x_range=5.287e-03, y_range=3.021e-03
    nu_min=2.190e+01, nu_max=5.000e+03, nu_mean=4.772e+01, nu_std=9.712e+01
    nu_p05=2.272e+01, nu_p50=3.446e+01, nu_p95=1.080e+02, nu_p99=1.680e+02, interior_frac=0.000
[Frame  329] mode=DIR  iters=   5000, x_range=5.183e-03, y_range=2.962e-03
    nu_min=2.192e+01, nu_max=5.000e+03, nu_mean=4.802e+01, nu_std=9.880e+01
    nu_p05=2.276e+01, nu_p50=3.614e+01, nu_p95=1.085e+02, nu_p99=1.687e+02, interior_frac=0.000
[Frame  330] mode=DIR  iters=   5000, x_range=5.082e-03, y_range=2.904e-03
    nu_min=2.195e+01, nu_max=5.000e+03, nu_mean=4.835e+01, nu_std=1.008e+02
    nu_p05=2.280e+01, nu_p50=3.803e+01, nu_p95=1.092e+02, nu_p99=1.688e+02, interior_frac=0.000
[Frame  331] mode=DIR  iters=   5000, x_range=4.982e-03, y_range=2.847e-03
    nu_min=2.197e+01, nu_max=5.000e+03, nu_mean=4.869e+01, nu_std=1.032e+02
    nu_p05=2.284e+01, nu_p50=3.994e+01, nu_p95=1.097e+02, nu_p99=1.696e+02, interior_frac=0.000
[Frame  332] mode=DIR  iters=   5000, x_range=4.884e-03, y_range=2.791e-03
    nu_min=2.199e+01, nu_max=5.000e+03, nu_mean=4.902e+01, nu_std=1.046e+02
    nu_p05=2.288e+01, nu_p50=4.143e+01, nu_p95=1.102e+02, nu_p99=1.699e+02, interior_frac=0.000
[Frame  333] mode=DIR  iters=   5000, x_range=4.789e-03, y_range=2.736e-03
    nu_min=2.227e+01, nu_max=5.000e+03, nu_mean=4.941e+01, nu_std=1.065e+02
    nu_p05=2.292e+01, nu_p50=4.217e+01, nu_p95=1.110e+02, nu_p99=1.705e+02, interior_frac=0.000
[Frame  334] mode=DIR  iters=   5000, x_range=4.695e-03, y_range=2.683e-03
    nu_min=2.230e+01, nu_max=5.000e+03, nu_mean=4.978e+01, nu_std=1.085e+02
    nu_p05=2.296e+01, nu_p50=4.265e+01, nu_p95=1.116e+02, nu_p99=1.705e+02, interior_frac=0.000
[Frame  335] mode=DIR  iters=   5000, x_range=4.603e-03, y_range=2.630e-03
    nu_min=2.234e+01, nu_max=5.000e+03, nu_mean=5.015e+01, nu_std=1.098e+02
    nu_p05=2.301e+01, nu_p50=4.297e+01, nu_p95=1.123e+02, nu_p99=1.714e+02, interior_frac=0.000
[Frame  336] mode=DIR  iters=   5000, x_range=4.512e-03, y_range=2.579e-03
    nu_min=2.237e+01, nu_max=5.000e+03, nu_mean=5.052e+01, nu_std=1.115e+02
    nu_p05=2.312e+01, nu_p50=4.330e+01, nu_p95=1.128e+02, nu_p99=1.717e+02, interior_frac=0.000
[Frame  337] mode=DIR  iters=   5000, x_range=4.424e-03, y_range=2.528e-03
    nu_min=2.241e+01, nu_max=5.000e+03, nu_mean=5.091e+01, nu_std=1.135e+02
    nu_p05=2.320e+01, nu_p50=4.356e+01, nu_p95=1.132e+02, nu_p99=1.724e+02, interior_frac=0.000
[Frame  338] mode=DIR  iters=   5000, x_range=4.337e-03, y_range=2.478e-03
    nu_min=2.244e+01, nu_max=5.000e+03, nu_mean=5.133e+01, nu_std=1.167e+02
    nu_p05=2.326e+01, nu_p50=4.379e+01, nu_p95=1.134e+02, nu_p99=1.724e+02, interior_frac=0.001
[Frame  339] mode=DIR  iters=   5000, x_range=4.252e-03, y_range=2.430e-03
    nu_min=2.248e+01, nu_max=5.000e+03, nu_mean=5.167e+01, nu_std=1.182e+02
    nu_p05=2.331e+01, nu_p50=4.397e+01, nu_p95=1.136e+02, nu_p99=1.727e+02, interior_frac=0.001
[Frame  340] mode=DIR  iters=   5000, x_range=4.169e-03, y_range=2.382e-03
    nu_min=2.252e+01, nu_max=5.000e+03, nu_mean=5.201e+01, nu_std=1.205e+02
    nu_p05=2.337e+01, nu_p50=4.432e+01, nu_p95=1.137e+02, nu_p99=1.722e+02, interior_frac=0.001
[Frame  341] mode=DIR  iters=   5000, x_range=4.087e-03, y_range=2.335e-03
    nu_min=2.255e+01, nu_max=5.000e+03, nu_mean=5.234e+01, nu_std=1.223e+02
    nu_p05=2.343e+01, nu_p50=4.456e+01, nu_p95=1.137e+02, nu_p99=1.725e+02, interior_frac=0.001
[Frame  342] mode=DIR  iters=   5000, x_range=4.007e-03, y_range=2.290e-03
    nu_min=2.259e+01, nu_max=5.000e+03, nu_mean=5.236e+01, nu_std=1.173e+02
    nu_p05=2.349e+01, nu_p50=4.481e+01, nu_p95=1.140e+02, nu_p99=1.725e+02, interior_frac=0.001
[Frame  343] mode=DIR  iters=   5000, x_range=3.928e-03, y_range=2.245e-03
    nu_min=2.263e+01, nu_max=5.000e+03, nu_mean=5.271e+01, nu_std=1.195e+02
    nu_p05=2.354e+01, nu_p50=4.499e+01, nu_p95=1.140e+02, nu_p99=1.721e+02, interior_frac=0.001
[Frame  344] mode=DIR  iters=   5000, x_range=3.851e-03, y_range=2.201e-03
    nu_min=2.267e+01, nu_max=5.000e+03, nu_mean=5.313e+01, nu_std=1.218e+02
    nu_p05=2.360e+01, nu_p50=4.527e+01, nu_p95=1.146e+02, nu_p99=1.733e+02, interior_frac=0.001
[Frame  345] mode=DIR  iters=   5000, x_range=3.776e-03, y_range=2.158e-03
    nu_min=2.271e+01, nu_max=5.000e+03, nu_mean=5.357e+01, nu_std=1.242e+02
    nu_p05=2.366e+01, nu_p50=4.550e+01, nu_p95=1.149e+02, nu_p99=1.732e+02, interior_frac=0.001
[Frame  346] mode=DIR  iters=   5000, x_range=3.702e-03, y_range=2.115e-03
    nu_min=2.275e+01, nu_max=5.000e+03, nu_mean=5.405e+01, nu_std=1.266e+02
    nu_p05=2.373e+01, nu_p50=4.572e+01, nu_p95=1.155e+02, nu_p99=1.743e+02, interior_frac=0.001
[Frame  347] mode=DIR  iters=   5000, x_range=3.629e-03, y_range=2.074e-03
    nu_min=2.279e+01, nu_max=5.000e+03, nu_mean=5.448e+01, nu_std=1.285e+02
    nu_p05=2.379e+01, nu_p50=4.591e+01, nu_p95=1.158e+02, nu_p99=1.749e+02, interior_frac=0.001
[Frame  348] mode=DIR  iters=   5000, x_range=3.558e-03, y_range=2.033e-03
    nu_min=2.283e+01, nu_max=5.000e+03, nu_mean=5.404e+01, nu_std=1.127e+02
    nu_p05=2.385e+01, nu_p50=4.613e+01, nu_p95=1.161e+02, nu_p99=1.739e+02, interior_frac=0.000
[Frame  349] mode=DIR  iters=   5000, x_range=3.488e-03, y_range=1.993e-03
    nu_min=2.287e+01, nu_max=5.000e+03, nu_mean=5.443e+01, nu_std=1.136e+02
    nu_p05=2.390e+01, nu_p50=4.635e+01, nu_p95=1.165e+02, nu_p99=1.744e+02, interior_frac=0.000
[Frame  350] mode=DIR  iters=   5000, x_range=3.420e-03, y_range=1.954e-03
    nu_min=2.291e+01, nu_max=5.000e+03, nu_mean=5.489e+01, nu_std=1.158e+02
    nu_p05=2.395e+01, nu_p50=4.654e+01, nu_p95=1.169e+02, nu_p99=1.746e+02, interior_frac=0.000
[Frame  351] mode=DIR  iters=   5000, x_range=3.353e-03, y_range=1.916e-03
    nu_min=2.296e+01, nu_max=5.000e+03, nu_mean=5.537e+01, nu_std=1.173e+02
    nu_p05=2.399e+01, nu_p50=4.672e+01, nu_p95=1.175e+02, nu_p99=1.756e+02, interior_frac=0.001
[Frame  352] mode=DIR  iters=   5000, x_range=3.287e-03, y_range=1.878e-03
    nu_min=2.300e+01, nu_max=5.000e+03, nu_mean=5.596e+01, nu_std=1.202e+02
    nu_p05=2.407e+01, nu_p50=4.689e+01, nu_p95=1.182e+02, nu_p99=1.769e+02, interior_frac=0.001
[Frame  353] mode=DIR  iters=   5000, x_range=3.223e-03, y_range=1.841e-03
    nu_min=2.328e+01, nu_max=5.000e+03, nu_mean=5.654e+01, nu_std=1.225e+02
    nu_p05=2.414e+01, nu_p50=4.699e+01, nu_p95=1.189e+02, nu_p99=1.778e+02, interior_frac=0.001
[Frame  354] mode=DIR  iters=   5000, x_range=3.159e-03, y_range=1.805e-03
    nu_min=2.334e+01, nu_max=5.000e+03, nu_mean=5.711e+01, nu_std=1.245e+02
    nu_p05=2.422e+01, nu_p50=4.719e+01, nu_p95=1.198e+02, nu_p99=1.789e+02, interior_frac=0.001
[Frame  355] mode=DIR  iters=   5000, x_range=3.097e-03, y_range=1.770e-03
    nu_min=2.341e+01, nu_max=5.000e+03, nu_mean=5.770e+01, nu_std=1.267e+02
    nu_p05=2.429e+01, nu_p50=4.735e+01, nu_p95=1.206e+02, nu_p99=1.799e+02, interior_frac=0.001
[Frame  356] mode=DIR  iters=   5000, x_range=3.037e-03, y_range=1.735e-03
    nu_min=2.348e+01, nu_max=5.000e+03, nu_mean=5.835e+01, nu_std=1.294e+02
    nu_p05=2.437e+01, nu_p50=4.750e+01, nu_p95=1.214e+02, nu_p99=1.812e+02, interior_frac=0.001
[Frame  357] mode=DIR  iters=   5000, x_range=2.977e-03, y_range=1.701e-03
    nu_min=2.356e+01, nu_max=5.000e+03, nu_mean=5.894e+01, nu_std=1.321e+02
    nu_p05=2.445e+01, nu_p50=4.764e+01, nu_p95=1.219e+02, nu_p99=1.822e+02, interior_frac=0.001
[Frame  358] mode=DIR  iters=   5000, x_range=2.919e-03, y_range=1.668e-03
    nu_min=2.364e+01, nu_max=5.000e+03, nu_mean=5.940e+01, nu_std=1.340e+02
    nu_p05=2.453e+01, nu_p50=4.775e+01, nu_p95=1.223e+02, nu_p99=1.826e+02, interior_frac=0.001
[Frame  359] mode=DIR  iters=   5000, x_range=2.862e-03, y_range=1.635e-03
    nu_min=2.372e+01, nu_max=5.000e+03, nu_mean=5.988e+01, nu_std=1.367e+02
    nu_p05=2.461e+01, nu_p50=4.782e+01, nu_p95=1.228e+02, nu_p99=1.832e+02, interior_frac=0.001
[Frame  360] mode=DIR  iters=   5000, x_range=2.805e-03, y_range=1.603e-03
    nu_min=2.381e+01, nu_max=5.000e+03, nu_mean=6.030e+01, nu_std=1.390e+02
    nu_p05=2.470e+01, nu_p50=4.788e+01, nu_p95=1.229e+02, nu_p99=1.834e+02, interior_frac=0.001
[Frame  361] mode=DIR  iters=   5000, x_range=2.750e-03, y_range=1.572e-03
    nu_min=2.391e+01, nu_max=5.000e+03, nu_mean=6.074e+01, nu_std=1.419e+02
    nu_p05=2.479e+01, nu_p50=4.793e+01, nu_p95=1.232e+02, nu_p99=1.837e+02, interior_frac=0.001
[Frame  362] mode=DIR  iters=   5000, x_range=2.697e-03, y_range=1.541e-03
    nu_min=2.407e+01, nu_max=5.000e+03, nu_mean=6.109e+01, nu_std=1.444e+02
    nu_p05=2.487e+01, nu_p50=4.798e+01, nu_p95=1.233e+02, nu_p99=1.842e+02, interior_frac=0.001
[Frame  363] mode=DIR  iters=   5000, x_range=2.644e-03, y_range=1.511e-03
    nu_min=2.419e+01, nu_max=5.000e+03, nu_mean=6.143e+01, nu_std=1.472e+02
    nu_p05=2.494e+01, nu_p50=4.809e+01, nu_p95=1.235e+02, nu_p99=1.845e+02, interior_frac=0.001
[Frame  364] mode=DIR  iters=   5000, x_range=2.592e-03, y_range=1.481e-03
    nu_min=2.432e+01, nu_max=5.000e+03, nu_mean=6.164e+01, nu_std=1.488e+02
    nu_p05=2.500e+01, nu_p50=4.820e+01, nu_p95=1.234e+02, nu_p99=1.843e+02, interior_frac=0.001
[Frame  365] mode=DIR  iters=   5000, x_range=2.541e-03, y_range=1.452e-03
    nu_min=2.447e+01, nu_max=5.000e+03, nu_mean=6.150e+01, nu_std=1.456e+02
    nu_p05=2.515e+01, nu_p50=4.827e+01, nu_p95=1.232e+02, nu_p99=1.829e+02, interior_frac=0.001
[Frame  366] mode=DIR  iters=   5000, x_range=2.491e-03, y_range=1.424e-03
    nu_min=2.462e+01, nu_max=5.000e+03, nu_mean=6.068e+01, nu_std=1.303e+02
    nu_p05=2.527e+01, nu_p50=4.833e+01, nu_p95=1.228e+02, nu_p99=1.814e+02, interior_frac=0.001
[Frame  367] mode=DIR  iters=   5000, x_range=2.442e-03, y_range=1.396e-03
    nu_min=2.477e+01, nu_max=5.000e+03, nu_mean=5.935e+01, nu_std=1.002e+02
    nu_p05=2.539e+01, nu_p50=4.837e+01, nu_p95=1.225e+02, nu_p99=1.801e+02, interior_frac=0.000
[Frame  368] mode=DIR  iters=   5000, x_range=2.394e-03, y_range=1.368e-03
    nu_min=2.483e+01, nu_max=5.000e+03, nu_mean=5.834e+01, nu_std=6.884e+01
    nu_p05=2.551e+01, nu_p50=4.842e+01, nu_p95=1.223e+02, nu_p99=1.786e+02, interior_frac=0.000
[Frame  369] mode=DIR  iters=   5000, x_range=2.347e-03, y_range=1.341e-03
    nu_min=2.493e+01, nu_max=5.000e+03, nu_mean=5.777e+01, nu_std=4.208e+01
    nu_p05=2.565e+01, nu_p50=4.848e+01, nu_p95=1.220e+02, nu_p99=1.775e+02, interior_frac=0.000
[Frame  370] mode=DIR  iters=   5000, x_range=2.301e-03, y_range=1.315e-03
    nu_min=2.500e+01, nu_max=5.000e+03, nu_mean=5.776e+01, nu_std=3.726e+01
    nu_p05=2.578e+01, nu_p50=4.853e+01, nu_p95=1.219e+02, nu_p99=1.771e+02, interior_frac=0.000
[Frame  371] mode=DIR  iters=   5000, x_range=2.256e-03, y_range=1.289e-03
    nu_min=2.507e+01, nu_max=5.000e+03, nu_mean=5.783e+01, nu_std=3.729e+01
    nu_p05=2.591e+01, nu_p50=4.858e+01, nu_p95=1.218e+02, nu_p99=1.768e+02, interior_frac=0.000
[Frame  372] mode=DIR  iters=   5000, x_range=2.212e-03, y_range=1.264e-03
    nu_min=2.514e+01, nu_max=5.000e+03, nu_mean=5.797e+01, nu_std=3.761e+01
    nu_p05=2.603e+01, nu_p50=4.864e+01, nu_p95=1.219e+02, nu_p99=1.768e+02, interior_frac=0.000
[Frame  373] mode=DIR  iters=   5000, x_range=2.169e-03, y_range=1.239e-03
    nu_min=2.522e+01, nu_max=5.000e+03, nu_mean=5.810e+01, nu_std=3.840e+01
    nu_p05=2.622e+01, nu_p50=4.870e+01, nu_p95=1.222e+02, nu_p99=1.768e+02, interior_frac=0.000
[Frame  374] mode=DIR  iters=   5000, x_range=2.126e-03, y_range=1.215e-03
    nu_min=2.529e+01, nu_max=5.000e+03, nu_mean=5.817e+01, nu_std=3.751e+01
    nu_p05=2.639e+01, nu_p50=4.876e+01, nu_p95=1.221e+02, nu_p99=1.773e+02, interior_frac=0.000
[Frame  375] mode=DIR  iters=   5000, x_range=2.085e-03, y_range=1.191e-03
    nu_min=2.536e+01, nu_max=5.000e+03, nu_mean=5.820e+01, nu_std=3.728e+01
    nu_p05=2.655e+01, nu_p50=4.880e+01, nu_p95=1.219e+02, nu_p99=1.769e+02, interior_frac=0.000
[Frame  376] mode=DIR  iters=   5000, x_range=2.044e-03, y_range=1.168e-03
    nu_min=2.543e+01, nu_max=5.000e+03, nu_mean=5.818e+01, nu_std=3.652e+01
    nu_p05=2.672e+01, nu_p50=4.884e+01, nu_p95=1.214e+02, nu_p99=1.758e+02, interior_frac=0.000
[Frame  377] mode=DIR  iters=   5000, x_range=2.004e-03, y_range=1.145e-03
    nu_min=2.551e+01, nu_max=5.000e+03, nu_mean=5.817e+01, nu_std=3.628e+01
    nu_p05=2.687e+01, nu_p50=4.887e+01, nu_p95=1.210e+02, nu_p99=1.756e+02, interior_frac=0.000
[Frame  378] mode=DIR  iters=   5000, x_range=1.964e-03, y_range=1.122e-03
    nu_min=2.559e+01, nu_max=5.000e+03, nu_mean=5.811e+01, nu_std=3.599e+01
    nu_p05=2.698e+01, nu_p50=4.890e+01, nu_p95=1.205e+02, nu_p99=1.747e+02, interior_frac=0.000
[Frame  379] mode=DIR  iters=   5000, x_range=1.926e-03, y_range=1.100e-03
    nu_min=2.567e+01, nu_max=5.000e+03, nu_mean=5.800e+01, nu_std=3.486e+01
    nu_p05=2.716e+01, nu_p50=4.891e+01, nu_p95=1.194e+02, nu_p99=1.737e+02, interior_frac=0.000
[Frame  380] mode=DIR  iters=   5000, x_range=1.888e-03, y_range=1.079e-03
    nu_min=2.575e+01, nu_max=5.000e+03, nu_mean=5.793e+01, nu_std=3.445e+01
    nu_p05=2.732e+01, nu_p50=4.892e+01, nu_p95=1.181e+02, nu_p99=1.722e+02, interior_frac=0.000
[Frame  381] mode=DIR  iters=   5000, x_range=1.851e-03, y_range=1.058e-03
    nu_min=2.583e+01, nu_max=5.000e+03, nu_mean=5.789e+01, nu_std=3.438e+01
    nu_p05=2.748e+01, nu_p50=4.894e+01, nu_p95=1.172e+02, nu_p99=1.712e+02, interior_frac=0.000
[Frame  382] mode=DIR  iters=   5000, x_range=1.815e-03, y_range=1.037e-03
    nu_min=2.592e+01, nu_max=5.000e+03, nu_mean=5.786e+01, nu_std=3.427e+01
    nu_p05=2.764e+01, nu_p50=4.899e+01, nu_p95=1.160e+02, nu_p99=1.687e+02, interior_frac=0.000
[Frame  383] mode=DIR  iters=   5000, x_range=1.779e-03, y_range=1.017e-03
    nu_min=2.613e+01, nu_max=5.000e+03, nu_mean=5.785e+01, nu_std=3.334e+01
    nu_p05=2.781e+01, nu_p50=4.914e+01, nu_p95=1.150e+02, nu_p99=1.663e+02, interior_frac=0.000
[Frame  384] mode=DIR  iters=   5000, x_range=1.744e-03, y_range=9.967e-04
    nu_min=2.623e+01, nu_max=5.000e+03, nu_mean=5.796e+01, nu_std=3.450e+01
    nu_p05=2.795e+01, nu_p50=4.927e+01, nu_p95=1.148e+02, nu_p99=1.650e+02, interior_frac=0.000
[Frame  385] mode=DIR  iters=   5000, x_range=1.710e-03, y_range=9.772e-04
    nu_min=2.634e+01, nu_max=5.000e+03, nu_mean=5.800e+01, nu_std=3.422e+01
    nu_p05=2.819e+01, nu_p50=4.939e+01, nu_p95=1.142e+02, nu_p99=1.644e+02, interior_frac=0.000
[Frame  386] mode=DIR  iters=   5000, x_range=1.676e-03, y_range=9.580e-04
    nu_min=2.646e+01, nu_max=5.000e+03, nu_mean=5.801e+01, nu_std=3.462e+01
    nu_p05=2.839e+01, nu_p50=4.951e+01, nu_p95=1.135e+02, nu_p99=1.639e+02, interior_frac=0.000
[Frame  387] mode=DIR  iters=   5000, x_range=1.644e-03, y_range=9.392e-04
    nu_min=2.658e+01, nu_max=5.000e+03, nu_mean=5.803e+01, nu_std=3.391e+01
    nu_p05=2.858e+01, nu_p50=4.965e+01, nu_p95=1.132e+02, nu_p99=1.632e+02, interior_frac=0.000
[Frame  388] mode=DIR  iters=   5000, x_range=1.611e-03, y_range=9.208e-04
    nu_min=2.671e+01, nu_max=5.000e+03, nu_mean=5.810e+01, nu_std=3.373e+01
    nu_p05=2.878e+01, nu_p50=4.981e+01, nu_p95=1.131e+02, nu_p99=1.634e+02, interior_frac=0.000
[Frame  389] mode=DIR  iters=   5000, x_range=1.580e-03, y_range=9.027e-04
    nu_min=2.682e+01, nu_max=5.000e+03, nu_mean=5.817e+01, nu_std=3.265e+01
    nu_p05=2.895e+01, nu_p50=4.993e+01, nu_p95=1.130e+02, nu_p99=1.629e+02, interior_frac=0.000
[Frame  390] mode=DIR  iters=   5000, x_range=1.549e-03, y_range=8.850e-04
    nu_min=2.682e+01, nu_max=5.000e+03, nu_mean=5.828e+01, nu_std=3.260e+01
    nu_p05=2.919e+01, nu_p50=5.011e+01, nu_p95=1.130e+02, nu_p99=1.623e+02, interior_frac=0.000
[Frame  391] mode=DIR  iters=   5000, x_range=1.518e-03, y_range=8.677e-04
    nu_min=2.692e+01, nu_max=5.000e+03, nu_mean=5.845e+01, nu_std=3.320e+01
    nu_p05=2.942e+01, nu_p50=5.035e+01, nu_p95=1.133e+02, nu_p99=1.630e+02, interior_frac=0.000
[Frame  392] mode=DIR  iters=   5000, x_range=1.489e-03, y_range=8.507e-04
    nu_min=2.703e+01, nu_max=5.000e+03, nu_mean=5.863e+01, nu_std=3.373e+01
    nu_p05=2.965e+01, nu_p50=5.060e+01, nu_p95=1.135e+02, nu_p99=1.629e+02, interior_frac=0.000
[Frame  393] mode=DIR  iters=   5000, x_range=1.459e-03, y_range=8.340e-04
    nu_min=2.715e+01, nu_max=5.000e+03, nu_mean=5.887e+01, nu_std=3.381e+01
    nu_p05=2.987e+01, nu_p50=5.088e+01, nu_p95=1.140e+02, nu_p99=1.634e+02, interior_frac=0.000
[Frame  394] mode=DIR  iters=   5000, x_range=1.431e-03, y_range=8.176e-04
    nu_min=2.726e+01, nu_max=5.000e+03, nu_mean=5.909e+01, nu_std=2.883e+01
    nu_p05=3.010e+01, nu_p50=5.119e+01, nu_p95=1.145e+02, nu_p99=1.638e+02, interior_frac=0.000
[Frame  395] mode=DIR  iters=   5000, x_range=1.403e-03, y_range=8.016e-04
    nu_min=2.738e+01, nu_max=5.000e+03, nu_mean=5.939e+01, nu_std=2.859e+01
    nu_p05=3.038e+01, nu_p50=5.151e+01, nu_p95=1.150e+02, nu_p99=1.642e+02, interior_frac=0.000
[Frame  396] mode=DIR  iters=   5000, x_range=1.375e-03, y_range=7.859e-04
    nu_min=2.750e+01, nu_max=5.000e+03, nu_mean=5.972e+01, nu_std=2.989e+01
    nu_p05=3.063e+01, nu_p50=5.181e+01, nu_p95=1.156e+02, nu_p99=1.646e+02, interior_frac=0.000
[Frame  397] mode=DIR  iters=   5000, x_range=1.348e-03, y_range=7.705e-04
    nu_min=2.763e+01, nu_max=5.000e+03, nu_mean=6.004e+01, nu_std=2.965e+01
    nu_p05=3.087e+01, nu_p50=5.210e+01, nu_p95=1.162e+02, nu_p99=1.656e+02, interior_frac=0.000
[Frame  398] mode=DIR  iters=   5000, x_range=1.322e-03, y_range=7.554e-04
    nu_min=2.775e+01, nu_max=5.000e+03, nu_mean=6.030e+01, nu_std=2.996e+01
    nu_p05=3.107e+01, nu_p50=5.249e+01, nu_p95=1.165e+02, nu_p99=1.658e+02, interior_frac=0.000
[Frame  399] mode=DIR  iters=   5000, x_range=1.296e-03, y_range=7.406e-04
    nu_min=2.788e+01, nu_max=5.000e+03, nu_mean=6.064e+01, nu_std=2.967e+01
    nu_p05=3.135e+01, nu_p50=5.291e+01, nu_p95=1.170e+02, nu_p99=1.661e+02, interior_frac=0.000
[Frame  400] mode=DIR  iters=   5000, x_range=1.271e-03, y_range=7.260e-04
    nu_min=2.822e+01, nu_max=5.000e+03, nu_mean=6.107e+01, nu_std=2.994e+01
    nu_p05=3.159e+01, nu_p50=5.350e+01, nu_p95=1.176e+02, nu_p99=1.669e+02, interior_frac=0.000
[Frame  401] mode=DIR  iters=   5000, x_range=1.246e-03, y_range=7.118e-04
    nu_min=2.840e+01, nu_max=5.000e+03, nu_mean=6.164e+01, nu_std=3.043e+01
    nu_p05=3.182e+01, nu_p50=5.411e+01, nu_p95=1.185e+02, nu_p99=1.680e+02, interior_frac=0.000
[Frame  402] mode=DIR  iters=   5000, x_range=1.221e-03, y_range=6.978e-04
    nu_min=2.860e+01, nu_max=5.000e+03, nu_mean=6.220e+01, nu_std=3.013e+01
    nu_p05=3.198e+01, nu_p50=5.479e+01, nu_p95=1.193e+02, nu_p99=1.685e+02, interior_frac=0.000
[Frame  403] mode=DIR  iters=   5000, x_range=1.197e-03, y_range=6.842e-04
    nu_min=2.881e+01, nu_max=5.000e+03, nu_mean=6.271e+01, nu_std=3.023e+01
    nu_p05=3.224e+01, nu_p50=5.543e+01, nu_p95=1.199e+02, nu_p99=1.693e+02, interior_frac=0.000
[Frame  404] mode=DIR  iters=   5000, x_range=1.174e-03, y_range=6.707e-04
    nu_min=2.885e+01, nu_max=5.000e+03, nu_mean=6.319e+01, nu_std=3.027e+01
    nu_p05=3.246e+01, nu_p50=5.601e+01, nu_p95=1.204e+02, nu_p99=1.698e+02, interior_frac=0.000
[Frame  405] mode=DIR  iters=   5000, x_range=1.151e-03, y_range=6.576e-04
    nu_min=2.902e+01, nu_max=5.000e+03, nu_mean=6.371e+01, nu_std=3.017e+01
    nu_p05=3.268e+01, nu_p50=5.672e+01, nu_p95=1.210e+02, nu_p99=1.706e+02, interior_frac=0.000
[Frame  406] mode=DIR  iters=   5000, x_range=1.128e-03, y_range=6.447e-04
    nu_min=2.920e+01, nu_max=5.000e+03, nu_mean=6.420e+01, nu_std=3.135e+01
    nu_p05=3.289e+01, nu_p50=5.738e+01, nu_p95=1.214e+02, nu_p99=1.712e+02, interior_frac=0.000
[Frame  407] mode=DIR  iters=   5000, x_range=1.106e-03, y_range=6.321e-04
    nu_min=2.937e+01, nu_max=5.000e+03, nu_mean=6.468e+01, nu_std=3.103e+01
    nu_p05=3.313e+01, nu_p50=5.798e+01, nu_p95=1.219e+02, nu_p99=1.717e+02, interior_frac=0.000
[Frame  408] mode=DIR  iters=   5000, x_range=1.084e-03, y_range=6.197e-04
    nu_min=2.955e+01, nu_max=5.000e+03, nu_mean=6.513e+01, nu_std=3.094e+01
    nu_p05=3.341e+01, nu_p50=5.867e+01, nu_p95=1.220e+02, nu_p99=1.717e+02, interior_frac=0.000
[Frame  409] mode=DIR  iters=   5000, x_range=1.063e-03, y_range=6.075e-04
    nu_min=2.973e+01, nu_max=5.000e+03, nu_mean=6.558e+01, nu_std=3.029e+01
    nu_p05=3.371e+01, nu_p50=5.930e+01, nu_p95=1.221e+02, nu_p99=1.718e+02, interior_frac=0.000
[Frame  410] mode=DIR  iters=   5000, x_range=1.042e-03, y_range=5.956e-04
    nu_min=2.992e+01, nu_max=5.000e+03, nu_mean=6.611e+01, nu_std=3.058e+01
    nu_p05=3.397e+01, nu_p50=5.994e+01, nu_p95=1.224e+02, nu_p99=1.722e+02, interior_frac=0.000
[Frame  411] mode=DIR  iters=   5000, x_range=1.022e-03, y_range=5.839e-04
    nu_min=3.038e+01, nu_max=5.000e+03, nu_mean=6.663e+01, nu_std=2.995e+01
    nu_p05=3.430e+01, nu_p50=6.064e+01, nu_p95=1.228e+02, nu_p99=1.725e+02, interior_frac=0.000
[Frame  412] mode=DIR  iters=   5000, x_range=1.002e-03, y_range=5.725e-04
    nu_min=3.067e+01, nu_max=5.000e+03, nu_mean=6.718e+01, nu_std=2.995e+01
    nu_p05=3.464e+01, nu_p50=6.131e+01, nu_p95=1.234e+02, nu_p99=1.732e+02, interior_frac=0.000
[Frame  413] mode=DIR  iters=   5000, x_range=9.822e-04, y_range=5.613e-04
    nu_min=3.086e+01, nu_max=5.000e+03, nu_mean=6.776e+01, nu_std=2.993e+01
    nu_p05=3.496e+01, nu_p50=6.195e+01, nu_p95=1.239e+02, nu_p99=1.737e+02, interior_frac=0.000
[Frame  414] mode=DIR  iters=   5000, x_range=9.629e-04, y_range=5.502e-04
    nu_min=3.109e+01, nu_max=5.000e+03, nu_mean=6.837e+01, nu_std=2.991e+01
    nu_p05=3.544e+01, nu_p50=6.263e+01, nu_p95=1.245e+02, nu_p99=1.746e+02, interior_frac=0.000
[Frame  415] mode=DIR  iters=   5000, x_range=9.441e-04, y_range=5.395e-04
    nu_min=3.133e+01, nu_max=5.000e+03, nu_mean=6.895e+01, nu_std=3.045e+01
    nu_p05=3.587e+01, nu_p50=6.321e+01, nu_p95=1.249e+02, nu_p99=1.747e+02, interior_frac=0.000
[Frame  416] mode=DIR  iters=   5000, x_range=9.255e-04, y_range=5.289e-04
    nu_min=3.157e+01, nu_max=5.000e+03, nu_mean=6.955e+01, nu_std=2.959e+01
    nu_p05=3.630e+01, nu_p50=6.377e+01, nu_p95=1.256e+02, nu_p99=1.752e+02, interior_frac=0.000
[Frame  417] mode=DIR  iters=   5000, x_range=9.074e-04, y_range=5.185e-04
    nu_min=3.182e+01, nu_max=5.000e+03, nu_mean=7.018e+01, nu_std=3.039e+01
    nu_p05=3.677e+01, nu_p50=6.429e+01, nu_p95=1.262e+02, nu_p99=1.761e+02, interior_frac=0.000
[Frame  418] mode=DIR  iters=   5000, x_range=8.896e-04, y_range=5.083e-04
    nu_min=3.234e+01, nu_max=5.000e+03, nu_mean=7.078e+01, nu_std=2.990e+01
    nu_p05=3.730e+01, nu_p50=6.484e+01, nu_p95=1.266e+02, nu_p99=1.763e+02, interior_frac=0.000
[Frame  419] mode=DIR  iters=   5000, x_range=8.722e-04, y_range=4.984e-04
    nu_min=3.274e+01, nu_max=5.000e+03, nu_mean=7.145e+01, nu_std=3.026e+01
    nu_p05=3.789e+01, nu_p50=6.538e+01, nu_p95=1.273e+02, nu_p99=1.771e+02, interior_frac=0.000
[Frame  420] mode=DIR  iters=   5000, x_range=8.551e-04, y_range=4.886e-04
    nu_min=3.303e+01, nu_max=5.000e+03, nu_mean=7.208e+01, nu_std=2.913e+01
    nu_p05=3.856e+01, nu_p50=6.587e+01, nu_p95=1.277e+02, nu_p99=1.775e+02, interior_frac=0.000
[Frame  421] mode=DIR  iters=   5000, x_range=8.383e-04, y_range=4.790e-04
    nu_min=3.333e+01, nu_max=5.000e+03, nu_mean=7.278e+01, nu_std=3.003e+01
    nu_p05=3.928e+01, nu_p50=6.634e+01, nu_p95=1.284e+02, nu_p99=1.784e+02, interior_frac=0.000
[Frame  422] mode=DIR  iters=   5000, x_range=8.219e-04, y_range=4.696e-04
    nu_min=3.363e+01, nu_max=5.000e+03, nu_mean=7.347e+01, nu_std=2.912e+01
    nu_p05=3.995e+01, nu_p50=6.681e+01, nu_p95=1.289e+02, nu_p99=1.791e+02, interior_frac=0.000
[Frame  423] mode=DIR  iters=   5000, x_range=8.057e-04, y_range=4.604e-04
    nu_min=3.394e+01, nu_max=5.000e+03, nu_mean=7.411e+01, nu_std=2.961e+01
    nu_p05=4.053e+01, nu_p50=6.721e+01, nu_p95=1.295e+02, nu_p99=1.796e+02, interior_frac=0.000
[Frame  424] mode=DIR  iters=   5000, x_range=7.899e-04, y_range=4.514e-04
    nu_min=3.463e+01, nu_max=5.000e+03, nu_mean=7.470e+01, nu_std=2.966e+01
    nu_p05=4.097e+01, nu_p50=6.757e+01, nu_p95=1.299e+02, nu_p99=1.800e+02, interior_frac=0.000
[Frame  425] mode=DIR  iters=   5000, x_range=7.745e-04, y_range=4.425e-04
    nu_min=3.507e+01, nu_max=5.000e+03, nu_mean=7.518e+01, nu_std=2.909e+01
    nu_p05=4.146e+01, nu_p50=6.784e+01, nu_p95=1.301e+02, nu_p99=1.799e+02, interior_frac=0.000
[Frame  426] mode=DIR  iters=   5000, x_range=7.593e-04, y_range=4.339e-04
    nu_min=3.544e+01, nu_max=5.000e+03, nu_mean=7.562e+01, nu_std=2.915e+01
    nu_p05=4.186e+01, nu_p50=6.801e+01, nu_p95=1.303e+02, nu_p99=1.803e+02, interior_frac=0.000
[Frame  427] mode=DIR  iters=   5000, x_range=7.444e-04, y_range=4.254e-04
    nu_min=3.578e+01, nu_max=5.000e+03, nu_mean=7.602e+01, nu_std=2.858e+01
    nu_p05=4.218e+01, nu_p50=6.829e+01, nu_p95=1.306e+02, nu_p99=1.802e+02, interior_frac=0.000
[Frame  428] mode=DIR  iters=   5000, x_range=7.298e-04, y_range=4.170e-04
    nu_min=3.643e+01, nu_max=5.000e+03, nu_mean=7.632e+01, nu_std=2.858e+01
    nu_p05=4.257e+01, nu_p50=6.846e+01, nu_p95=1.305e+02, nu_p99=1.799e+02, interior_frac=0.000
[Frame  429] mode=DIR  iters=   5000, x_range=7.155e-04, y_range=4.088e-04
    nu_min=3.704e+01, nu_max=5.000e+03, nu_mean=7.655e+01, nu_std=2.806e+01
    nu_p05=4.331e+01, nu_p50=6.860e+01, nu_p95=1.301e+02, nu_p99=1.796e+02, interior_frac=0.000
[Frame  430] mode=DIR  iters=   5000, x_range=7.014e-04, y_range=4.008e-04
    nu_min=3.744e+01, nu_max=5.000e+03, nu_mean=7.684e+01, nu_std=2.813e+01
    nu_p05=4.471e+01, nu_p50=6.872e+01, nu_p95=1.303e+02, nu_p99=1.798e+02, interior_frac=0.000
[Frame  431] mode=DIR  iters=   5000, x_range=6.877e-04, y_range=3.930e-04
    nu_min=3.781e+01, nu_max=5.000e+03, nu_mean=7.711e+01, nu_std=2.800e+01
    nu_p05=4.792e+01, nu_p50=6.882e+01, nu_p95=1.302e+02, nu_p99=1.799e+02, interior_frac=0.000
[Frame  432] mode=DIR  iters=   5000, x_range=6.742e-04, y_range=3.853e-04
    nu_min=3.849e+01, nu_max=5.000e+03, nu_mean=7.730e+01, nu_std=2.766e+01
    nu_p05=5.394e+01, nu_p50=6.882e+01, nu_p95=1.303e+02, nu_p99=1.797e+02, interior_frac=0.000
[Frame  433] mode=DIR  iters=   5000, x_range=6.610e-04, y_range=3.777e-04
    nu_min=3.914e+01, nu_max=5.000e+03, nu_mean=7.739e+01, nu_std=2.730e+01
    nu_p05=5.440e+01, nu_p50=6.876e+01, nu_p95=1.301e+02, nu_p99=1.798e+02, interior_frac=0.000
[Frame  434] mode=DIR  iters=   5000, x_range=6.480e-04, y_range=3.703e-04
    nu_min=3.952e+01, nu_max=5.000e+03, nu_mean=7.746e+01, nu_std=2.709e+01
    nu_p05=5.481e+01, nu_p50=6.874e+01, nu_p95=1.299e+02, nu_p99=1.790e+02, interior_frac=0.000
[Frame  435] mode=DIR  iters=   5000, x_range=6.353e-04, y_range=3.630e-04
    nu_min=3.986e+01, nu_max=5.000e+03, nu_mean=7.766e+01, nu_std=2.726e+01
    nu_p05=5.514e+01, nu_p50=6.883e+01, nu_p95=1.299e+02, nu_p99=1.792e+02, interior_frac=0.000
[Frame  436] mode=DIR  iters=   5000, x_range=6.229e-04, y_range=3.559e-04
    nu_min=4.053e+01, nu_max=5.000e+03, nu_mean=7.792e+01, nu_std=2.694e+01
    nu_p05=5.547e+01, nu_p50=6.895e+01, nu_p95=1.301e+02, nu_p99=1.793e+02, interior_frac=0.000
[Frame  437] mode=DIR  iters=   5000, x_range=6.107e-04, y_range=3.489e-04
    nu_min=4.111e+01, nu_max=5.000e+03, nu_mean=7.823e+01, nu_std=2.670e+01
    nu_p05=5.572e+01, nu_p50=6.917e+01, nu_p95=1.304e+02, nu_p99=1.796e+02, interior_frac=0.000
[Frame  438] mode=DIR  iters=   5000, x_range=5.987e-04, y_range=3.421e-04
    nu_min=4.143e+01, nu_max=5.000e+03, nu_mean=7.865e+01, nu_std=2.701e+01
    nu_p05=5.594e+01, nu_p50=6.944e+01, nu_p95=1.310e+02, nu_p99=1.805e+02, interior_frac=0.000
[Frame  439] mode=DIR  iters=   5000, x_range=5.869e-04, y_range=3.354e-04
    nu_min=4.171e+01, nu_max=5.000e+03, nu_mean=7.904e+01, nu_std=2.746e+01
    nu_p05=5.624e+01, nu_p50=6.975e+01, nu_p95=1.315e+02, nu_p99=1.807e+02, interior_frac=0.000
[Frame  440] mode=DIR  iters=   5000, x_range=5.754e-04, y_range=3.288e-04
    nu_min=4.198e+01, nu_max=1.759e+03, nu_mean=7.941e+01, nu_std=2.664e+01
    nu_p05=5.645e+01, nu_p50=7.020e+01, nu_p95=1.318e+02, nu_p99=1.811e+02, interior_frac=0.000
[Frame  441] mode=DIR  iters=   5000, x_range=5.641e-04, y_range=3.224e-04
    nu_min=4.261e+01, nu_max=5.000e+03, nu_mean=7.984e+01, nu_std=2.714e+01
    nu_p05=5.665e+01, nu_p50=7.081e+01, nu_p95=1.324e+02, nu_p99=1.819e+02, interior_frac=0.000
[Frame  442] mode=DIR  iters=   5000, x_range=5.531e-04, y_range=3.160e-04
    nu_min=4.310e+01, nu_max=5.000e+03, nu_mean=8.028e+01, nu_std=2.747e+01
    nu_p05=5.685e+01, nu_p50=7.148e+01, nu_p95=1.329e+02, nu_p99=1.826e+02, interior_frac=0.000
[Frame  443] mode=DIR  iters=   5000, x_range=5.422e-04, y_range=3.099e-04
    nu_min=4.379e+01, nu_max=5.000e+03, nu_mean=8.074e+01, nu_std=2.731e+01
    nu_p05=5.698e+01, nu_p50=7.228e+01, nu_p95=1.336e+02, nu_p99=1.831e+02, interior_frac=0.000
[Frame  444] mode=DIR  iters=   5000, x_range=5.316e-04, y_range=3.038e-04
    nu_min=4.479e+01, nu_max=5.712e+02, nu_mean=8.125e+01, nu_std=2.701e+01
    nu_p05=5.719e+01, nu_p50=7.315e+01, nu_p95=1.344e+02, nu_p99=1.839e+02, interior_frac=0.000
[Frame  445] mode=DIR  iters=   5000, x_range=5.212e-04, y_range=2.978e-04
    nu_min=4.837e+01, nu_max=5.088e+02, nu_mean=8.174e+01, nu_std=2.717e+01
    nu_p05=5.734e+01, nu_p50=7.400e+01, nu_p95=1.352e+02, nu_p99=1.846e+02, interior_frac=0.000
[Frame  446] mode=DIR  iters=   5000, x_range=5.110e-04, y_range=2.920e-04
    nu_min=5.031e+01, nu_max=1.003e+03, nu_mean=8.222e+01, nu_std=2.735e+01
    nu_p05=5.748e+01, nu_p50=7.488e+01, nu_p95=1.358e+02, nu_p99=1.854e+02, interior_frac=0.000
[Frame  447] mode=DIR  iters=   5000, x_range=5.009e-04, y_range=2.863e-04
    nu_min=5.201e+01, nu_max=9.953e+02, nu_mean=8.272e+01, nu_std=2.751e+01
    nu_p05=5.763e+01, nu_p50=7.567e+01, nu_p95=1.366e+02, nu_p99=1.863e+02, interior_frac=0.000
[Frame  448] mode=DIR  iters=   5000, x_range=4.911e-04, y_range=2.806e-04
    nu_min=5.390e+01, nu_max=5.493e+02, nu_mean=8.325e+01, nu_std=2.770e+01
    nu_p05=5.780e+01, nu_p50=7.642e+01, nu_p95=1.373e+02, nu_p99=1.870e+02, interior_frac=0.000
[Frame  449] mode=DIR  iters=   5000, x_range=4.815e-04, y_range=2.751e-04
    nu_min=5.513e+01, nu_max=5.000e+03, nu_mean=8.383e+01, nu_std=2.805e+01
    nu_p05=5.795e+01, nu_p50=7.719e+01, nu_p95=1.382e+02, nu_p99=1.879e+02, interior_frac=0.000
[Frame  450] mode=DIR  iters=   5000, x_range=4.721e-04, y_range=2.697e-04
    nu_min=5.521e+01, nu_max=5.000e+03, nu_mean=8.449e+01, nu_std=2.829e+01
    nu_p05=5.816e+01, nu_p50=7.799e+01, nu_p95=1.391e+02, nu_p99=1.892e+02, interior_frac=0.000
[Frame  451] mode=DIR  iters=   5000, x_range=4.628e-04, y_range=2.645e-04
    nu_min=5.530e+01, nu_max=7.625e+02, nu_mean=8.518e+01, nu_std=2.823e+01
    nu_p05=5.839e+01, nu_p50=7.890e+01, nu_p95=1.401e+02, nu_p99=1.900e+02, interior_frac=0.000
[Frame  452] mode=DIR  iters=   5000, x_range=4.537e-04, y_range=2.593e-04
    nu_min=5.541e+01, nu_max=5.000e+03, nu_mean=8.593e+01, nu_std=2.867e+01
    nu_p05=5.863e+01, nu_p50=7.977e+01, nu_p95=1.412e+02, nu_p99=1.916e+02, interior_frac=0.000
[Frame  453] mode=DIR  iters=   5000, x_range=4.448e-04, y_range=2.542e-04
    nu_min=5.553e+01, nu_max=1.322e+03, nu_mean=8.666e+01, nu_std=2.860e+01
    nu_p05=5.888e+01, nu_p50=8.057e+01, nu_p95=1.420e+02, nu_p99=1.922e+02, interior_frac=0.000
[Frame  454] mode=DIR  iters=   5000, x_range=4.361e-04, y_range=2.492e-04
    nu_min=5.567e+01, nu_max=5.273e+02, nu_mean=8.739e+01, nu_std=2.870e+01
    nu_p05=5.915e+01, nu_p50=8.134e+01, nu_p95=1.430e+02, nu_p99=1.932e+02, interior_frac=0.000
[Frame  455] mode=DIR  iters=   5000, x_range=4.276e-04, y_range=2.443e-04
    nu_min=5.582e+01, nu_max=5.000e+03, nu_mean=8.815e+01, nu_std=2.903e+01
    nu_p05=5.949e+01, nu_p50=8.209e+01, nu_p95=1.439e+02, nu_p99=1.940e+02, interior_frac=0.000
[Frame  456] mode=DIR  iters=   5000, x_range=4.192e-04, y_range=2.395e-04
    nu_min=5.584e+01, nu_max=1.166e+03, nu_mean=8.896e+01, nu_std=2.895e+01
    nu_p05=5.984e+01, nu_p50=8.290e+01, nu_p95=1.448e+02, nu_p99=1.952e+02, interior_frac=0.000
[Frame  457] mode=DIR  iters=   5000, x_range=4.110e-04, y_range=2.348e-04
    nu_min=5.599e+01, nu_max=5.000e+03, nu_mean=8.981e+01, nu_std=2.921e+01
    nu_p05=6.024e+01, nu_p50=8.371e+01, nu_p95=1.458e+02, nu_p99=1.961e+02, interior_frac=0.000
[Frame  458] mode=DIR  iters=   5000, x_range=4.029e-04, y_range=2.302e-04
    nu_min=5.615e+01, nu_max=3.623e+03, nu_mean=9.068e+01, nu_std=2.926e+01
    nu_p05=6.067e+01, nu_p50=8.449e+01, nu_p95=1.469e+02, nu_p99=1.972e+02, interior_frac=0.000
[Frame  459] mode=DIR  iters=   5000, x_range=3.950e-04, y_range=2.257e-04
    nu_min=5.633e+01, nu_max=5.000e+03, nu_mean=9.157e+01, nu_std=2.994e+01
    nu_p05=6.118e+01, nu_p50=8.527e+01, nu_p95=1.478e+02, nu_p99=1.981e+02, interior_frac=0.000
[Frame  460] mode=DIR  iters=   5000, x_range=3.872e-04, y_range=2.213e-04
    nu_min=5.651e+01, nu_max=6.569e+02, nu_mean=9.246e+01, nu_std=2.920e+01
    nu_p05=6.173e+01, nu_p50=8.598e+01, nu_p95=1.488e+02, nu_p99=1.993e+02, interior_frac=0.000
[Frame  461] mode=DIR  iters=   5000, x_range=3.797e-04, y_range=2.169e-04
    nu_min=5.671e+01, nu_max=7.173e+02, nu_mean=9.341e+01, nu_std=2.930e+01
    nu_p05=6.225e+01, nu_p50=8.680e+01, nu_p95=1.499e+02, nu_p99=2.009e+02, interior_frac=0.000
[Frame  462] mode=DIR  iters=   5000, x_range=3.722e-04, y_range=2.127e-04
    nu_min=5.693e+01, nu_max=5.466e+02, nu_mean=9.432e+01, nu_std=2.924e+01
    nu_p05=6.281e+01, nu_p50=8.754e+01, nu_p95=1.509e+02, nu_p99=2.013e+02, interior_frac=0.000
[Frame  463] mode=DIR  iters=   5000, x_range=3.649e-04, y_range=2.085e-04
    nu_min=5.749e+01, nu_max=5.000e+03, nu_mean=9.525e+01, nu_std=2.981e+01
    nu_p05=6.343e+01, nu_p50=8.825e+01, nu_p95=1.519e+02, nu_p99=2.025e+02, interior_frac=0.000
[Frame  464] mode=DIR  iters=   5000, x_range=3.578e-04, y_range=2.044e-04
    nu_min=5.792e+01, nu_max=5.164e+02, nu_mean=9.616e+01, nu_std=2.918e+01
    nu_p05=6.394e+01, nu_p50=8.892e+01, nu_p95=1.528e+02, nu_p99=2.034e+02, interior_frac=0.000
[Frame  465] mode=DIR  iters=   5000, x_range=3.507e-04, y_range=2.004e-04
    nu_min=5.910e+01, nu_max=5.000e+03, nu_mean=9.706e+01, nu_std=2.930e+01
    nu_p05=6.447e+01, nu_p50=8.961e+01, nu_p95=1.537e+02, nu_p99=2.043e+02, interior_frac=0.000
[Frame  466] mode=DIR  iters=   5000, x_range=3.439e-04, y_range=1.965e-04
    nu_min=6.004e+01, nu_max=5.000e+03, nu_mean=9.787e+01, nu_std=2.916e+01
    nu_p05=6.492e+01, nu_p50=9.021e+01, nu_p95=1.543e+02, nu_p99=2.048e+02, interior_frac=0.000
[Frame  467] mode=DIR  iters=   5000, x_range=3.371e-04, y_range=1.926e-04
    nu_min=6.061e+01, nu_max=5.000e+03, nu_mean=9.866e+01, nu_std=2.908e+01
    nu_p05=6.537e+01, nu_p50=9.075e+01, nu_p95=1.551e+02, nu_p99=2.054e+02, interior_frac=0.000
[Frame  468] mode=DIR  iters=   5000, x_range=3.305e-04, y_range=1.889e-04
    nu_min=6.160e+01, nu_max=4.889e+02, nu_mean=9.936e+01, nu_std=2.873e+01
    nu_p05=6.586e+01, nu_p50=9.122e+01, nu_p95=1.557e+02, nu_p99=2.060e+02, interior_frac=0.000
[Frame  469] mode=DIR  iters=   5000, x_range=3.240e-04, y_range=1.852e-04
    nu_min=6.260e+01, nu_max=5.000e+03, nu_mean=9.998e+01, nu_std=2.901e+01
    nu_p05=6.651e+01, nu_p50=9.162e+01, nu_p95=1.562e+02, nu_p99=2.067e+02, interior_frac=0.000
[Frame  470] mode=DIR  iters=   5000, x_range=3.177e-04, y_range=1.815e-04
    nu_min=6.351e+01, nu_max=5.000e+03, nu_mean=1.005e+02, nu_std=2.865e+01
    nu_p05=6.733e+01, nu_p50=9.194e+01, nu_p95=1.563e+02, nu_p99=2.066e+02, interior_frac=0.000
[Frame  471] mode=DIR  iters=   5000, x_range=3.114e-04, y_range=1.780e-04
    nu_min=6.391e+01, nu_max=1.420e+03, nu_mean=1.009e+02, nu_std=2.818e+01
    nu_p05=6.845e+01, nu_p50=9.231e+01, nu_p95=1.565e+02, nu_p99=2.069e+02, interior_frac=0.000
[Frame  472] mode=DIR  iters=   5000, x_range=3.053e-04, y_range=1.745e-04
    nu_min=6.415e+01, nu_max=5.000e+03, nu_mean=1.013e+02, nu_std=2.818e+01
    nu_p05=7.014e+01, nu_p50=9.258e+01, nu_p95=1.566e+02, nu_p99=2.069e+02, interior_frac=0.000
[Frame  473] mode=DIR  iters=   5000, x_range=2.994e-04, y_range=1.711e-04
    nu_min=6.437e+01, nu_max=5.587e+02, nu_mean=1.016e+02, nu_std=2.775e+01
    nu_p05=7.380e+01, nu_p50=9.277e+01, nu_p95=1.566e+02, nu_p99=2.068e+02, interior_frac=0.000
[Frame  474] mode=DIR  iters=   5000, x_range=2.935e-04, y_range=1.677e-04
    nu_min=6.458e+01, nu_max=6.337e+02, nu_mean=1.017e+02, nu_std=2.745e+01
    nu_p05=7.869e+01, nu_p50=9.290e+01, nu_p95=1.560e+02, nu_p99=2.063e+02, interior_frac=0.000
[Frame  475] mode=DIR  iters=   5000, x_range=2.877e-04, y_range=1.644e-04
    nu_min=6.477e+01, nu_max=5.000e+03, nu_mean=1.019e+02, nu_std=2.765e+01
    nu_p05=7.922e+01, nu_p50=9.296e+01, nu_p95=1.559e+02, nu_p99=2.059e+02, interior_frac=0.000
[Frame  476] mode=DIR  iters=   5000, x_range=2.821e-04, y_range=1.612e-04
    nu_min=6.497e+01, nu_max=5.000e+03, nu_mean=1.021e+02, nu_std=2.729e+01
    nu_p05=7.962e+01, nu_p50=9.298e+01, nu_p95=1.558e+02, nu_p99=2.062e+02, interior_frac=0.000
[Frame  477] mode=DIR  iters=   5000, x_range=2.766e-04, y_range=1.580e-04
    nu_min=6.544e+01, nu_max=5.000e+03, nu_mean=1.022e+02, nu_std=2.718e+01
    nu_p05=7.992e+01, nu_p50=9.297e+01, nu_p95=1.556e+02, nu_p99=2.062e+02, interior_frac=0.000
[Frame  478] mode=DIR  iters=   5000, x_range=2.711e-04, y_range=1.549e-04
    nu_min=6.569e+01, nu_max=5.000e+03, nu_mean=1.022e+02, nu_std=2.697e+01
    nu_p05=8.017e+01, nu_p50=9.289e+01, nu_p95=1.554e+02, nu_p99=2.057e+02, interior_frac=0.000
[Frame  479] mode=DIR  iters=   5000, x_range=2.658e-04, y_range=1.519e-04
    nu_min=6.588e+01, nu_max=5.119e+02, nu_mean=1.022e+02, nu_std=2.656e+01
    nu_p05=8.040e+01, nu_p50=9.280e+01, nu_p95=1.550e+02, nu_p99=2.053e+02, interior_frac=0.000
[Frame  480] mode=DIR  iters=   5000, x_range=2.606e-04, y_range=1.489e-04
    nu_min=6.611e+01, nu_max=5.000e+03, nu_mean=1.023e+02, nu_std=2.666e+01
    nu_p05=8.060e+01, nu_p50=9.276e+01, nu_p95=1.549e+02, nu_p99=2.051e+02, interior_frac=0.000
[Frame  481] mode=DIR  iters=   5000, x_range=2.555e-04, y_range=1.460e-04
    nu_min=6.645e+01, nu_max=5.504e+02, nu_mean=1.023e+02, nu_std=2.632e+01
    nu_p05=8.074e+01, nu_p50=9.278e+01, nu_p95=1.546e+02, nu_p99=2.048e+02, interior_frac=0.000
[Frame  482] mode=DIR  iters=   5000, x_range=2.505e-04, y_range=1.431e-04
    nu_min=6.686e+01, nu_max=5.121e+02, nu_mean=1.024e+02, nu_std=2.621e+01
    nu_p05=8.086e+01, nu_p50=9.283e+01, nu_p95=1.544e+02, nu_p99=2.045e+02, interior_frac=0.000
[Frame  483] mode=DIR  iters=   5000, x_range=2.456e-04, y_range=1.403e-04
    nu_min=6.725e+01, nu_max=5.414e+02, nu_mean=1.026e+02, nu_std=2.620e+01
    nu_p05=8.093e+01, nu_p50=9.289e+01, nu_p95=1.545e+02, nu_p99=2.045e+02, interior_frac=0.000
[Frame  484] mode=DIR  iters=   5000, x_range=2.408e-04, y_range=1.376e-04
    nu_min=6.783e+01, nu_max=5.228e+02, nu_mean=1.028e+02, nu_std=2.621e+01
    nu_p05=8.099e+01, nu_p50=9.298e+01, nu_p95=1.548e+02, nu_p99=2.049e+02, interior_frac=0.000
[Frame  485] mode=DIR  iters=   5000, x_range=2.360e-04, y_range=1.349e-04
    nu_min=6.834e+01, nu_max=5.758e+02, nu_mean=1.031e+02, nu_std=2.635e+01
    nu_p05=8.112e+01, nu_p50=9.328e+01, nu_p95=1.552e+02, nu_p99=2.053e+02, interior_frac=0.000
[Frame  486] mode=DIR  iters=   5000, x_range=2.314e-04, y_range=1.322e-04
    nu_min=6.912e+01, nu_max=5.419e+02, nu_mean=1.035e+02, nu_std=2.647e+01
    nu_p05=8.124e+01, nu_p50=9.367e+01, nu_p95=1.558e+02, nu_p99=2.060e+02, interior_frac=0.000
[Frame  487] mode=DIR  iters=   5000, x_range=2.269e-04, y_range=1.296e-04
    nu_min=7.019e+01, nu_max=5.871e+02, nu_mean=1.039e+02, nu_std=2.658e+01
    nu_p05=8.135e+01, nu_p50=9.423e+01, nu_p95=1.565e+02, nu_p99=2.066e+02, interior_frac=0.000
[Frame  488] mode=DIR  iters=   5000, x_range=2.224e-04, y_range=1.271e-04
    nu_min=7.274e+01, nu_max=5.144e+02, nu_mean=1.044e+02, nu_std=2.673e+01
    nu_p05=8.146e+01, nu_p50=9.492e+01, nu_p95=1.571e+02, nu_p99=2.072e+02, interior_frac=0.000
[Frame  489] mode=DIR  iters=   5000, x_range=2.181e-04, y_range=1.246e-04
    nu_min=7.974e+01, nu_max=4.884e+02, nu_mean=1.048e+02, nu_std=2.690e+01
    nu_p05=8.156e+01, nu_p50=9.572e+01, nu_p95=1.577e+02, nu_p99=2.080e+02, interior_frac=0.000
[Frame  490] mode=DIR  iters=   5000, x_range=2.138e-04, y_range=1.222e-04
    nu_min=7.984e+01, nu_max=5.892e+02, nu_mean=1.052e+02, nu_std=2.699e+01
    nu_p05=8.169e+01, nu_p50=9.655e+01, nu_p95=1.582e+02, nu_p99=2.086e+02, interior_frac=0.000
[Frame  491] mode=DIR  iters=   5000, x_range=2.096e-04, y_range=1.198e-04
    nu_min=7.994e+01, nu_max=5.707e+02, nu_mean=1.056e+02, nu_std=2.712e+01
    nu_p05=8.182e+01, nu_p50=9.741e+01, nu_p95=1.589e+02, nu_p99=2.094e+02, interior_frac=0.000
[Frame  492] mode=DIR  iters=   5000, x_range=2.055e-04, y_range=1.174e-04
    nu_min=8.002e+01, nu_max=5.429e+02, nu_mean=1.060e+02, nu_std=2.724e+01
    nu_p05=8.193e+01, nu_p50=9.831e+01, nu_p95=1.594e+02, nu_p99=2.095e+02, interior_frac=0.000
[Frame  493] mode=DIR  iters=   5000, x_range=2.015e-04, y_range=1.151e-04
    nu_min=8.011e+01, nu_max=5.322e+02, nu_mean=1.065e+02, nu_std=2.739e+01
    nu_p05=8.207e+01, nu_p50=9.925e+01, nu_p95=1.600e+02, nu_p99=2.106e+02, interior_frac=0.000
[Frame  494] mode=DIR  iters=   5000, x_range=1.975e-04, y_range=1.129e-04
    nu_min=8.020e+01, nu_max=7.053e+02, nu_mean=1.071e+02, nu_std=2.752e+01
    nu_p05=8.226e+01, nu_p50=1.002e+02, nu_p95=1.609e+02, nu_p99=2.109e+02, interior_frac=0.000
[Frame  495] mode=DIR  iters=   5000, x_range=1.936e-04, y_range=1.106e-04
    nu_min=8.029e+01, nu_max=6.107e+02, nu_mean=1.077e+02, nu_std=2.777e+01
    nu_p05=8.245e+01, nu_p50=1.011e+02, nu_p95=1.618e+02, nu_p99=2.124e+02, interior_frac=0.000
[Frame  496] mode=DIR  iters=   5000, x_range=1.898e-04, y_range=1.085e-04
    nu_min=8.037e+01, nu_max=5.802e+02, nu_mean=1.084e+02, nu_std=2.796e+01
    nu_p05=8.265e+01, nu_p50=1.019e+02, nu_p95=1.628e+02, nu_p99=2.135e+02, interior_frac=0.000
[Frame  497] mode=DIR  iters=   5000, x_range=1.861e-04, y_range=1.064e-04
    nu_min=8.046e+01, nu_max=7.131e+02, nu_mean=1.091e+02, nu_std=2.816e+01
    nu_p05=8.286e+01, nu_p50=1.028e+02, nu_p95=1.638e+02, nu_p99=2.146e+02, interior_frac=0.000
[Frame  498] mode=DIR  iters=   5000, x_range=1.825e-04, y_range=1.043e-04
    nu_min=8.054e+01, nu_max=6.815e+02, nu_mean=1.098e+02, nu_std=2.832e+01
    nu_p05=8.306e+01, nu_p50=1.037e+02, nu_p95=1.648e+02, nu_p99=2.154e+02, interior_frac=0.000
[Frame  499] mode=DIR  iters=   5000, x_range=1.789e-04, y_range=1.022e-04
    nu_min=8.063e+01, nu_max=5.828e+02, nu_mean=1.106e+02, nu_std=2.852e+01
    nu_p05=8.336e+01, nu_p50=1.045e+02, nu_p95=1.659e+02, nu_p99=2.167e+02, interior_frac=0.000
[Frame  500] mode=DIR  iters=   5000, x_range=1.754e-04, y_range=1.002e-04
    nu_min=8.074e+01, nu_max=5.306e+02, nu_mean=1.114e+02, nu_std=2.869e+01
    nu_p05=8.365e+01, nu_p50=1.053e+02, nu_p95=1.670e+02, nu_p99=2.178e+02, interior_frac=0.000
[Frame  501] mode=DIR  iters=   5000, x_range=1.719e-04, y_range=9.825e-05
    nu_min=8.083e+01, nu_max=5.240e+02, nu_mean=1.122e+02, nu_std=2.891e+01
    nu_p05=8.393e+01, nu_p50=1.062e+02, nu_p95=1.681e+02, nu_p99=2.190e+02, interior_frac=0.000
[Frame  502] mode=DIR  iters=   5000, x_range=1.686e-04, y_range=9.633e-05
    nu_min=8.086e+01, nu_max=6.498e+02, nu_mean=1.131e+02, nu_std=2.899e+01
    nu_p05=8.434e+01, nu_p50=1.069e+02, nu_p95=1.691e+02, nu_p99=2.202e+02, interior_frac=0.000
[Frame  503] mode=DIR  iters=   5000, x_range=1.653e-04, y_range=9.444e-05
    nu_min=8.098e+01, nu_max=5.477e+02, nu_mean=1.139e+02, nu_std=2.914e+01
    nu_p05=8.474e+01, nu_p50=1.078e+02, nu_p95=1.703e+02, nu_p99=2.214e+02, interior_frac=0.000
[Frame  504] mode=DIR  iters=   5000, x_range=1.620e-04, y_range=9.259e-05
    nu_min=8.112e+01, nu_max=5.654e+02, nu_mean=1.148e+02, nu_std=2.926e+01
    nu_p05=8.518e+01, nu_p50=1.086e+02, nu_p95=1.715e+02, nu_p99=2.227e+02, interior_frac=0.000
[Frame  505] mode=DIR  iters=   5000, x_range=1.588e-04, y_range=9.077e-05
    nu_min=8.128e+01, nu_max=6.951e+02, nu_mean=1.157e+02, nu_std=2.925e+01
    nu_p05=8.567e+01, nu_p50=1.093e+02, nu_p95=1.725e+02, nu_p99=2.231e+02, interior_frac=0.000
[Frame  506] mode=DIR  iters=   5000, x_range=1.557e-04, y_range=8.899e-05
    nu_min=8.145e+01, nu_max=6.308e+02, nu_mean=1.167e+02, nu_std=2.936e+01
    nu_p05=8.623e+01, nu_p50=1.101e+02, nu_p95=1.735e+02, nu_p99=2.244e+02, interior_frac=0.000
[Frame  507] mode=DIR  iters=   5000, x_range=1.527e-04, y_range=8.725e-05
    nu_min=8.164e+01, nu_max=6.465e+02, nu_mean=1.177e+02, nu_std=2.939e+01
    nu_p05=8.678e+01, nu_p50=1.109e+02, nu_p95=1.746e+02, nu_p99=2.256e+02, interior_frac=0.000
[Frame  508] mode=DIR  iters=   5000, x_range=1.497e-04, y_range=8.553e-05
    nu_min=8.184e+01, nu_max=5.137e+02, nu_mean=1.186e+02, nu_std=2.938e+01
    nu_p05=8.732e+01, nu_p50=1.117e+02, nu_p95=1.755e+02, nu_p99=2.265e+02, interior_frac=0.000
[Frame  509] mode=DIR  iters=   5000, x_range=1.468e-04, y_range=8.386e-05
    nu_min=8.233e+01, nu_max=5.665e+02, nu_mean=1.196e+02, nu_std=2.938e+01
    nu_p05=8.785e+01, nu_p50=1.124e+02, nu_p95=1.766e+02, nu_p99=2.279e+02, interior_frac=0.000
[Frame  510] mode=DIR  iters=   5000, x_range=1.439e-04, y_range=8.221e-05
    nu_min=8.272e+01, nu_max=5.597e+02, nu_mean=1.205e+02, nu_std=2.929e+01
    nu_p05=8.834e+01, nu_p50=1.130e+02, nu_p95=1.775e+02, nu_p99=2.286e+02, interior_frac=0.000
[Frame  511] mode=DIR  iters=   5000, x_range=1.411e-04, y_range=8.060e-05
    nu_min=8.342e+01, nu_max=8.309e+02, nu_mean=1.214e+02, nu_std=2.924e+01
    nu_p05=8.878e+01, nu_p50=1.137e+02, nu_p95=1.785e+02, nu_p99=2.296e+02, interior_frac=0.000
[Frame  512] mode=DIR  iters=   5000, x_range=1.383e-04, y_range=7.902e-05
    nu_min=8.405e+01, nu_max=5.955e+02, nu_mean=1.222e+02, nu_std=2.910e+01
    nu_p05=8.919e+01, nu_p50=1.143e+02, nu_p95=1.792e+02, nu_p99=2.305e+02, interior_frac=0.000
[Frame  513] mode=DIR  iters=   5000, x_range=1.356e-04, y_range=7.747e-05
    nu_min=8.460e+01, nu_max=7.450e+02, nu_mean=1.230e+02, nu_std=2.897e+01
    nu_p05=8.970e+01, nu_p50=1.148e+02, nu_p95=1.798e+02, nu_p99=2.313e+02, interior_frac=0.000
[Frame  514] mode=DIR  iters=   5000, x_range=1.329e-04, y_range=7.595e-05
    nu_min=8.561e+01, nu_max=6.899e+02, nu_mean=1.237e+02, nu_std=2.881e+01
    nu_p05=9.031e+01, nu_p50=1.153e+02, nu_p95=1.803e+02, nu_p99=2.314e+02, interior_frac=0.000
[Frame  515] mode=DIR  iters=   5000, x_range=1.303e-04, y_range=7.446e-05
    nu_min=8.749e+01, nu_max=5.321e+02, nu_mean=1.243e+02, nu_std=2.866e+01
    nu_p05=9.097e+01, nu_p50=1.157e+02, nu_p95=1.808e+02, nu_p99=2.319e+02, interior_frac=0.000
[Frame  516] mode=DIR  iters=   5000, x_range=1.278e-04, y_range=7.300e-05
    nu_min=8.851e+01, nu_max=5.428e+02, nu_mean=1.248e+02, nu_std=2.851e+01
    nu_p05=9.185e+01, nu_p50=1.160e+02, nu_p95=1.811e+02, nu_p99=2.323e+02, interior_frac=0.000
[Frame  517] mode=DIR  iters=   5000, x_range=1.253e-04, y_range=7.157e-05
    nu_min=8.882e+01, nu_max=5.470e+02, nu_mean=1.253e+02, nu_std=2.841e+01
    nu_p05=9.291e+01, nu_p50=1.163e+02, nu_p95=1.815e+02, nu_p99=2.326e+02, interior_frac=0.000
[Frame  518] mode=DIR  iters=   5000, x_range=1.228e-04, y_range=7.017e-05
    nu_min=8.894e+01, nu_max=6.558e+02, nu_mean=1.256e+02, nu_std=2.822e+01
    nu_p05=9.479e+01, nu_p50=1.166e+02, nu_p95=1.815e+02, nu_p99=2.326e+02, interior_frac=0.000
[Frame  519] mode=DIR  iters=   5000, x_range=1.204e-04, y_range=6.879e-05
    nu_min=8.912e+01, nu_max=6.078e+02, nu_mean=1.258e+02, nu_std=2.789e+01
    nu_p05=1.004e+02, nu_p50=1.168e+02, nu_p95=1.810e+02, nu_p99=2.320e+02, interior_frac=0.000
[Frame  520] mode=DIR  iters=   5000, x_range=1.180e-04, y_range=6.744e-05
    nu_min=8.929e+01, nu_max=5.442e+02, nu_mean=1.261e+02, nu_std=2.763e+01
    nu_p05=1.031e+02, nu_p50=1.170e+02, nu_p95=1.809e+02, nu_p99=2.319e+02, interior_frac=0.000
[Frame  521] mode=DIR  iters=   5000, x_range=1.157e-04, y_range=6.612e-05
    nu_min=8.946e+01, nu_max=6.097e+02, nu_mean=1.263e+02, nu_std=2.745e+01
    nu_p05=1.036e+02, nu_p50=1.172e+02, nu_p95=1.808e+02, nu_p99=2.318e+02, interior_frac=0.000
[Frame  522] mode=DIR  iters=   5000, x_range=1.134e-04, y_range=6.482e-05
    nu_min=8.962e+01, nu_max=6.479e+02, nu_mean=1.264e+02, nu_std=2.732e+01
    nu_p05=1.039e+02, nu_p50=1.172e+02, nu_p95=1.808e+02, nu_p99=2.315e+02, interior_frac=0.000
[Frame  523] mode=DIR  iters=   5000, x_range=1.112e-04, y_range=6.355e-05
    nu_min=8.979e+01, nu_max=5.724e+02, nu_mean=1.264e+02, nu_std=2.701e+01
    nu_p05=1.042e+02, nu_p50=1.171e+02, nu_p95=1.802e+02, nu_p99=2.309e+02, interior_frac=0.000
[Frame  524] mode=DIR  iters=   5000, x_range=1.090e-04, y_range=6.231e-05
    nu_min=8.997e+01, nu_max=5.627e+02, nu_mean=1.262e+02, nu_std=2.671e+01
    nu_p05=1.044e+02, nu_p50=1.169e+02, nu_p95=1.793e+02, nu_p99=2.300e+02, interior_frac=0.000
[Frame  525] mode=DIR  iters=   5000, x_range=1.069e-04, y_range=6.109e-05
    nu_min=9.049e+01, nu_max=5.312e+02, nu_mean=1.262e+02, nu_std=2.645e+01
    nu_p05=1.046e+02, nu_p50=1.168e+02, nu_p95=1.789e+02, nu_p99=2.290e+02, interior_frac=0.000
[Frame  526] mode=DIR  iters=   5000, x_range=1.048e-04, y_range=5.989e-05
    nu_min=9.087e+01, nu_max=5.468e+02, nu_mean=1.263e+02, nu_std=2.636e+01
    nu_p05=1.048e+02, nu_p50=1.168e+02, nu_p95=1.787e+02, nu_p99=2.298e+02, interior_frac=0.000
[Frame  527] mode=DIR  iters=   5000, x_range=1.027e-04, y_range=5.871e-05
    nu_min=9.187e+01, nu_max=5.349e+02, nu_mean=1.265e+02, nu_std=2.639e+01
    nu_p05=1.050e+02, nu_p50=1.169e+02, nu_p95=1.789e+02, nu_p99=2.299e+02, interior_frac=0.000
[Frame  528] mode=DIR  iters=   5000, x_range=1.007e-04, y_range=5.756e-05
    nu_min=9.288e+01, nu_max=5.317e+02, nu_mean=1.268e+02, nu_std=2.641e+01
    nu_p05=1.052e+02, nu_p50=1.170e+02, nu_p95=1.792e+02, nu_p99=2.302e+02, interior_frac=0.000
[Frame  529] mode=DIR  iters=   5000, x_range=9.876e-05, y_range=5.643e-05
    nu_min=9.479e+01, nu_max=5.937e+02, nu_mean=1.270e+02, nu_std=2.645e+01
    nu_p05=1.053e+02, nu_p50=1.171e+02, nu_p95=1.796e+02, nu_p99=2.302e+02, interior_frac=0.000
[Frame  530] mode=DIR  iters=   5000, x_range=9.682e-05, y_range=5.533e-05
    nu_min=9.928e+01, nu_max=6.376e+02, nu_mean=1.273e+02, nu_std=2.648e+01
    nu_p05=1.054e+02, nu_p50=1.173e+02, nu_p95=1.799e+02, nu_p99=2.303e+02, interior_frac=0.000
[Frame  531] mode=DIR  iters=   5000, x_range=9.492e-05, y_range=5.424e-05
    nu_min=1.014e+02, nu_max=5.908e+02, nu_mean=1.275e+02, nu_std=2.653e+01
    nu_p05=1.054e+02, nu_p50=1.175e+02, nu_p95=1.800e+02, nu_p99=2.308e+02, interior_frac=0.000
[Frame  532] mode=DIR  iters=   5000, x_range=9.306e-05, y_range=5.318e-05
    nu_min=1.030e+02, nu_max=6.263e+02, nu_mean=1.277e+02, nu_std=2.646e+01
    nu_p05=1.055e+02, nu_p50=1.178e+02, nu_p95=1.799e+02, nu_p99=2.306e+02, interior_frac=0.000
[Frame  533] mode=DIR  iters=   5000, x_range=9.124e-05, y_range=5.214e-05
    nu_min=1.040e+02, nu_max=5.813e+02, nu_mean=1.279e+02, nu_std=2.657e+01
    nu_p05=1.056e+02, nu_p50=1.181e+02, nu_p95=1.803e+02, nu_p99=2.309e+02, interior_frac=0.000
[Frame  534] mode=DIR  iters=   5000, x_range=8.945e-05, y_range=5.111e-05
    nu_min=1.041e+02, nu_max=5.423e+02, nu_mean=1.282e+02, nu_std=2.664e+01
    nu_p05=1.057e+02, nu_p50=1.186e+02, nu_p95=1.807e+02, nu_p99=2.313e+02, interior_frac=0.000
[Frame  535] mode=DIR  iters=   5000, x_range=8.770e-05, y_range=5.011e-05
    nu_min=1.041e+02, nu_max=6.356e+02, nu_mean=1.286e+02, nu_std=2.679e+01
    nu_p05=1.058e+02, nu_p50=1.192e+02, nu_p95=1.813e+02, nu_p99=2.322e+02, interior_frac=0.000
[Frame  536] mode=DIR  iters=   5000, x_range=8.598e-05, y_range=4.913e-05
    nu_min=1.042e+02, nu_max=5.975e+02, nu_mean=1.291e+02, nu_std=2.694e+01
    nu_p05=1.059e+02, nu_p50=1.200e+02, nu_p95=1.819e+02, nu_p99=2.327e+02, interior_frac=0.000
[Frame  537] mode=DIR  iters=   5000, x_range=8.429e-05, y_range=4.817e-05
    nu_min=1.043e+02, nu_max=5.783e+02, nu_mean=1.295e+02, nu_std=2.711e+01
    nu_p05=1.060e+02, nu_p50=1.209e+02, nu_p95=1.827e+02, nu_p99=2.335e+02, interior_frac=0.000
[Frame  538] mode=DIR  iters=   5000, x_range=8.264e-05, y_range=4.722e-05
    nu_min=1.044e+02, nu_max=6.066e+02, nu_mean=1.300e+02, nu_std=2.726e+01
    nu_p05=1.061e+02, nu_p50=1.219e+02, nu_p95=1.833e+02, nu_p99=2.342e+02, interior_frac=0.000
[Frame  539] mode=DIR  iters=   5000, x_range=8.102e-05, y_range=4.630e-05
    nu_min=1.045e+02, nu_max=5.675e+02, nu_mean=1.305e+02, nu_std=2.739e+01
    nu_p05=1.063e+02, nu_p50=1.229e+02, nu_p95=1.840e+02, nu_p99=2.347e+02, interior_frac=0.000
[Frame  540] mode=DIR  iters=   5000, x_range=7.943e-05, y_range=4.539e-05
    nu_min=1.046e+02, nu_max=5.928e+02, nu_mean=1.311e+02, nu_std=2.759e+01
    nu_p05=1.064e+02, nu_p50=1.239e+02, nu_p95=1.849e+02, nu_p99=2.359e+02, interior_frac=0.000
[Frame  541] mode=DIR  iters=   5000, x_range=7.787e-05, y_range=4.450e-05
    nu_min=1.047e+02, nu_max=6.273e+02, nu_mean=1.317e+02, nu_std=2.778e+01
    nu_p05=1.066e+02, nu_p50=1.249e+02, nu_p95=1.857e+02, nu_p99=2.372e+02, interior_frac=0.000
[Frame  542] mode=DIR  iters=   5000, x_range=7.634e-05, y_range=4.363e-05
    nu_min=1.048e+02, nu_max=5.156e+02, nu_mean=1.323e+02, nu_std=2.797e+01
    nu_p05=1.068e+02, nu_p50=1.258e+02, nu_p95=1.868e+02, nu_p99=2.380e+02, interior_frac=0.000
[Frame  543] mode=DIR  iters=   5000, x_range=7.485e-05, y_range=4.277e-05
    nu_min=1.049e+02, nu_max=6.443e+02, nu_mean=1.331e+02, nu_std=2.820e+01
    nu_p05=1.070e+02, nu_p50=1.268e+02, nu_p95=1.877e+02, nu_p99=2.392e+02, interior_frac=0.000
[Frame  544] mode=DIR  iters=   5000, x_range=7.338e-05, y_range=4.193e-05
    nu_min=1.049e+02, nu_max=5.805e+02, nu_mean=1.338e+02, nu_std=2.836e+01
    nu_p05=1.073e+02, nu_p50=1.277e+02, nu_p95=1.888e+02, nu_p99=2.400e+02, interior_frac=0.000
[Frame  545] mode=DIR  iters=   5000, x_range=7.194e-05, y_range=4.111e-05
    nu_min=1.050e+02, nu_max=5.554e+02, nu_mean=1.345e+02, nu_std=2.851e+01
    nu_p05=1.075e+02, nu_p50=1.285e+02, nu_p95=1.898e+02, nu_p99=2.410e+02, interior_frac=0.000
[Frame  546] mode=DIR  iters=   5000, x_range=7.053e-05, y_range=4.030e-05
    nu_min=1.051e+02, nu_max=5.495e+02, nu_mean=1.353e+02, nu_std=2.870e+01
    nu_p05=1.078e+02, nu_p50=1.293e+02, nu_p95=1.908e+02, nu_p99=2.423e+02, interior_frac=0.000
[Frame  547] mode=DIR  iters=   5000, x_range=6.915e-05, y_range=3.951e-05
    nu_min=1.052e+02, nu_max=5.636e+02, nu_mean=1.362e+02, nu_std=2.890e+01
    nu_p05=1.081e+02, nu_p50=1.300e+02, nu_p95=1.919e+02, nu_p99=2.436e+02, interior_frac=0.000
[Frame  548] mode=DIR  iters=   5000, x_range=6.779e-05, y_range=3.874e-05
    nu_min=1.053e+02, nu_max=6.049e+02, nu_mean=1.370e+02, nu_std=2.896e+01
    nu_p05=1.085e+02, nu_p50=1.309e+02, nu_p95=1.929e+02, nu_p99=2.445e+02, interior_frac=0.000
[Frame  549] mode=DIR  iters=   5000, x_range=6.646e-05, y_range=3.798e-05
    nu_min=1.055e+02, nu_max=6.595e+02, nu_mean=1.378e+02, nu_std=2.909e+01
    nu_p05=1.089e+02, nu_p50=1.317e+02, nu_p95=1.939e+02, nu_p99=2.453e+02, interior_frac=0.000
[Frame  550] mode=DIR  iters=   5000, x_range=6.516e-05, y_range=3.723e-05
    nu_min=1.056e+02, nu_max=5.874e+02, nu_mean=1.387e+02, nu_std=2.928e+01
    nu_p05=1.093e+02, nu_p50=1.325e+02, nu_p95=1.951e+02, nu_p99=2.471e+02, interior_frac=0.000
[Frame  551] mode=DIR  iters=   5000, x_range=6.388e-05, y_range=3.650e-05
    nu_min=1.058e+02, nu_max=5.367e+02, nu_mean=1.396e+02, nu_std=2.934e+01
    nu_p05=1.098e+02, nu_p50=1.332e+02, nu_p95=1.962e+02, nu_p99=2.480e+02, interior_frac=0.000
[Frame  552] mode=DIR  iters=   5000, x_range=6.263e-05, y_range=3.579e-05
    nu_min=1.059e+02, nu_max=5.936e+02, nu_mean=1.405e+02, nu_std=2.938e+01
    nu_p05=1.103e+02, nu_p50=1.340e+02, nu_p95=1.974e+02, nu_p99=2.489e+02, interior_frac=0.000
[Frame  553] mode=DIR  iters=   5000, x_range=6.140e-05, y_range=3.509e-05
    nu_min=1.061e+02, nu_max=6.764e+02, nu_mean=1.415e+02, nu_std=2.946e+01
    nu_p05=1.108e+02, nu_p50=1.348e+02, nu_p95=1.984e+02, nu_p99=2.503e+02, interior_frac=0.000
[Frame  554] mode=DIR  iters=   5000, x_range=6.020e-05, y_range=3.440e-05
    nu_min=1.064e+02, nu_max=6.118e+02, nu_mean=1.425e+02, nu_std=2.946e+01
    nu_p05=1.114e+02, nu_p50=1.355e+02, nu_p95=1.996e+02, nu_p99=2.510e+02, interior_frac=0.000
[Frame  555] mode=DIR  iters=   5000, x_range=5.902e-05, y_range=3.372e-05
    nu_min=1.067e+02, nu_max=5.654e+02, nu_mean=1.435e+02, nu_std=2.950e+01
    nu_p05=1.119e+02, nu_p50=1.363e+02, nu_p95=2.007e+02, nu_p99=2.525e+02, interior_frac=0.000
[Frame  556] mode=DIR  iters=   5000, x_range=5.786e-05, y_range=3.306e-05
    nu_min=1.070e+02, nu_max=5.416e+02, nu_mean=1.444e+02, nu_std=2.949e+01
    nu_p05=1.124e+02, nu_p50=1.370e+02, nu_p95=2.017e+02, nu_p99=2.537e+02, interior_frac=0.000
[Frame  557] mode=DIR  iters=   5000, x_range=5.672e-05, y_range=3.241e-05
    nu_min=1.074e+02, nu_max=6.450e+02, nu_mean=1.453e+02, nu_std=2.937e+01
    nu_p05=1.128e+02, nu_p50=1.377e+02, nu_p95=2.026e+02, nu_p99=2.541e+02, interior_frac=0.000
[Frame  558] mode=DIR  iters=   5000, x_range=5.561e-05, y_range=3.178e-05
    nu_min=1.078e+02, nu_max=5.778e+02, nu_mean=1.462e+02, nu_std=2.929e+01
    nu_p05=1.132e+02, nu_p50=1.383e+02, nu_p95=2.034e+02, nu_p99=2.551e+02, interior_frac=0.000
[Frame  559] mode=DIR  iters=   5000, x_range=5.452e-05, y_range=3.116e-05
    nu_min=1.083e+02, nu_max=6.730e+02, nu_mean=1.470e+02, nu_std=2.921e+01
    nu_p05=1.137e+02, nu_p50=1.389e+02, nu_p95=2.040e+02, nu_p99=2.560e+02, interior_frac=0.000
[Frame  560] mode=DIR  iters=   5000, x_range=5.345e-05, y_range=3.054e-05
    nu_min=1.089e+02, nu_max=7.358e+02, nu_mean=1.477e+02, nu_std=2.900e+01
    nu_p05=1.143e+02, nu_p50=1.394e+02, nu_p95=2.047e+02, nu_p99=2.561e+02, interior_frac=0.000
[Frame  561] mode=DIR  iters=   5000, x_range=5.240e-05, y_range=2.995e-05
    nu_min=1.110e+02, nu_max=5.750e+02, nu_mean=1.484e+02, nu_std=2.881e+01
    nu_p05=1.149e+02, nu_p50=1.398e+02, nu_p95=2.050e+02, nu_p99=2.565e+02, interior_frac=0.000
[Frame  562] mode=DIR  iters=   5000, x_range=5.138e-05, y_range=2.936e-05
    nu_min=1.127e+02, nu_max=6.249e+02, nu_mean=1.489e+02, nu_std=2.872e+01
    nu_p05=1.158e+02, nu_p50=1.401e+02, nu_p95=2.055e+02, nu_p99=2.573e+02, interior_frac=0.000
[Frame  563] mode=DIR  iters=   5000, x_range=5.037e-05, y_range=2.878e-05
    nu_min=1.129e+02, nu_max=5.701e+02, nu_mean=1.494e+02, nu_std=2.859e+01
    nu_p05=1.169e+02, nu_p50=1.405e+02, nu_p95=2.059e+02, nu_p99=2.577e+02, interior_frac=0.000
[Frame  564] mode=DIR  iters=   5000, x_range=4.938e-05, y_range=2.822e-05
    nu_min=1.133e+02, nu_max=5.989e+02, nu_mean=1.498e+02, nu_std=2.844e+01
    nu_p05=1.186e+02, nu_p50=1.408e+02, nu_p95=2.060e+02, nu_p99=2.580e+02, interior_frac=0.000
[Frame  565] mode=DIR  iters=   5000, x_range=4.841e-05, y_range=2.767e-05
    nu_min=1.135e+02, nu_max=5.751e+02, nu_mean=1.501e+02, nu_std=2.816e+01
    nu_p05=1.222e+02, nu_p50=1.409e+02, nu_p95=2.058e+02, nu_p99=2.575e+02, interior_frac=0.000
[Frame  566] mode=DIR  iters=   5000, x_range=4.746e-05, y_range=2.712e-05
    nu_min=1.137e+02, nu_max=5.992e+02, nu_mean=1.502e+02, nu_std=2.786e+01
    nu_p05=1.270e+02, nu_p50=1.411e+02, nu_p95=2.054e+02, nu_p99=2.569e+02, interior_frac=0.000
[Frame  567] mode=DIR  iters=   5000, x_range=4.653e-05, y_range=2.659e-05
    nu_min=1.138e+02, nu_max=6.204e+02, nu_mean=1.504e+02, nu_std=2.758e+01
    nu_p05=1.276e+02, nu_p50=1.413e+02, nu_p95=2.050e+02, nu_p99=2.566e+02, interior_frac=0.000
[Frame  568] mode=DIR  iters=   5000, x_range=4.562e-05, y_range=2.607e-05
    nu_min=1.140e+02, nu_max=8.328e+02, nu_mean=1.505e+02, nu_std=2.736e+01
    nu_p05=1.280e+02, nu_p50=1.414e+02, nu_p95=2.049e+02, nu_p99=2.562e+02, interior_frac=0.000
[Frame  569] mode=DIR  iters=   5000, x_range=4.473e-05, y_range=2.556e-05
    nu_min=1.142e+02, nu_max=6.036e+02, nu_mean=1.506e+02, nu_std=2.718e+01
    nu_p05=1.283e+02, nu_p50=1.414e+02, nu_p95=2.047e+02, nu_p99=2.559e+02, interior_frac=0.000
[Frame  570] mode=DIR  iters=   5000, x_range=4.385e-05, y_range=2.506e-05
    nu_min=1.145e+02, nu_max=6.129e+02, nu_mean=1.507e+02, nu_std=2.701e+01
    nu_p05=1.286e+02, nu_p50=1.413e+02, nu_p95=2.045e+02, nu_p99=2.557e+02, interior_frac=0.000
[Frame  571] mode=DIR  iters=   5000, x_range=4.299e-05, y_range=2.457e-05
    nu_min=1.148e+02, nu_max=6.176e+02, nu_mean=1.506e+02, nu_std=2.673e+01
    nu_p05=1.288e+02, nu_p50=1.411e+02, nu_p95=2.037e+02, nu_p99=2.547e+02, interior_frac=0.000
[Frame  572] mode=DIR  iters=   5000, x_range=4.215e-05, y_range=2.408e-05
    nu_min=1.152e+02, nu_max=6.002e+02, nu_mean=1.506e+02, nu_std=2.656e+01
    nu_p05=1.290e+02, nu_p50=1.410e+02, nu_p95=2.034e+02, nu_p99=2.547e+02, interior_frac=0.000
[Frame  573] mode=DIR  iters=   5000, x_range=4.132e-05, y_range=2.361e-05
    nu_min=1.156e+02, nu_max=6.078e+02, nu_mean=1.506e+02, nu_std=2.641e+01
    nu_p05=1.292e+02, nu_p50=1.410e+02, nu_p95=2.030e+02, nu_p99=2.541e+02, interior_frac=0.000
[Frame  574] mode=DIR  iters=   5000, x_range=4.051e-05, y_range=2.315e-05
    nu_min=1.160e+02, nu_max=5.804e+02, nu_mean=1.508e+02, nu_std=2.638e+01
    nu_p05=1.293e+02, nu_p50=1.411e+02, nu_p95=2.030e+02, nu_p99=2.540e+02, interior_frac=0.000
[Frame  575] mode=DIR  iters=   5000, x_range=3.972e-05, y_range=2.270e-05
    nu_min=1.165e+02, nu_max=5.478e+02, nu_mean=1.510e+02, nu_std=2.641e+01
    nu_p05=1.294e+02, nu_p50=1.412e+02, nu_p95=2.033e+02, nu_p99=2.543e+02, interior_frac=0.000
[Frame  576] mode=DIR  iters=   5000, x_range=3.894e-05, y_range=2.225e-05
    nu_min=1.175e+02, nu_max=5.860e+02, nu_mean=1.513e+02, nu_std=2.649e+01
    nu_p05=1.295e+02, nu_p50=1.413e+02, nu_p95=2.037e+02, nu_p99=2.550e+02, interior_frac=0.000
[Frame  577] mode=DIR  iters=   5000, x_range=3.817e-05, y_range=2.181e-05
    nu_min=1.195e+02, nu_max=5.416e+02, nu_mean=1.515e+02, nu_std=2.653e+01
    nu_p05=1.296e+02, nu_p50=1.415e+02, nu_p95=2.040e+02, nu_p99=2.550e+02, interior_frac=0.000
[Frame  578] mode=DIR  iters=   5000, x_range=3.743e-05, y_range=2.139e-05
    nu_min=1.244e+02, nu_max=5.390e+02, nu_mean=1.518e+02, nu_std=2.659e+01
    nu_p05=1.297e+02, nu_p50=1.418e+02, nu_p95=2.043e+02, nu_p99=2.551e+02, interior_frac=0.000
[Frame  579] mode=DIR  iters=   5000, x_range=3.669e-05, y_range=2.097e-05
    nu_min=1.266e+02, nu_max=7.221e+02, nu_mean=1.521e+02, nu_std=2.660e+01
    nu_p05=1.298e+02, nu_p50=1.422e+02, nu_p95=2.044e+02, nu_p99=2.557e+02, interior_frac=0.000
[Frame  580] mode=DIR  iters=   5000, x_range=3.597e-05, y_range=2.056e-05
    nu_min=1.284e+02, nu_max=5.695e+02, nu_mean=1.524e+02, nu_std=2.672e+01
    nu_p05=1.298e+02, nu_p50=1.427e+02, nu_p95=2.049e+02, nu_p99=2.560e+02, interior_frac=0.000
[Frame  581] mode=DIR  iters=   5000, x_range=3.527e-05, y_range=2.015e-05
    nu_min=1.285e+02, nu_max=6.370e+02, nu_mean=1.527e+02, nu_std=2.686e+01
    nu_p05=1.299e+02, nu_p50=1.433e+02, nu_p95=2.054e+02, nu_p99=2.569e+02, interior_frac=0.000
[Frame  582] mode=DIR  iters=   5000, x_range=3.458e-05, y_range=1.976e-05
    nu_min=1.286e+02, nu_max=5.623e+02, nu_mean=1.531e+02, nu_std=2.693e+01
    nu_p05=1.300e+02, nu_p50=1.439e+02, nu_p95=2.060e+02, nu_p99=2.570e+02, interior_frac=0.000
[Frame  583] mode=DIR  iters=   5000, x_range=3.390e-05, y_range=1.937e-05
    nu_min=1.287e+02, nu_max=5.829e+02, nu_mean=1.535e+02, nu_std=2.702e+01
    nu_p05=1.301e+02, nu_p50=1.448e+02, nu_p95=2.065e+02, nu_p99=2.574e+02, interior_frac=0.000
[Frame  584] mode=DIR  iters=   5000, x_range=3.323e-05, y_range=1.899e-05
    nu_min=1.288e+02, nu_max=5.601e+02, nu_mean=1.540e+02, nu_std=2.721e+01
    nu_p05=1.303e+02, nu_p50=1.457e+02, nu_p95=2.071e+02, nu_p99=2.584e+02, interior_frac=0.000
[Frame  585] mode=DIR  iters=   5000, x_range=3.258e-05, y_range=1.862e-05
    nu_min=1.288e+02, nu_max=6.313e+02, nu_mean=1.545e+02, nu_std=2.736e+01
    nu_p05=1.304e+02, nu_p50=1.467e+02, nu_p95=2.079e+02, nu_p99=2.592e+02, interior_frac=0.000
[Frame  586] mode=DIR  iters=   5000, x_range=3.194e-05, y_range=1.825e-05
    nu_min=1.289e+02, nu_max=6.419e+02, nu_mean=1.550e+02, nu_std=2.751e+01
    nu_p05=1.306e+02, nu_p50=1.477e+02, nu_p95=2.087e+02, nu_p99=2.600e+02, interior_frac=0.000
[Frame  587] mode=DIR  iters=   5000, x_range=3.132e-05, y_range=1.789e-05
    nu_min=1.289e+02, nu_max=5.890e+02, nu_mean=1.556e+02, nu_std=2.774e+01
    nu_p05=1.308e+02, nu_p50=1.487e+02, nu_p95=2.095e+02, nu_p99=2.608e+02, interior_frac=0.000
[Frame  588] mode=DIR  iters=   5000, x_range=3.070e-05, y_range=1.754e-05
    nu_min=1.290e+02, nu_max=5.581e+02, nu_mean=1.563e+02, nu_std=2.794e+01
    nu_p05=1.309e+02, nu_p50=1.497e+02, nu_p95=2.105e+02, nu_p99=2.618e+02, interior_frac=0.000
[Frame  589] mode=DIR  iters=   5000, x_range=3.010e-05, y_range=1.720e-05
    nu_min=1.291e+02, nu_max=6.401e+02, nu_mean=1.569e+02, nu_std=2.809e+01
    nu_p05=1.311e+02, nu_p50=1.506e+02, nu_p95=2.114e+02, nu_p99=2.629e+02, interior_frac=0.000
[Frame  590] mode=DIR  iters=   5000, x_range=2.951e-05, y_range=1.686e-05
    nu_min=1.292e+02, nu_max=6.097e+02, nu_mean=1.577e+02, nu_std=2.832e+01
    nu_p05=1.314e+02, nu_p50=1.515e+02, nu_p95=2.126e+02, nu_p99=2.643e+02, interior_frac=0.000
[Frame  591] mode=DIR  iters=   5000, x_range=2.893e-05, y_range=1.653e-05
    nu_min=1.293e+02, nu_max=6.829e+02, nu_mean=1.584e+02, nu_std=2.853e+01
    nu_p05=1.316e+02, nu_p50=1.523e+02, nu_p95=2.137e+02, nu_p99=2.651e+02, interior_frac=0.000
[Frame  592] mode=DIR  iters=   5000, x_range=2.836e-05, y_range=1.621e-05
    nu_min=1.293e+02, nu_max=6.421e+02, nu_mean=1.592e+02, nu_std=2.868e+01
    nu_p05=1.319e+02, nu_p50=1.531e+02, nu_p95=2.146e+02, nu_p99=2.663e+02, interior_frac=0.000
[Frame  593] mode=DIR  iters=   5000, x_range=2.781e-05, y_range=1.589e-05
    nu_min=1.294e+02, nu_max=6.033e+02, nu_mean=1.600e+02, nu_std=2.885e+01
    nu_p05=1.322e+02, nu_p50=1.539e+02, nu_p95=2.157e+02, nu_p99=2.676e+02, interior_frac=0.000
[Frame  594] mode=DIR  iters=   5000, x_range=2.726e-05, y_range=1.558e-05
    nu_min=1.295e+02, nu_max=5.860e+02, nu_mean=1.608e+02, nu_std=2.900e+01
    nu_p05=1.325e+02, nu_p50=1.547e+02, nu_p95=2.167e+02, nu_p99=2.685e+02, interior_frac=0.000
[Frame  595] mode=DIR  iters=   5000, x_range=2.673e-05, y_range=1.527e-05
    nu_min=1.296e+02, nu_max=7.228e+02, nu_mean=1.617e+02, nu_std=2.913e+01
    nu_p05=1.329e+02, nu_p50=1.555e+02, nu_p95=2.178e+02, nu_p99=2.696e+02, interior_frac=0.000
[Frame  596] mode=DIR  iters=   5000, x_range=2.620e-05, y_range=1.497e-05
    nu_min=1.297e+02, nu_max=7.240e+02, nu_mean=1.626e+02, nu_std=2.928e+01
    nu_p05=1.334e+02, nu_p50=1.563e+02, nu_p95=2.189e+02, nu_p99=2.710e+02, interior_frac=0.000
[Frame  597] mode=DIR  iters=   5000, x_range=2.569e-05, y_range=1.468e-05
    nu_min=1.298e+02, nu_max=6.855e+02, nu_mean=1.635e+02, nu_std=2.933e+01
    nu_p05=1.338e+02, nu_p50=1.571e+02, nu_p95=2.200e+02, nu_p99=2.718e+02, interior_frac=0.000
[Frame  598] mode=DIR  iters=   5000, x_range=2.519e-05, y_range=1.439e-05
    nu_min=1.300e+02, nu_max=6.591e+02, nu_mean=1.644e+02, nu_std=2.940e+01
    nu_p05=1.343e+02, nu_p50=1.579e+02, nu_p95=2.211e+02, nu_p99=2.730e+02, interior_frac=0.000
[Frame  599] mode=DIR  iters=   5000, x_range=2.469e-05, y_range=1.411e-05
    nu_min=1.303e+02, nu_max=5.906e+02, nu_mean=1.654e+02, nu_std=2.951e+01
    nu_p05=1.349e+02, nu_p50=1.587e+02, nu_p95=2.223e+02, nu_p99=2.746e+02, interior_frac=0.000
[Frame  600] mode=DIR  iters=   5000, x_range=2.421e-05, y_range=1.383e-05
    nu_min=1.305e+02, nu_max=6.388e+02, nu_mean=1.663e+02, nu_std=2.949e+01
    nu_p05=1.354e+02, nu_p50=1.594e+02, nu_p95=2.234e+02, nu_p99=2.753e+02, interior_frac=0.000
[Frame  601] mode=DIR  iters=   5000, x_range=2.373e-05, y_range=1.356e-05
    nu_min=1.307e+02, nu_max=7.700e+02, nu_mean=1.673e+02, nu_std=2.951e+01
    nu_p05=1.359e+02, nu_p50=1.602e+02, nu_p95=2.244e+02, nu_p99=2.768e+02, interior_frac=0.000
[Frame  602] mode=DIR  iters=   5000, x_range=2.327e-05, y_range=1.330e-05
    nu_min=1.310e+02, nu_max=6.106e+02, nu_mean=1.682e+02, nu_std=2.945e+01
    nu_p05=1.364e+02, nu_p50=1.609e+02, nu_p95=2.253e+02, nu_p99=2.774e+02, interior_frac=0.000
[Frame  603] mode=DIR  iters=   5000, x_range=2.281e-05, y_range=1.304e-05
    nu_min=1.315e+02, nu_max=6.713e+02, nu_mean=1.692e+02, nu_std=2.942e+01
    nu_p05=1.369e+02, nu_p50=1.616e+02, nu_p95=2.263e+02, nu_p99=2.788e+02, interior_frac=0.000
[Frame  604] mode=DIR  iters=   5000, x_range=2.236e-05, y_range=1.278e-05
    nu_min=1.320e+02, nu_max=5.998e+02, nu_mean=1.700e+02, nu_std=2.937e+01
    nu_p05=1.373e+02, nu_p50=1.622e+02, nu_p95=2.272e+02, nu_p99=2.799e+02, interior_frac=0.000
[Frame  605] mode=DIR  iters=   5000, x_range=2.193e-05, y_range=1.253e-05
    nu_min=1.326e+02, nu_max=5.819e+02, nu_mean=1.708e+02, nu_std=2.925e+01
    nu_p05=1.377e+02, nu_p50=1.628e+02, nu_p95=2.280e+02, nu_p99=2.799e+02, interior_frac=0.000
[Frame  606] mode=DIR  iters=   5000, x_range=2.150e-05, y_range=1.228e-05
    nu_min=1.333e+02, nu_max=6.841e+02, nu_mean=1.716e+02, nu_std=2.914e+01
    nu_p05=1.382e+02, nu_p50=1.633e+02, nu_p95=2.286e+02, nu_p99=2.808e+02, interior_frac=0.000
[Frame  607] mode=DIR  iters=   5000, x_range=2.107e-05, y_range=1.204e-05
    nu_min=1.343e+02, nu_max=6.179e+02, nu_mean=1.723e+02, nu_std=2.901e+01
    nu_p05=1.388e+02, nu_p50=1.638e+02, nu_p95=2.293e+02, nu_p99=2.818e+02, interior_frac=0.000
[Frame  608] mode=DIR  iters=   5000, x_range=2.066e-05, y_range=1.181e-05
    nu_min=1.363e+02, nu_max=6.177e+02, nu_mean=1.729e+02, nu_std=2.882e+01
    nu_p05=1.396e+02, nu_p50=1.642e+02, nu_p95=2.296e+02, nu_p99=2.816e+02, interior_frac=0.000
[Frame  609] mode=DIR  iters=   5000, x_range=2.026e-05, y_range=1.158e-05
    nu_min=1.372e+02, nu_max=5.549e+02, nu_mean=1.735e+02, nu_std=2.870e+01
    nu_p05=1.405e+02, nu_p50=1.645e+02, nu_p95=2.300e+02, nu_p99=2.822e+02, interior_frac=0.000
[Frame  610] mode=DIR  iters=   5000, x_range=1.986e-05, y_range=1.135e-05
    nu_min=1.374e+02, nu_max=6.400e+02, nu_mean=1.739e+02, nu_std=2.855e+01
    nu_p05=1.419e+02, nu_p50=1.648e+02, nu_p95=2.303e+02, nu_p99=2.822e+02, interior_frac=0.000
[Frame  611] mode=DIR  iters=   5000, x_range=1.947e-05, y_range=1.113e-05
    nu_min=1.376e+02, nu_max=5.825e+02, nu_mean=1.742e+02, nu_std=2.835e+01
    nu_p05=1.445e+02, nu_p50=1.650e+02, nu_p95=2.302e+02, nu_p99=2.824e+02, interior_frac=0.000
[Frame  612] mode=DIR  iters=   5000, x_range=1.909e-05, y_range=1.091e-05
    nu_min=1.377e+02, nu_max=6.038e+02, nu_mean=1.744e+02, nu_std=2.807e+01
    nu_p05=1.510e+02, nu_p50=1.653e+02, nu_p95=2.298e+02, nu_p99=2.820e+02, interior_frac=0.000
[Frame  613] mode=DIR  iters=   5000, x_range=1.871e-05, y_range=1.069e-05
    nu_min=1.379e+02, nu_max=7.026e+02, nu_mean=1.746e+02, nu_std=2.778e+01
    nu_p05=1.517e+02, nu_p50=1.655e+02, nu_p95=2.295e+02, nu_p99=2.817e+02, interior_frac=0.000
[Frame  614] mode=DIR  iters=   5000, x_range=1.835e-05, y_range=1.048e-05
    nu_min=1.383e+02, nu_max=6.160e+02, nu_mean=1.747e+02, nu_std=2.758e+01
    nu_p05=1.520e+02, nu_p50=1.656e+02, nu_p95=2.294e+02, nu_p99=2.814e+02, interior_frac=0.000
[Frame  615] mode=DIR  iters=   5000, x_range=1.799e-05, y_range=1.028e-05
    nu_min=1.384e+02, nu_max=6.076e+02, nu_mean=1.748e+02, nu_std=2.738e+01
    nu_p05=1.524e+02, nu_p50=1.656e+02, nu_p95=2.291e+02, nu_p99=2.809e+02, interior_frac=0.000
[Frame  616] mode=DIR  iters=   5000, x_range=1.763e-05, y_range=1.008e-05
    nu_min=1.387e+02, nu_max=9.312e+02, nu_mean=1.748e+02, nu_std=2.719e+01
    nu_p05=1.527e+02, nu_p50=1.655e+02, nu_p95=2.287e+02, nu_p99=2.807e+02, interior_frac=0.000
[Frame  617] mode=DIR  iters=   5000, x_range=1.729e-05, y_range=9.879e-06
    nu_min=1.389e+02, nu_max=6.209e+02, nu_mean=1.748e+02, nu_std=2.689e+01
    nu_p05=1.529e+02, nu_p50=1.654e+02, nu_p95=2.280e+02, nu_p99=2.797e+02, interior_frac=0.000
[Frame  618] mode=DIR  iters=   5000, x_range=1.695e-05, y_range=9.686e-06
    nu_min=1.394e+02, nu_max=6.008e+02, nu_mean=1.747e+02, nu_std=2.663e+01
    nu_p05=1.531e+02, nu_p50=1.652e+02, nu_p95=2.277e+02, nu_p99=2.789e+02, interior_frac=0.000
[Frame  619] mode=DIR  iters=   5000, x_range=1.662e-05, y_range=9.496e-06
    nu_min=1.399e+02, nu_max=6.401e+02, nu_mean=1.748e+02, nu_std=2.651e+01
    nu_p05=1.533e+02, nu_p50=1.652e+02, nu_p95=2.273e+02, nu_p99=2.788e+02, interior_frac=0.000
[Frame  620] mode=DIR  iters=   5000, x_range=1.629e-05, y_range=9.309e-06
    nu_min=1.404e+02, nu_max=6.817e+02, nu_mean=1.749e+02, nu_std=2.644e+01
    nu_p05=1.535e+02, nu_p50=1.653e+02, nu_p95=2.273e+02, nu_p99=2.787e+02, interior_frac=0.000
[Frame  621] mode=DIR  iters=   5000, x_range=1.597e-05, y_range=9.127e-06
    nu_min=1.410e+02, nu_max=5.696e+02, nu_mean=1.752e+02, nu_std=2.645e+01
    nu_p05=1.536e+02, nu_p50=1.654e+02, nu_p95=2.276e+02, nu_p99=2.789e+02, interior_frac=0.000
[Frame  622] mode=DIR  iters=   5000, x_range=1.566e-05, y_range=8.948e-06
    nu_min=1.420e+02, nu_max=8.598e+02, nu_mean=1.754e+02, nu_std=2.652e+01
    nu_p05=1.537e+02, nu_p50=1.655e+02, nu_p95=2.278e+02, nu_p99=2.793e+02, interior_frac=0.000
[Frame  623] mode=DIR  iters=   5000, x_range=1.535e-05, y_range=8.772e-06
    nu_min=1.443e+02, nu_max=6.169e+02, nu_mean=1.756e+02, nu_std=2.647e+01
    nu_p05=1.538e+02, nu_p50=1.656e+02, nu_p95=2.279e+02, nu_p99=2.791e+02, interior_frac=0.000
[Frame  624] mode=DIR  iters=   5000, x_range=1.505e-05, y_range=8.600e-06
    nu_min=1.458e+02, nu_max=5.634e+02, nu_mean=1.758e+02, nu_std=2.652e+01
    nu_p05=1.539e+02, nu_p50=1.659e+02, nu_p95=2.280e+02, nu_p99=2.793e+02, interior_frac=0.000
[Frame  625] mode=DIR  iters=   5000, x_range=1.476e-05, y_range=8.432e-06
    nu_min=1.470e+02, nu_max=6.547e+02, nu_mean=1.761e+02, nu_std=2.661e+01
    nu_p05=1.539e+02, nu_p50=1.662e+02, nu_p95=2.286e+02, nu_p99=2.797e+02, interior_frac=0.000
[Frame  626] mode=DIR  iters=   5000, x_range=1.447e-05, y_range=8.267e-06
    nu_min=1.525e+02, nu_max=6.173e+02, nu_mean=1.764e+02, nu_std=2.670e+01
    nu_p05=1.540e+02, nu_p50=1.666e+02, nu_p95=2.290e+02, nu_p99=2.803e+02, interior_frac=0.000
[Frame  627] mode=DIR  iters=   5000, x_range=1.418e-05, y_range=8.104e-06
    nu_min=1.526e+02, nu_max=6.440e+02, nu_mean=1.768e+02, nu_std=2.685e+01
    nu_p05=1.541e+02, nu_p50=1.671e+02, nu_p95=2.296e+02, nu_p99=2.810e+02, interior_frac=0.000
[Frame  628] mode=DIR  iters=   5000, x_range=1.390e-05, y_range=7.946e-06
    nu_min=1.527e+02, nu_max=6.599e+02, nu_mean=1.772e+02, nu_std=2.692e+01
    nu_p05=1.542e+02, nu_p50=1.678e+02, nu_p95=2.300e+02, nu_p99=2.810e+02, interior_frac=0.000
[Frame  629] mode=DIR  iters=   5000, x_range=1.363e-05, y_range=7.790e-06
    nu_min=1.528e+02, nu_max=6.644e+02, nu_mean=1.775e+02, nu_std=2.702e+01
    nu_p05=1.543e+02, nu_p50=1.686e+02, nu_p95=2.305e+02, nu_p99=2.816e+02, interior_frac=0.000
[Frame  630] mode=DIR  iters=   5000, x_range=1.336e-05, y_range=7.637e-06
    nu_min=1.529e+02, nu_max=6.760e+02, nu_mean=1.780e+02, nu_std=2.715e+01
    nu_p05=1.544e+02, nu_p50=1.695e+02, nu_p95=2.310e+02, nu_p99=2.822e+02, interior_frac=0.000
[Frame  631] mode=DIR  iters=   5000, x_range=1.310e-05, y_range=7.487e-06
    nu_min=1.530e+02, nu_max=6.488e+02, nu_mean=1.785e+02, nu_std=2.733e+01
    nu_p05=1.546e+02, nu_p50=1.704e+02, nu_p95=2.318e+02, nu_p99=2.830e+02, interior_frac=0.000
[Frame  632] mode=DIR  iters=   5000, x_range=1.285e-05, y_range=7.340e-06
    nu_min=1.531e+02, nu_max=6.023e+02, nu_mean=1.790e+02, nu_std=2.749e+01
    nu_p05=1.547e+02, nu_p50=1.715e+02, nu_p95=2.327e+02, nu_p99=2.837e+02, interior_frac=0.000
[Frame  633] mode=DIR  iters=   5000, x_range=1.259e-05, y_range=7.196e-06
    nu_min=1.532e+02, nu_max=6.181e+02, nu_mean=1.796e+02, nu_std=2.768e+01
    nu_p05=1.549e+02, nu_p50=1.725e+02, nu_p95=2.334e+02, nu_p99=2.848e+02, interior_frac=0.000
[Frame  634] mode=DIR  iters=   5000, x_range=1.235e-05, y_range=7.055e-06
    nu_min=1.533e+02, nu_max=6.856e+02, nu_mean=1.802e+02, nu_std=2.785e+01
    nu_p05=1.550e+02, nu_p50=1.735e+02, nu_p95=2.343e+02, nu_p99=2.858e+02, interior_frac=0.000
[Frame  635] mode=DIR  iters=   5000, x_range=1.210e-05, y_range=6.917e-06
    nu_min=1.533e+02, nu_max=7.420e+02, nu_mean=1.809e+02, nu_std=2.805e+01
    nu_p05=1.553e+02, nu_p50=1.744e+02, nu_p95=2.353e+02, nu_p99=2.868e+02, interior_frac=0.000
[Frame  636] mode=DIR  iters=   5000, x_range=1.187e-05, y_range=6.781e-06
    nu_min=1.534e+02, nu_max=6.376e+02, nu_mean=1.816e+02, nu_std=2.827e+01
    nu_p05=1.555e+02, nu_p50=1.753e+02, nu_p95=2.363e+02, nu_p99=2.882e+02, interior_frac=0.000
[Frame  637] mode=DIR  iters=   5000, x_range=1.163e-05, y_range=6.648e-06
    nu_min=1.535e+02, nu_max=6.418e+02, nu_mean=1.823e+02, nu_std=2.843e+01
    nu_p05=1.557e+02, nu_p50=1.761e+02, nu_p95=2.373e+02, nu_p99=2.888e+02, interior_frac=0.000
[Frame  638] mode=DIR  iters=   5000, x_range=1.141e-05, y_range=6.518e-06
    nu_min=1.536e+02, nu_max=6.364e+02, nu_mean=1.830e+02, nu_std=2.859e+01
    nu_p05=1.559e+02, nu_p50=1.769e+02, nu_p95=2.383e+02, nu_p99=2.899e+02, interior_frac=0.000
[Frame  639] mode=DIR  iters=   5000, x_range=1.118e-05, y_range=6.390e-06
    nu_min=1.537e+02, nu_max=6.557e+02, nu_mean=1.838e+02, nu_std=2.878e+01
    nu_p05=1.563e+02, nu_p50=1.778e+02, nu_p95=2.393e+02, nu_p99=2.912e+02, interior_frac=0.000
[Frame  640] mode=DIR  iters=   5000, x_range=1.096e-05, y_range=6.265e-06
    nu_min=1.537e+02, nu_max=6.297e+02, nu_mean=1.847e+02, nu_std=2.896e+01
    nu_p05=1.566e+02, nu_p50=1.786e+02, nu_p95=2.405e+02, nu_p99=2.925e+02, interior_frac=0.000
[Frame  641] mode=DIR  iters=   5000, x_range=1.075e-05, y_range=6.142e-06
    nu_min=1.538e+02, nu_max=7.264e+02, nu_mean=1.855e+02, nu_std=2.911e+01
    nu_p05=1.569e+02, nu_p50=1.794e+02, nu_p95=2.416e+02, nu_p99=2.939e+02, interior_frac=0.000
[Frame  642] mode=DIR  iters=   5000, x_range=1.054e-05, y_range=6.022e-06
    nu_min=1.539e+02, nu_max=6.818e+02, nu_mean=1.864e+02, nu_std=2.925e+01
    nu_p05=1.574e+02, nu_p50=1.802e+02, nu_p95=2.427e+02, nu_p99=2.950e+02, interior_frac=0.000
[Frame  643] mode=DIR  iters=   5000, x_range=1.033e-05, y_range=5.904e-06
    nu_min=1.540e+02, nu_max=7.100e+02, nu_mean=1.873e+02, nu_std=2.934e+01
    nu_p05=1.578e+02, nu_p50=1.810e+02, nu_p95=2.438e+02, nu_p99=2.959e+02, interior_frac=0.000
[Frame  644] mode=DIR  iters=   5000, x_range=1.013e-05, y_range=5.788e-06
    nu_min=1.542e+02, nu_max=5.934e+02, nu_mean=1.882e+02, nu_std=2.947e+01
    nu_p05=1.583e+02, nu_p50=1.818e+02, nu_p95=2.449e+02, nu_p99=2.975e+02, interior_frac=0.000
[Frame  645] mode=DIR  iters=   5000, x_range=9.930e-06, y_range=5.674e-06
    nu_min=1.544e+02, nu_max=5.884e+02, nu_mean=1.892e+02, nu_std=2.952e+01
    nu_p05=1.588e+02, nu_p50=1.826e+02, nu_p95=2.460e+02, nu_p99=2.982e+02, interior_frac=0.000
[Frame  646] mode=DIR  iters=   5000, x_range=9.735e-06, y_range=5.563e-06
    nu_min=1.545e+02, nu_max=7.592e+02, nu_mean=1.901e+02, nu_std=2.952e+01
    nu_p05=1.594e+02, nu_p50=1.833e+02, nu_p95=2.470e+02, nu_p99=2.992e+02, interior_frac=0.000
[Frame  647] mode=DIR  iters=   5000, x_range=9.545e-06, y_range=5.454e-06
    nu_min=1.548e+02, nu_max=6.202e+02, nu_mean=1.910e+02, nu_std=2.952e+01
    nu_p05=1.599e+02, nu_p50=1.840e+02, nu_p95=2.481e+02, nu_p99=3.001e+02, interior_frac=0.000
[Frame  648] mode=DIR  iters=   5000, x_range=9.357e-06, y_range=5.347e-06
    nu_min=1.550e+02, nu_max=6.700e+02, nu_mean=1.920e+02, nu_std=2.953e+01
    nu_p05=1.604e+02, nu_p50=1.848e+02, nu_p95=2.492e+02, nu_p99=3.014e+02, interior_frac=0.000
[Frame  649] mode=DIR  iters=   5000, x_range=9.174e-06, y_range=5.242e-06
    nu_min=1.555e+02, nu_max=6.399e+02, nu_mean=1.929e+02, nu_std=2.949e+01
    nu_p05=1.609e+02, nu_p50=1.855e+02, nu_p95=2.501e+02, nu_p99=3.023e+02, interior_frac=0.000
[Frame  650] mode=DIR  iters=   5000, x_range=8.994e-06, y_range=5.139e-06
    nu_min=1.561e+02, nu_max=6.681e+02, nu_mean=1.939e+02, nu_std=2.944e+01
    nu_p05=1.613e+02, nu_p50=1.861e+02, nu_p95=2.510e+02, nu_p99=3.036e+02, interior_frac=0.000
[Frame  651] mode=DIR  iters=   5000, x_range=8.818e-06, y_range=5.039e-06
    nu_min=1.568e+02, nu_max=6.507e+02, nu_mean=1.947e+02, nu_std=2.934e+01
    nu_p05=1.617e+02, nu_p50=1.868e+02, nu_p95=2.518e+02, nu_p99=3.044e+02, interior_frac=0.000
[Frame  652] mode=DIR  iters=   5000, x_range=8.645e-06, y_range=4.940e-06
    nu_min=1.575e+02, nu_max=5.865e+02, nu_mean=1.955e+02, nu_std=2.925e+01
    nu_p05=1.622e+02, nu_p50=1.873e+02, nu_p95=2.527e+02, nu_p99=3.051e+02, interior_frac=0.000
[Frame  653] mode=DIR  iters=   5000, x_range=8.475e-06, y_range=4.843e-06
    nu_min=1.583e+02, nu_max=6.036e+02, nu_mean=1.963e+02, nu_std=2.908e+01
    nu_p05=1.628e+02, nu_p50=1.878e+02, nu_p95=2.532e+02, nu_p99=3.055e+02, interior_frac=0.000
[Frame  654] mode=DIR  iters=   5000, x_range=8.309e-06, y_range=4.748e-06
    nu_min=1.591e+02, nu_max=6.717e+02, nu_mean=1.969e+02, nu_std=2.895e+01
    nu_p05=1.635e+02, nu_p50=1.883e+02, nu_p95=2.537e+02, nu_p99=3.059e+02, interior_frac=0.000
[Frame  655] mode=DIR  iters=   5000, x_range=8.146e-06, y_range=4.655e-06
    nu_min=1.604e+02, nu_max=6.886e+02, nu_mean=1.975e+02, nu_std=2.882e+01
    nu_p05=1.643e+02, nu_p50=1.886e+02, nu_p95=2.541e+02, nu_p99=3.066e+02, interior_frac=0.000
[Frame  656] mode=DIR  iters=   5000, x_range=7.986e-06, y_range=4.564e-06
    nu_min=1.615e+02, nu_max=6.539e+02, nu_mean=1.979e+02, nu_std=2.869e+01
    nu_p05=1.655e+02, nu_p50=1.889e+02, nu_p95=2.545e+02, nu_p99=3.068e+02, interior_frac=0.000
[Frame  657] mode=DIR  iters=   5000, x_range=7.830e-06, y_range=4.474e-06
    nu_min=1.617e+02, nu_max=6.187e+02, nu_mean=1.983e+02, nu_std=2.847e+01
    nu_p05=1.673e+02, nu_p50=1.892e+02, nu_p95=2.545e+02, nu_p99=3.065e+02, interior_frac=0.000
[Frame  658] mode=DIR  iters=   5000, x_range=7.676e-06, y_range=4.386e-06
    nu_min=1.619e+02, nu_max=5.896e+02, nu_mean=1.985e+02, nu_std=2.820e+01
    nu_p05=1.719e+02, nu_p50=1.894e+02, nu_p95=2.541e+02, nu_p99=3.064e+02, interior_frac=0.000
[Frame  659] mode=DIR  iters=   5000, x_range=7.526e-06, y_range=4.300e-06
    nu_min=1.621e+02, nu_max=5.830e+02, nu_mean=1.987e+02, nu_std=2.792e+01
    nu_p05=1.756e+02, nu_p50=1.896e+02, nu_p95=2.538e+02, nu_p99=3.063e+02, interior_frac=0.000
[Frame  660] mode=DIR  iters=   5000, x_range=7.378e-06, y_range=4.216e-06
    nu_min=1.623e+02, nu_max=6.294e+02, nu_mean=1.988e+02, nu_std=2.762e+01
    nu_p05=1.761e+02, nu_p50=1.897e+02, nu_p95=2.535e+02, nu_p99=3.055e+02, interior_frac=0.000
[Frame  661] mode=DIR  iters=   5000, x_range=7.234e-06, y_range=4.133e-06
    nu_min=1.625e+02, nu_max=6.144e+02, nu_mean=1.990e+02, nu_std=2.741e+01
    nu_p05=1.765e+02, nu_p50=1.898e+02, nu_p95=2.533e+02, nu_p99=3.051e+02, interior_frac=0.000
[Frame  662] mode=DIR  iters=   5000, x_range=7.092e-06, y_range=4.052e-06
    nu_min=1.627e+02, nu_max=6.018e+02, nu_mean=1.991e+02, nu_std=2.720e+01
    nu_p05=1.768e+02, nu_p50=1.898e+02, nu_p95=2.530e+02, nu_p99=3.050e+02, interior_frac=0.000
[Frame  663] mode=DIR  iters=   5000, x_range=6.953e-06, y_range=3.973e-06
    nu_min=1.629e+02, nu_max=6.215e+02, nu_mean=1.990e+02, nu_std=2.692e+01
    nu_p05=1.770e+02, nu_p50=1.896e+02, nu_p95=2.524e+02, nu_p99=3.038e+02, interior_frac=0.000
[Frame  664] mode=DIR  iters=   5000, x_range=6.816e-06, y_range=3.895e-06
    nu_min=1.634e+02, nu_max=6.292e+02, nu_mean=1.989e+02, nu_std=2.671e+01
    nu_p05=1.772e+02, nu_p50=1.895e+02, nu_p95=2.518e+02, nu_p99=3.036e+02, interior_frac=0.000
[Frame  665] mode=DIR  iters=   5000, x_range=6.683e-06, y_range=3.819e-06
    nu_min=1.638e+02, nu_max=6.384e+02, nu_mean=1.989e+02, nu_std=2.650e+01
    nu_p05=1.774e+02, nu_p50=1.894e+02, nu_p95=2.515e+02, nu_p99=3.028e+02, interior_frac=0.000
[Frame  666] mode=DIR  iters=   5000, x_range=6.552e-06, y_range=3.744e-06
    nu_min=1.645e+02, nu_max=6.068e+02, nu_mean=1.991e+02, nu_std=2.655e+01
    nu_p05=1.776e+02, nu_p50=1.895e+02, nu_p95=2.516e+02, nu_p99=3.034e+02, interior_frac=0.000
[Frame  667] mode=DIR  iters=   5000, x_range=6.423e-06, y_range=3.670e-06
    nu_min=1.651e+02, nu_max=6.579e+02, nu_mean=1.993e+02, nu_std=2.647e+01
    nu_p05=1.777e+02, nu_p50=1.895e+02, nu_p95=2.517e+02, nu_p99=3.030e+02, interior_frac=0.000
[Frame  668] mode=DIR  iters=   5000, x_range=6.297e-06, y_range=3.598e-06
    nu_min=1.662e+02, nu_max=6.908e+02, nu_mean=1.995e+02, nu_std=2.650e+01
    nu_p05=1.779e+02, nu_p50=1.896e+02, nu_p95=2.519e+02, nu_p99=3.033e+02, interior_frac=0.000
[Frame  669] mode=DIR  iters=   5000, x_range=6.174e-06, y_range=3.528e-06
    nu_min=1.670e+02, nu_max=6.738e+02, nu_mean=1.997e+02, nu_std=2.645e+01
    nu_p05=1.779e+02, nu_p50=1.898e+02, nu_p95=2.519e+02, nu_p99=3.030e+02, interior_frac=0.000
[Frame  670] mode=DIR  iters=   5000, x_range=6.053e-06, y_range=3.459e-06
    nu_min=1.680e+02, nu_max=6.347e+02, nu_mean=1.999e+02, nu_std=2.647e+01
    nu_p05=1.780e+02, nu_p50=1.900e+02, nu_p95=2.521e+02, nu_p99=3.034e+02, interior_frac=0.000
[Frame  671] mode=DIR  iters=   5000, x_range=5.934e-06, y_range=3.391e-06
    nu_min=1.701e+02, nu_max=6.104e+02, nu_mean=2.002e+02, nu_std=2.655e+01
    nu_p05=1.781e+02, nu_p50=1.903e+02, nu_p95=2.526e+02, nu_p99=3.037e+02, interior_frac=0.000
[Frame  672] mode=DIR  iters=   5000, x_range=5.818e-06, y_range=3.324e-06
    nu_min=1.767e+02, nu_max=7.072e+02, nu_mean=2.006e+02, nu_std=2.673e+01
    nu_p05=1.782e+02, nu_p50=1.907e+02, nu_p95=2.531e+02, nu_p99=3.045e+02, interior_frac=0.000
[Frame  673] mode=DIR  iters=   5000, x_range=5.704e-06, y_range=3.259e-06
    nu_min=1.768e+02, nu_max=5.979e+02, nu_mean=2.009e+02, nu_std=2.684e+01
    nu_p05=1.782e+02, nu_p50=1.911e+02, nu_p95=2.537e+02, nu_p99=3.050e+02, interior_frac=0.000
[Frame  674] mode=DIR  iters=   5000, x_range=5.592e-06, y_range=3.195e-06
    nu_min=1.769e+02, nu_max=6.717e+02, nu_mean=2.012e+02, nu_std=2.687e+01
    nu_p05=1.783e+02, nu_p50=1.917e+02, nu_p95=2.538e+02, nu_p99=3.051e+02, interior_frac=0.000
[Frame  675] mode=DIR  iters=   5000, x_range=5.482e-06, y_range=3.133e-06
    nu_min=1.770e+02, nu_max=6.715e+02, nu_mean=2.016e+02, nu_std=2.693e+01
    nu_p05=1.785e+02, nu_p50=1.924e+02, nu_p95=2.543e+02, nu_p99=3.056e+02, interior_frac=0.000
[Frame  676] mode=DIR  iters=   5000, x_range=5.375e-06, y_range=3.071e-06
    nu_min=1.770e+02, nu_max=6.593e+02, nu_mean=2.020e+02, nu_std=2.704e+01
    nu_p05=1.786e+02, nu_p50=1.933e+02, nu_p95=2.549e+02, nu_p99=3.062e+02, interior_frac=0.000
[Frame  677] mode=DIR  iters=   5000, x_range=5.269e-06, y_range=3.011e-06
    nu_min=1.771e+02, nu_max=6.368e+02, nu_mean=2.025e+02, nu_std=2.731e+01
    nu_p05=1.787e+02, nu_p50=1.942e+02, nu_p95=2.558e+02, nu_p99=3.073e+02, interior_frac=0.000
[Frame  678] mode=DIR  iters=   5000, x_range=5.166e-06, y_range=2.952e-06
    nu_min=1.772e+02, nu_max=6.770e+02, nu_mean=2.030e+02, nu_std=2.745e+01
    nu_p05=1.789e+02, nu_p50=1.953e+02, nu_p95=2.565e+02, nu_p99=3.079e+02, interior_frac=0.000
[Frame  679] mode=DIR  iters=   5000, x_range=5.065e-06, y_range=2.894e-06
    nu_min=1.773e+02, nu_max=7.800e+02, nu_mean=2.035e+02, nu_std=2.756e+01
    nu_p05=1.790e+02, nu_p50=1.963e+02, nu_p95=2.570e+02, nu_p99=3.084e+02, interior_frac=0.000
[Frame  680] mode=DIR  iters=   5000, x_range=4.965e-06, y_range=2.837e-06
    nu_min=1.774e+02, nu_max=6.733e+02, nu_mean=2.041e+02, nu_std=2.778e+01
    nu_p05=1.792e+02, nu_p50=1.972e+02, nu_p95=2.581e+02, nu_p99=3.096e+02, interior_frac=0.000
[Frame  681] mode=DIR  iters=   5000, x_range=4.868e-06, y_range=2.782e-06
    nu_min=1.775e+02, nu_max=6.850e+02, nu_mean=2.048e+02, nu_std=2.798e+01
    nu_p05=1.794e+02, nu_p50=1.982e+02, nu_p95=2.589e+02, nu_p99=3.104e+02, interior_frac=0.000
[Frame  682] mode=DIR  iters=   5000, x_range=4.773e-06, y_range=2.727e-06
    nu_min=1.776e+02, nu_max=6.908e+02, nu_mean=2.054e+02, nu_std=2.814e+01
    nu_p05=1.796e+02, nu_p50=1.991e+02, nu_p95=2.600e+02, nu_p99=3.114e+02, interior_frac=0.000
[Frame  683] mode=DIR  iters=   5000, x_range=4.679e-06, y_range=2.674e-06
    nu_min=1.777e+02, nu_max=6.196e+02, nu_mean=2.062e+02, nu_std=2.838e+01
    nu_p05=1.798e+02, nu_p50=1.999e+02, nu_p95=2.610e+02, nu_p99=3.130e+02, interior_frac=0.000
[Frame  684] mode=DIR  iters=   5000, x_range=4.587e-06, y_range=2.621e-06
    nu_min=1.777e+02, nu_max=5.932e+02, nu_mean=2.069e+02, nu_std=2.852e+01
    nu_p05=1.800e+02, nu_p50=2.008e+02, nu_p95=2.620e+02, nu_p99=3.136e+02, interior_frac=0.000
[Frame  685] mode=DIR  iters=   5000, x_range=4.497e-06, y_range=2.570e-06
    nu_min=1.778e+02, nu_max=6.472e+02, nu_mean=2.077e+02, nu_std=2.875e+01
    nu_p05=1.804e+02, nu_p50=2.017e+02, nu_p95=2.632e+02, nu_p99=3.151e+02, interior_frac=0.000
[Frame  686] mode=DIR  iters=   5000, x_range=4.409e-06, y_range=2.519e-06
    nu_min=1.779e+02, nu_max=6.437e+02, nu_mean=2.085e+02, nu_std=2.892e+01
    nu_p05=1.807e+02, nu_p50=2.025e+02, nu_p95=2.643e+02, nu_p99=3.162e+02, interior_frac=0.000
[Frame  687] mode=DIR  iters=   5000, x_range=4.323e-06, y_range=2.470e-06
    nu_min=1.780e+02, nu_max=6.764e+02, nu_mean=2.094e+02, nu_std=2.901e+01
    nu_p05=1.810e+02, nu_p50=2.033e+02, nu_p95=2.652e+02, nu_p99=3.171e+02, interior_frac=0.000
[Frame  688] mode=DIR  iters=   5000, x_range=4.238e-06, y_range=2.422e-06
    nu_min=1.781e+02, nu_max=5.975e+02, nu_mean=2.102e+02, nu_std=2.919e+01
    nu_p05=1.814e+02, nu_p50=2.040e+02, nu_p95=2.664e+02, nu_p99=3.187e+02, interior_frac=0.000
[Frame  689] mode=DIR  iters=   5000, x_range=4.155e-06, y_range=2.374e-06
    nu_min=1.782e+02, nu_max=6.414e+02, nu_mean=2.111e+02, nu_std=2.927e+01
    nu_p05=1.818e+02, nu_p50=2.049e+02, nu_p95=2.676e+02, nu_p99=3.196e+02, interior_frac=0.000
[Frame  690] mode=DIR  iters=   5000, x_range=4.073e-06, y_range=2.328e-06
    nu_min=1.783e+02, nu_max=6.670e+02, nu_mean=2.120e+02, nu_std=2.937e+01
    nu_p05=1.823e+02, nu_p50=2.056e+02, nu_p95=2.686e+02, nu_p99=3.209e+02, interior_frac=0.000
[Frame  691] mode=DIR  iters=   5000, x_range=3.993e-06, y_range=2.282e-06
    nu_min=1.785e+02, nu_max=7.454e+02, nu_mean=2.130e+02, nu_std=2.950e+01
    nu_p05=1.828e+02, nu_p50=2.064e+02, nu_p95=2.697e+02, nu_p99=3.224e+02, interior_frac=0.000
[Frame  692] mode=DIR  iters=   5000, x_range=3.915e-06, y_range=2.237e-06
    nu_min=1.786e+02, nu_max=6.554e+02, nu_mean=2.139e+02, nu_std=2.951e+01
    nu_p05=1.833e+02, nu_p50=2.072e+02, nu_p95=2.708e+02, nu_p99=3.229e+02, interior_frac=0.000
[Frame  693] mode=DIR  iters=   5000, x_range=3.838e-06, y_range=2.193e-06
    nu_min=1.788e+02, nu_max=6.061e+02, nu_mean=2.148e+02, nu_std=2.959e+01
    nu_p05=1.839e+02, nu_p50=2.079e+02, nu_p95=2.719e+02, nu_p99=3.245e+02, interior_frac=0.000
[Frame  694] mode=DIR  iters=   5000, x_range=3.763e-06, y_range=2.150e-06
    nu_min=1.793e+02, nu_max=7.023e+02, nu_mean=2.158e+02, nu_std=2.956e+01
    nu_p05=1.844e+02, nu_p50=2.087e+02, nu_p95=2.729e+02, nu_p99=3.253e+02, interior_frac=0.000
[Frame  695] mode=DIR  iters=   5000, x_range=3.689e-06, y_range=2.108e-06
    nu_min=1.796e+02, nu_max=7.846e+02, nu_mean=2.167e+02, nu_std=2.950e+01
    nu_p05=1.849e+02, nu_p50=2.094e+02, nu_p95=2.739e+02, nu_p99=3.258e+02, interior_frac=0.000
[Frame  696] mode=DIR  iters=   5000, x_range=3.617e-06, y_range=2.067e-06
    nu_min=1.802e+02, nu_max=6.328e+02, nu_mean=2.177e+02, nu_std=2.943e+01
    nu_p05=1.853e+02, nu_p50=2.100e+02, nu_p95=2.748e+02, nu_p99=3.272e+02, interior_frac=0.000
[Frame  697] mode=DIR  iters=   5000, x_range=3.546e-06, y_range=2.026e-06
    nu_min=1.807e+02, nu_max=7.266e+02, nu_mean=2.186e+02, nu_std=2.935e+01
    nu_p05=1.857e+02, nu_p50=2.107e+02, nu_p95=2.758e+02, nu_p99=3.278e+02, interior_frac=0.000
[Frame  698] mode=DIR  iters=   5000, x_range=3.477e-06, y_range=1.987e-06
    nu_min=1.812e+02, nu_max=7.192e+02, nu_mean=2.194e+02, nu_std=2.923e+01
    nu_p05=1.862e+02, nu_p50=2.113e+02, nu_p95=2.765e+02, nu_p99=3.286e+02, interior_frac=0.000
[Frame  699] mode=DIR  iters=   5000, x_range=3.408e-06, y_range=1.948e-06
    nu_min=1.818e+02, nu_max=6.775e+02, nu_mean=2.202e+02, nu_std=2.915e+01
    nu_p05=1.867e+02, nu_p50=2.118e+02, nu_p95=2.773e+02, nu_p99=3.296e+02, interior_frac=0.000
[Frame  700] mode=DIR  iters=   5000, x_range=3.342e-06, y_range=1.909e-06
    nu_min=1.827e+02, nu_max=7.012e+02, nu_mean=2.209e+02, nu_std=2.901e+01
    nu_p05=1.874e+02, nu_p50=2.123e+02, nu_p95=2.777e+02, nu_p99=3.302e+02, interior_frac=0.000
[Frame  701] mode=DIR  iters=   5000, x_range=3.276e-06, y_range=1.872e-06
    nu_min=1.839e+02, nu_max=7.619e+02, nu_mean=2.215e+02, nu_std=2.888e+01
    nu_p05=1.882e+02, nu_p50=2.127e+02, nu_p95=2.780e+02, nu_p99=3.304e+02, interior_frac=0.000
[Frame  702] mode=DIR  iters=   5000, x_range=3.212e-06, y_range=1.835e-06
    nu_min=1.856e+02, nu_max=7.016e+02, nu_mean=2.219e+02, nu_std=2.871e+01
    nu_p05=1.891e+02, nu_p50=2.130e+02, nu_p95=2.784e+02, nu_p99=3.307e+02, interior_frac=0.000
[Frame  703] mode=DIR  iters=   5000, x_range=3.149e-06, y_range=1.799e-06
    nu_min=1.858e+02, nu_max=6.831e+02, nu_mean=2.224e+02, nu_std=2.858e+01
    nu_p05=1.905e+02, nu_p50=2.133e+02, nu_p95=2.786e+02, nu_p99=3.310e+02, interior_frac=0.000
[Frame  704] mode=DIR  iters=   5000, x_range=3.087e-06, y_range=1.764e-06
    nu_min=1.860e+02, nu_max=6.196e+02, nu_mean=2.226e+02, nu_std=2.834e+01
    nu_p05=1.934e+02, nu_p50=2.135e+02, nu_p95=2.785e+02, nu_p99=3.308e+02, interior_frac=0.000
[Frame  705] mode=DIR  iters=   5000, x_range=3.027e-06, y_range=1.729e-06
    nu_min=1.863e+02, nu_max=6.170e+02, nu_mean=2.228e+02, nu_std=2.799e+01
    nu_p05=1.995e+02, nu_p50=2.137e+02, nu_p95=2.780e+02, nu_p99=3.305e+02, interior_frac=0.000
[Frame  706] mode=DIR  iters=   5000, x_range=2.967e-06, y_range=1.696e-06
    nu_min=1.864e+02, nu_max=6.579e+02, nu_mean=2.230e+02, nu_std=2.771e+01
    nu_p05=2.001e+02, nu_p50=2.139e+02, nu_p95=2.778e+02, nu_p99=3.297e+02, interior_frac=0.000
[Frame  707] mode=DIR  iters=   5000, x_range=2.909e-06, y_range=1.662e-06
    nu_min=1.866e+02, nu_max=6.647e+02, nu_mean=2.231e+02, nu_std=2.752e+01
    nu_p05=2.005e+02, nu_p50=2.139e+02, nu_p95=2.776e+02, nu_p99=3.295e+02, interior_frac=0.000
[Frame  708] mode=DIR  iters=   5000, x_range=2.852e-06, y_range=1.630e-06
    nu_min=1.867e+02, nu_max=6.723e+02, nu_mean=2.233e+02, nu_std=2.731e+01
    nu_p05=2.009e+02, nu_p50=2.140e+02, nu_p95=2.774e+02, nu_p99=3.291e+02, interior_frac=0.000
[Frame  709] mode=DIR  iters=   5000, x_range=2.796e-06, y_range=1.598e-06
    nu_min=1.869e+02, nu_max=6.284e+02, nu_mean=2.233e+02, nu_std=2.718e+01
    nu_p05=2.011e+02, nu_p50=2.139e+02, nu_p95=2.770e+02, nu_p99=3.291e+02, interior_frac=0.000
[Frame  710] mode=DIR  iters=   5000, x_range=2.741e-06, y_range=1.566e-06
    nu_min=1.875e+02, nu_max=6.650e+02, nu_mean=2.231e+02, nu_std=2.680e+01
    nu_p05=2.014e+02, nu_p50=2.137e+02, nu_p95=2.762e+02, nu_p99=3.277e+02, interior_frac=0.000
[Frame  711] mode=DIR  iters=   5000, x_range=2.687e-06, y_range=1.536e-06
    nu_min=1.879e+02, nu_max=7.167e+02, nu_mean=2.231e+02, nu_std=2.657e+01
    nu_p05=2.016e+02, nu_p50=2.136e+02, nu_p95=2.757e+02, nu_p99=3.272e+02, interior_frac=0.000
[Frame  712] mode=DIR  iters=   5000, x_range=2.635e-06, y_range=1.506e-06
    nu_min=1.885e+02, nu_max=6.327e+02, nu_mean=2.232e+02, nu_std=2.651e+01
    nu_p05=2.018e+02, nu_p50=2.137e+02, nu_p95=2.758e+02, nu_p99=3.271e+02, interior_frac=0.000
[Frame  713] mode=DIR  iters=   5000, x_range=2.583e-06, y_range=1.476e-06
    nu_min=1.889e+02, nu_max=6.964e+02, nu_mean=2.234e+02, nu_std=2.648e+01
    nu_p05=2.019e+02, nu_p50=2.137e+02, nu_p95=2.758e+02, nu_p99=3.275e+02, interior_frac=0.000
[Frame  714] mode=DIR  iters=   5000, x_range=2.532e-06, y_range=1.447e-06
    nu_min=1.895e+02, nu_max=6.957e+02, nu_mean=2.236e+02, nu_std=2.650e+01
    nu_p05=2.020e+02, nu_p50=2.138e+02, nu_p95=2.759e+02, nu_p99=3.273e+02, interior_frac=0.000
[Frame  715] mode=DIR  iters=   5000, x_range=2.483e-06, y_range=1.419e-06
    nu_min=1.903e+02, nu_max=6.074e+02, nu_mean=2.238e+02, nu_std=2.643e+01
    nu_p05=2.021e+02, nu_p50=2.139e+02, nu_p95=2.760e+02, nu_p99=3.273e+02, interior_frac=0.000
[Frame  716] mode=DIR  iters=   5000, x_range=2.434e-06, y_range=1.391e-06
    nu_min=1.913e+02, nu_max=7.605e+02, nu_mean=2.240e+02, nu_std=2.647e+01
    nu_p05=2.022e+02, nu_p50=2.140e+02, nu_p95=2.763e+02, nu_p99=3.277e+02, interior_frac=0.000
[Frame  717] mode=DIR  iters=   5000, x_range=2.386e-06, y_range=1.364e-06
    nu_min=1.939e+02, nu_max=7.128e+02, nu_mean=2.243e+02, nu_std=2.660e+01
    nu_p05=2.023e+02, nu_p50=2.144e+02, nu_p95=2.768e+02, nu_p99=3.280e+02, interior_frac=0.000
[Frame  718] mode=DIR  iters=   5000, x_range=2.340e-06, y_range=1.337e-06
    nu_min=2.008e+02, nu_max=6.324e+02, nu_mean=2.246e+02, nu_std=2.670e+01
    nu_p05=2.023e+02, nu_p50=2.147e+02, nu_p95=2.772e+02, nu_p99=3.287e+02, interior_frac=0.000
[Frame  719] mode=DIR  iters=   5000, x_range=2.294e-06, y_range=1.311e-06
    nu_min=2.009e+02, nu_max=7.970e+02, nu_mean=2.249e+02, nu_std=2.666e+01
    nu_p05=2.024e+02, nu_p50=2.151e+02, nu_p95=2.773e+02, nu_p99=3.284e+02, interior_frac=0.000
[Frame  720] mode=DIR  iters=   5000, x_range=2.249e-06, y_range=1.285e-06
    nu_min=2.010e+02, nu_max=6.298e+02, nu_mean=2.252e+02, nu_std=2.677e+01
    nu_p05=2.025e+02, nu_p50=2.157e+02, nu_p95=2.778e+02, nu_p99=3.288e+02, interior_frac=0.000
[Frame  721] mode=DIR  iters=   5000, x_range=2.205e-06, y_range=1.260e-06
    nu_min=2.011e+02, nu_max=6.317e+02, nu_mean=2.256e+02, nu_std=2.693e+01
    nu_p05=2.026e+02, nu_p50=2.163e+02, nu_p95=2.784e+02, nu_p99=3.299e+02, interior_frac=0.000
[Frame  722] mode=DIR  iters=   5000, x_range=2.161e-06, y_range=1.235e-06
    nu_min=2.012e+02, nu_max=6.300e+02, nu_mean=2.260e+02, nu_std=2.706e+01
    nu_p05=2.027e+02, nu_p50=2.171e+02, nu_p95=2.789e+02, nu_p99=3.303e+02, interior_frac=0.000
[Frame  723] mode=DIR  iters=   5000, x_range=2.119e-06, y_range=1.211e-06
    nu_min=2.013e+02, nu_max=6.954e+02, nu_mean=2.265e+02, nu_std=2.722e+01
    nu_p05=2.029e+02, nu_p50=2.180e+02, nu_p95=2.797e+02, nu_p99=3.308e+02, interior_frac=0.000
[Frame  724] mode=DIR  iters=   5000, x_range=2.078e-06, y_range=1.187e-06
    nu_min=2.014e+02, nu_max=6.295e+02, nu_mean=2.270e+02, nu_std=2.734e+01
    nu_p05=2.030e+02, nu_p50=2.190e+02, nu_p95=2.803e+02, nu_p99=3.317e+02, interior_frac=0.000
[Frame  725] mode=DIR  iters=   5000, x_range=2.037e-06, y_range=1.164e-06
    nu_min=2.015e+02, nu_max=7.716e+02, nu_mean=2.275e+02, nu_std=2.750e+01
    nu_p05=2.031e+02, nu_p50=2.200e+02, nu_p95=2.810e+02, nu_p99=3.320e+02, interior_frac=0.000
[Frame  726] mode=DIR  iters=   5000, x_range=1.997e-06, y_range=1.141e-06
    nu_min=2.016e+02, nu_max=6.377e+02, nu_mean=2.281e+02, nu_std=2.771e+01
    nu_p05=2.033e+02, nu_p50=2.210e+02, nu_p95=2.820e+02, nu_p99=3.334e+02, interior_frac=0.000
[Frame  727] mode=DIR  iters=   5000, x_range=1.958e-06, y_range=1.119e-06
    nu_min=2.017e+02, nu_max=7.197e+02, nu_mean=2.287e+02, nu_std=2.789e+01
    nu_p05=2.035e+02, nu_p50=2.219e+02, nu_p95=2.827e+02, nu_p99=3.345e+02, interior_frac=0.000
[Frame  728] mode=DIR  iters=   5000, x_range=1.919e-06, y_range=1.097e-06
    nu_min=2.017e+02, nu_max=6.689e+02, nu_mean=2.293e+02, nu_std=2.808e+01
    nu_p05=2.037e+02, nu_p50=2.229e+02, nu_p95=2.838e+02, nu_p99=3.354e+02, interior_frac=0.000
[Frame  729] mode=DIR  iters=   5000, x_range=1.882e-06, y_range=1.075e-06
    nu_min=2.018e+02, nu_max=6.869e+02, nu_mean=2.301e+02, nu_std=2.829e+01
    nu_p05=2.039e+02, nu_p50=2.238e+02, nu_p95=2.849e+02, nu_p99=3.366e+02, interior_frac=0.000
[Frame  730] mode=DIR  iters=   5000, x_range=1.845e-06, y_range=1.054e-06
    nu_min=2.019e+02, nu_max=7.390e+02, nu_mean=2.308e+02, nu_std=2.849e+01
    nu_p05=2.041e+02, nu_p50=2.247e+02, nu_p95=2.859e+02, nu_p99=3.376e+02, interior_frac=0.000
[Frame  731] mode=DIR  iters=   5000, x_range=1.809e-06, y_range=1.033e-06
    nu_min=2.020e+02, nu_max=6.849e+02, nu_mean=2.316e+02, nu_std=2.869e+01
    nu_p05=2.044e+02, nu_p50=2.256e+02, nu_p95=2.869e+02, nu_p99=3.387e+02, interior_frac=0.000
[Frame  732] mode=DIR  iters=   5000, x_range=1.773e-06, y_range=1.013e-06
    nu_min=2.021e+02, nu_max=7.188e+02, nu_mean=2.324e+02, nu_std=2.881e+01
    nu_p05=2.047e+02, nu_p50=2.264e+02, nu_p95=2.880e+02, nu_p99=3.399e+02, interior_frac=0.000
[Frame  733] mode=DIR  iters=   5000, x_range=1.738e-06, y_range=9.934e-07
    nu_min=2.021e+02, nu_max=6.660e+02, nu_mean=2.332e+02, nu_std=2.900e+01
    nu_p05=2.050e+02, nu_p50=2.271e+02, nu_p95=2.891e+02, nu_p99=3.411e+02, interior_frac=0.000
[Frame  734] mode=DIR  iters=   5000, x_range=1.704e-06, y_range=9.739e-07
    nu_min=2.022e+02, nu_max=6.512e+02, nu_mean=2.341e+02, nu_std=2.915e+01
    nu_p05=2.054e+02, nu_p50=2.279e+02, nu_p95=2.901e+02, nu_p99=3.425e+02, interior_frac=0.000
[Frame  735] mode=DIR  iters=   5000, x_range=1.671e-06, y_range=9.548e-07
    nu_min=2.023e+02, nu_max=7.010e+02, nu_mean=2.349e+02, nu_std=2.925e+01
    nu_p05=2.058e+02, nu_p50=2.287e+02, nu_p95=2.912e+02, nu_p99=3.436e+02, interior_frac=0.000
[Frame  736] mode=DIR  iters=   5000, x_range=1.638e-06, y_range=9.361e-07
    nu_min=2.025e+02, nu_max=6.972e+02, nu_mean=2.358e+02, nu_std=2.937e+01
    nu_p05=2.063e+02, nu_p50=2.295e+02, nu_p95=2.922e+02, nu_p99=3.445e+02, interior_frac=0.000
[Frame  737] mode=DIR  iters=   5000, x_range=1.606e-06, y_range=9.177e-07
    nu_min=2.026e+02, nu_max=6.777e+02, nu_mean=2.367e+02, nu_std=2.941e+01
    nu_p05=2.068e+02, nu_p50=2.303e+02, nu_p95=2.934e+02, nu_p99=3.456e+02, interior_frac=0.000
[Frame  738] mode=DIR  iters=   5000, x_range=1.574e-06, y_range=8.997e-07
    nu_min=2.028e+02, nu_max=7.479e+02, nu_mean=2.377e+02, nu_std=2.948e+01
    nu_p05=2.073e+02, nu_p50=2.310e+02, nu_p95=2.945e+02, nu_p99=3.465e+02, interior_frac=0.000
[Frame  739] mode=DIR  iters=   5000, x_range=1.544e-06, y_range=8.821e-07
    nu_min=2.029e+02, nu_max=8.382e+02, nu_mean=2.386e+02, nu_std=2.950e+01
    nu_p05=2.078e+02, nu_p50=2.318e+02, nu_p95=2.956e+02, nu_p99=3.476e+02, interior_frac=0.000
[Frame  740] mode=DIR  iters=   5000, x_range=1.513e-06, y_range=8.648e-07
    nu_min=2.033e+02, nu_max=6.994e+02, nu_mean=2.396e+02, nu_std=2.953e+01
    nu_p05=2.084e+02, nu_p50=2.326e+02, nu_p95=2.966e+02, nu_p99=3.488e+02, interior_frac=0.000
[Frame  741] mode=DIR  iters=   5000, x_range=1.484e-06, y_range=8.478e-07
    nu_min=2.036e+02, nu_max=7.058e+02, nu_mean=2.406e+02, nu_std=2.954e+01
    nu_p05=2.089e+02, nu_p50=2.333e+02, nu_p95=2.977e+02, nu_p99=3.500e+02, interior_frac=0.000
[Frame  742] mode=DIR  iters=   5000, x_range=1.455e-06, y_range=8.312e-07
    nu_min=2.040e+02, nu_max=6.966e+02, nu_mean=2.415e+02, nu_std=2.950e+01
    nu_p05=2.094e+02, nu_p50=2.340e+02, nu_p95=2.988e+02, nu_p99=3.512e+02, interior_frac=0.000
[Frame  743] mode=DIR  iters=   5000, x_range=1.426e-06, y_range=8.149e-07
    nu_min=2.044e+02, nu_max=7.928e+02, nu_mean=2.425e+02, nu_std=2.944e+01
    nu_p05=2.098e+02, nu_p50=2.347e+02, nu_p95=2.997e+02, nu_p99=3.521e+02, interior_frac=0.000
[Frame  744] mode=DIR  iters=   5000, x_range=1.398e-06, y_range=7.989e-07
    nu_min=2.048e+02, nu_max=6.720e+02, nu_mean=2.433e+02, nu_std=2.934e+01
    nu_p05=2.102e+02, nu_p50=2.353e+02, nu_p95=3.006e+02, nu_p99=3.527e+02, interior_frac=0.000
[Frame  745] mode=DIR  iters=   5000, x_range=1.371e-06, y_range=7.833e-07
    nu_min=2.053e+02, nu_max=7.207e+02, nu_mean=2.441e+02, nu_std=2.922e+01
    nu_p05=2.107e+02, nu_p50=2.358e+02, nu_p95=3.011e+02, nu_p99=3.533e+02, interior_frac=0.000
[Frame  746] mode=DIR  iters=   5000, x_range=1.344e-06, y_range=7.679e-07
    nu_min=2.059e+02, nu_max=7.162e+02, nu_mean=2.448e+02, nu_std=2.905e+01
    nu_p05=2.113e+02, nu_p50=2.363e+02, nu_p95=3.017e+02, nu_p99=3.538e+02, interior_frac=0.000
[Frame  747] mode=DIR  iters=   5000, x_range=1.317e-06, y_range=7.528e-07
    nu_min=2.077e+02, nu_max=8.121e+02, nu_mean=2.454e+02, nu_std=2.894e+01
    nu_p05=2.120e+02, nu_p50=2.368e+02, nu_p95=3.020e+02, nu_p99=3.546e+02, interior_frac=0.000
[Frame  748] mode=DIR  iters=   5000, x_range=1.292e-06, y_range=7.381e-07
    nu_min=2.097e+02, nu_max=6.817e+02, nu_mean=2.459e+02, nu_std=2.876e+01
    nu_p05=2.129e+02, nu_p50=2.370e+02, nu_p95=3.025e+02, nu_p99=3.550e+02, interior_frac=0.000
[Frame  749] mode=DIR  iters=   5000, x_range=1.266e-06, y_range=7.236e-07
    nu_min=2.098e+02, nu_max=6.340e+02, nu_mean=2.464e+02, nu_std=2.864e+01
    nu_p05=2.141e+02, nu_p50=2.374e+02, nu_p95=3.028e+02, nu_p99=3.555e+02, interior_frac=0.000
[Frame  750] mode=DIR  iters=   5000, x_range=1.241e-06, y_range=7.094e-07
    nu_min=2.102e+02, nu_max=6.454e+02, nu_mean=2.467e+02, nu_std=2.844e+01
    nu_p05=2.162e+02, nu_p50=2.376e+02, nu_p95=3.028e+02, nu_p99=3.551e+02, interior_frac=0.000
[Frame  751] mode=DIR  iters=   5000, x_range=1.217e-06, y_range=6.955e-07
    nu_min=2.104e+02, nu_max=7.204e+02, nu_mean=2.469e+02, nu_std=2.812e+01
    nu_p05=2.221e+02, nu_p50=2.378e+02, nu_p95=3.025e+02, nu_p99=3.545e+02, interior_frac=0.000
[Frame  752] mode=DIR  iters=   5000, x_range=1.193e-06, y_range=6.819e-07
    nu_min=2.106e+02, nu_max=7.759e+02, nu_mean=2.471e+02, nu_std=2.783e+01
    nu_p05=2.241e+02, nu_p50=2.380e+02, nu_p95=3.020e+02, nu_p99=3.541e+02, interior_frac=0.000
[Frame  753] mode=DIR  iters=   5000, x_range=1.170e-06, y_range=6.685e-07
    nu_min=2.107e+02, nu_max=7.573e+02, nu_mean=2.473e+02, nu_std=2.759e+01
    nu_p05=2.245e+02, nu_p50=2.381e+02, nu_p95=3.019e+02, nu_p99=3.535e+02, interior_frac=0.000
[Frame  754] mode=DIR  iters=   5000, x_range=1.147e-06, y_range=6.554e-07
    nu_min=2.109e+02, nu_max=7.545e+02, nu_mean=2.474e+02, nu_std=2.743e+01
    nu_p05=2.249e+02, nu_p50=2.382e+02, nu_p95=3.018e+02, nu_p99=3.536e+02, interior_frac=0.000
[Frame  755] mode=DIR  iters=   5000, x_range=1.124e-06, y_range=6.425e-07
    nu_min=2.113e+02, nu_max=7.157e+02, nu_mean=2.475e+02, nu_std=2.725e+01
    nu_p05=2.252e+02, nu_p50=2.381e+02, nu_p95=3.015e+02, nu_p99=3.535e+02, interior_frac=0.000
[Frame  756] mode=DIR  iters=   5000, x_range=1.102e-06, y_range=6.299e-07
    nu_min=2.116e+02, nu_max=6.659e+02, nu_mean=2.474e+02, nu_std=2.699e+01
    nu_p05=2.255e+02, nu_p50=2.380e+02, nu_p95=3.009e+02, nu_p99=3.529e+02, interior_frac=0.000
[Frame  757] mode=DIR  iters=   5000, x_range=1.081e-06, y_range=6.176e-07
    nu_min=2.119e+02, nu_max=6.571e+02, nu_mean=2.474e+02, nu_std=2.671e+01
    nu_p05=2.257e+02, nu_p50=2.379e+02, nu_p95=3.003e+02, nu_p99=3.521e+02, interior_frac=0.000
[Frame  758] mode=DIR  iters=   5000, x_range=1.060e-06, y_range=6.055e-07
    nu_min=2.123e+02, nu_max=7.144e+02, nu_mean=2.474e+02, nu_std=2.656e+01
    nu_p05=2.259e+02, nu_p50=2.379e+02, nu_p95=2.999e+02, nu_p99=3.515e+02, interior_frac=0.000
[Frame  759] mode=DIR  iters=   5000, x_range=1.039e-06, y_range=5.936e-07
    nu_min=2.128e+02, nu_max=7.179e+02, nu_mean=2.475e+02, nu_std=2.648e+01
    nu_p05=2.260e+02, nu_p50=2.379e+02, nu_p95=2.999e+02, nu_p99=3.516e+02, interior_frac=0.000
[Frame  760] mode=DIR  iters=   5000, x_range=1.018e-06, y_range=5.820e-07
    nu_min=2.132e+02, nu_max=6.682e+02, nu_mean=2.477e+02, nu_std=2.645e+01
    nu_p05=2.261e+02, nu_p50=2.379e+02, nu_p95=3.000e+02, nu_p99=3.512e+02, interior_frac=0.000
[Frame  761] mode=DIR  iters=   5000, x_range=9.985e-07, y_range=5.706e-07
    nu_min=2.138e+02, nu_max=6.864e+02, nu_mean=2.479e+02, nu_std=2.645e+01
    nu_p05=2.263e+02, nu_p50=2.380e+02, nu_p95=3.000e+02, nu_p99=3.514e+02, interior_frac=0.000
[Frame  762] mode=DIR  iters=   5000, x_range=9.789e-07, y_range=5.594e-07
    nu_min=2.150e+02, nu_max=6.805e+02, nu_mean=2.482e+02, nu_std=2.655e+01
    nu_p05=2.264e+02, nu_p50=2.382e+02, nu_p95=3.006e+02, nu_p99=3.521e+02, interior_frac=0.000
[Frame  763] mode=DIR  iters=   5000, x_range=9.597e-07, y_range=5.484e-07
    nu_min=2.182e+02, nu_max=6.528e+02, nu_mean=2.484e+02, nu_std=2.658e+01
    nu_p05=2.265e+02, nu_p50=2.384e+02, nu_p95=3.010e+02, nu_p99=3.523e+02, interior_frac=0.000
[Frame  764] mode=DIR  iters=   5000, x_range=9.409e-07, y_range=5.376e-07
    nu_min=2.246e+02, nu_max=6.759e+02, nu_mean=2.487e+02, nu_std=2.660e+01
    nu_p05=2.265e+02, nu_p50=2.387e+02, nu_p95=3.011e+02, nu_p99=3.525e+02, interior_frac=0.000
[Frame  765] mode=DIR  iters=   5000, x_range=9.224e-07, y_range=5.271e-07
    nu_min=2.251e+02, nu_max=6.838e+02, nu_mean=2.489e+02, nu_std=2.662e+01
    nu_p05=2.266e+02, nu_p50=2.391e+02, nu_p95=3.013e+02, nu_p99=3.522e+02, interior_frac=0.000
[Frame  766] mode=DIR  iters=   5000, x_range=9.043e-07, y_range=5.168e-07
    nu_min=2.252e+02, nu_max=8.193e+02, nu_mean=2.493e+02, nu_std=2.677e+01
    nu_p05=2.267e+02, nu_p50=2.397e+02, nu_p95=3.019e+02, nu_p99=3.530e+02, interior_frac=0.000
[Frame  767] mode=DIR  iters=   5000, x_range=8.866e-07, y_range=5.066e-07
    nu_min=2.253e+02, nu_max=7.620e+02, nu_mean=2.497e+02, nu_std=2.689e+01
    nu_p05=2.268e+02, nu_p50=2.403e+02, nu_p95=3.024e+02, nu_p99=3.535e+02, interior_frac=0.000
[Frame  768] mode=DIR  iters=   5000, x_range=8.692e-07, y_range=4.967e-07
    nu_min=2.254e+02, nu_max=6.485e+02, nu_mean=2.501e+02, nu_std=2.705e+01
    nu_p05=2.269e+02, nu_p50=2.410e+02, nu_p95=3.031e+02, nu_p99=3.542e+02, interior_frac=0.000
[Frame  769] mode=DIR  iters=   5000, x_range=8.522e-07, y_range=4.870e-07
    nu_min=2.255e+02, nu_max=6.988e+02, nu_mean=2.505e+02, nu_std=2.715e+01
    nu_p05=2.270e+02, nu_p50=2.419e+02, nu_p95=3.036e+02, nu_p99=3.549e+02, interior_frac=0.000
[Frame  770] mode=DIR  iters=   5000, x_range=8.355e-07, y_range=4.774e-07
    nu_min=2.256e+02, nu_max=6.853e+02, nu_mean=2.509e+02, nu_std=2.726e+01
    nu_p05=2.271e+02, nu_p50=2.428e+02, nu_p95=3.041e+02, nu_p99=3.555e+02, interior_frac=0.000
[Frame  771] mode=DIR  iters=   5000, x_range=8.191e-07, y_range=4.681e-07
    nu_min=2.257e+02, nu_max=7.012e+02, nu_mean=2.514e+02, nu_std=2.743e+01
    nu_p05=2.273e+02, nu_p50=2.438e+02, nu_p95=3.049e+02, nu_p99=3.561e+02, interior_frac=0.000
[Frame  772] mode=DIR  iters=   5000, x_range=8.030e-07, y_range=4.589e-07
    nu_min=2.258e+02, nu_max=6.780e+02, nu_mean=2.520e+02, nu_std=2.761e+01
    nu_p05=2.274e+02, nu_p50=2.448e+02, nu_p95=3.056e+02, nu_p99=3.570e+02, interior_frac=0.000
[Frame  773] mode=DIR  iters=   5000, x_range=7.873e-07, y_range=4.499e-07
    nu_min=2.258e+02, nu_max=7.446e+02, nu_mean=2.526e+02, nu_std=2.779e+01
    nu_p05=2.276e+02, nu_p50=2.458e+02, nu_p95=3.065e+02, nu_p99=3.580e+02, interior_frac=0.000
[Frame  774] mode=DIR  iters=   5000, x_range=7.719e-07, y_range=4.411e-07
    nu_min=2.259e+02, nu_max=6.973e+02, nu_mean=2.533e+02, nu_std=2.798e+01
    nu_p05=2.278e+02, nu_p50=2.467e+02, nu_p95=3.075e+02, nu_p99=3.588e+02, interior_frac=0.000
[Frame  775] mode=DIR  iters=   5000, x_range=7.567e-07, y_range=4.324e-07
    nu_min=2.260e+02, nu_max=6.993e+02, nu_mean=2.540e+02, nu_std=2.823e+01
    nu_p05=2.280e+02, nu_p50=2.477e+02, nu_p95=3.087e+02, nu_p99=3.601e+02, interior_frac=0.000
[Frame  776] mode=DIR  iters=   5000, x_range=7.419e-07, y_range=4.239e-07
    nu_min=2.260e+02, nu_max=6.528e+02, nu_mean=2.547e+02, nu_std=2.839e+01
    nu_p05=2.282e+02, nu_p50=2.485e+02, nu_p95=3.096e+02, nu_p99=3.610e+02, interior_frac=0.000
[Frame  777] mode=DIR  iters=   5000, x_range=7.273e-07, y_range=4.156e-07
    nu_min=2.261e+02, nu_max=7.153e+02, nu_mean=2.555e+02, nu_std=2.861e+01
    nu_p05=2.285e+02, nu_p50=2.494e+02, nu_p95=3.107e+02, nu_p99=3.627e+02, interior_frac=0.000
[Frame  778] mode=DIR  iters=   5000, x_range=7.131e-07, y_range=4.075e-07
    nu_min=2.262e+02, nu_max=7.675e+02, nu_mean=2.563e+02, nu_std=2.881e+01
    nu_p05=2.288e+02, nu_p50=2.502e+02, nu_p95=3.118e+02, nu_p99=3.636e+02, interior_frac=0.000
[Frame  779] mode=DIR  iters=   5000, x_range=6.991e-07, y_range=3.995e-07
    nu_min=2.263e+02, nu_max=6.693e+02, nu_mean=2.571e+02, nu_std=2.892e+01
    nu_p05=2.291e+02, nu_p50=2.510e+02, nu_p95=3.129e+02, nu_p99=3.645e+02, interior_frac=0.000
[Frame  780] mode=DIR  iters=   5000, x_range=6.854e-07, y_range=3.916e-07
    nu_min=2.263e+02, nu_max=6.903e+02, nu_mean=2.579e+02, nu_std=2.906e+01
    nu_p05=2.295e+02, nu_p50=2.518e+02, nu_p95=3.138e+02, nu_p99=3.658e+02, interior_frac=0.000
[Frame  781] mode=DIR  iters=   5000, x_range=6.719e-07, y_range=3.840e-07
    nu_min=2.264e+02, nu_max=6.499e+02, nu_mean=2.587e+02, nu_std=2.918e+01
    nu_p05=2.298e+02, nu_p50=2.526e+02, nu_p95=3.149e+02, nu_p99=3.669e+02, interior_frac=0.000
[Frame  782] mode=DIR  iters=   5000, x_range=6.588e-07, y_range=3.764e-07
    nu_min=2.266e+02, nu_max=6.943e+02, nu_mean=2.596e+02, nu_std=2.932e+01
    nu_p05=2.303e+02, nu_p50=2.534e+02, nu_p95=3.160e+02, nu_p99=3.681e+02, interior_frac=0.000
[Frame  783] mode=DIR  iters=   5000, x_range=6.459e-07, y_range=3.691e-07
    nu_min=2.267e+02, nu_max=7.345e+02, nu_mean=2.605e+02, nu_std=2.937e+01
    nu_p05=2.308e+02, nu_p50=2.541e+02, nu_p95=3.171e+02, nu_p99=3.691e+02, interior_frac=0.000
[Frame  784] mode=DIR  iters=   5000, x_range=6.332e-07, y_range=3.618e-07
    nu_min=2.268e+02, nu_max=7.555e+02, nu_mean=2.615e+02, nu_std=2.949e+01
    nu_p05=2.313e+02, nu_p50=2.549e+02, nu_p95=3.182e+02, nu_p99=3.706e+02, interior_frac=0.000
[Frame  785] mode=DIR  iters=   5000, x_range=6.208e-07, y_range=3.547e-07
    nu_min=2.270e+02, nu_max=7.085e+02, nu_mean=2.624e+02, nu_std=2.952e+01
    nu_p05=2.318e+02, nu_p50=2.557e+02, nu_p95=3.193e+02, nu_p99=3.713e+02, interior_frac=0.000
[Frame  786] mode=DIR  iters=   5000, x_range=6.086e-07, y_range=3.478e-07
    nu_min=2.274e+02, nu_max=7.212e+02, nu_mean=2.634e+02, nu_std=2.953e+01
    nu_p05=2.324e+02, nu_p50=2.565e+02, nu_p95=3.204e+02, nu_p99=3.727e+02, interior_frac=0.000
[Frame  787] mode=DIR  iters=   5000, x_range=5.967e-07, y_range=3.410e-07
    nu_min=2.277e+02, nu_max=6.751e+02, nu_mean=2.644e+02, nu_std=2.952e+01
    nu_p05=2.329e+02, nu_p50=2.572e+02, nu_p95=3.216e+02, nu_p99=3.738e+02, interior_frac=0.000
[Frame  788] mode=DIR  iters=   5000, x_range=5.850e-07, y_range=3.343e-07
    nu_min=2.282e+02, nu_max=6.934e+02, nu_mean=2.653e+02, nu_std=2.955e+01
    nu_p05=2.334e+02, nu_p50=2.579e+02, nu_p95=3.225e+02, nu_p99=3.749e+02, interior_frac=0.000
[Frame  789] mode=DIR  iters=   5000, x_range=5.735e-07, y_range=3.277e-07
    nu_min=2.286e+02, nu_max=7.010e+02, nu_mean=2.662e+02, nu_std=2.945e+01
    nu_p05=2.338e+02, nu_p50=2.586e+02, nu_p95=3.234e+02, nu_p99=3.758e+02, interior_frac=0.000
[Frame  790] mode=DIR  iters=   5000, x_range=5.623e-07, y_range=3.213e-07
    nu_min=2.290e+02, nu_max=7.035e+02, nu_mean=2.671e+02, nu_std=2.937e+01
    nu_p05=2.342e+02, nu_p50=2.592e+02, nu_p95=3.242e+02, nu_p99=3.767e+02, interior_frac=0.000
[Frame  791] mode=DIR  iters=   5000, x_range=5.512e-07, y_range=3.150e-07
    nu_min=2.296e+02, nu_max=7.440e+02, nu_mean=2.679e+02, nu_std=2.926e+01
    nu_p05=2.347e+02, nu_p50=2.598e+02, nu_p95=3.250e+02, nu_p99=3.772e+02, interior_frac=0.000
[Frame  792] mode=DIR  iters=   5000, x_range=5.404e-07, y_range=3.088e-07
    nu_min=2.306e+02, nu_max=7.189e+02, nu_mean=2.687e+02, nu_std=2.916e+01
    nu_p05=2.352e+02, nu_p50=2.603e+02, nu_p95=3.257e+02, nu_p99=3.784e+02, interior_frac=0.000
[Frame  793] mode=DIR  iters=   5000, x_range=5.298e-07, y_range=3.028e-07
    nu_min=2.321e+02, nu_max=7.886e+02, nu_mean=2.693e+02, nu_std=2.894e+01
    nu_p05=2.359e+02, nu_p50=2.607e+02, nu_p95=3.260e+02, nu_p99=3.782e+02, interior_frac=0.000
[Frame  794] mode=DIR  iters=   5000, x_range=5.194e-07, y_range=2.968e-07
    nu_min=2.334e+02, nu_max=7.325e+02, nu_mean=2.699e+02, nu_std=2.882e+01
    nu_p05=2.367e+02, nu_p50=2.611e+02, nu_p95=3.265e+02, nu_p99=3.788e+02, interior_frac=0.000
[Frame  795] mode=DIR  iters=   5000, x_range=5.093e-07, y_range=2.910e-07
    nu_min=2.341e+02, nu_max=7.440e+02, nu_mean=2.704e+02, nu_std=2.872e+01
    nu_p05=2.376e+02, nu_p50=2.614e+02, nu_p95=3.268e+02, nu_p99=3.795e+02, interior_frac=0.000
[Frame  796] mode=DIR  iters=   5000, x_range=4.993e-07, y_range=2.853e-07
    nu_min=2.342e+02, nu_max=6.956e+02, nu_mean=2.708e+02, nu_std=2.856e+01
    nu_p05=2.392e+02, nu_p50=2.617e+02, nu_p95=3.270e+02, nu_p99=3.794e+02, interior_frac=0.000
[Frame  797] mode=DIR  iters=   5000, x_range=4.895e-07, y_range=2.797e-07
    nu_min=2.344e+02, nu_max=7.266e+02, nu_mean=2.711e+02, nu_std=2.834e+01
    nu_p05=2.426e+02, nu_p50=2.619e+02, nu_p95=3.269e+02, nu_p99=3.794e+02, interior_frac=0.000
[Frame  798] mode=DIR  iters=   5000, x_range=4.799e-07, y_range=2.742e-07
    nu_min=2.346e+02, nu_max=6.723e+02, nu_mean=2.713e+02, nu_std=2.802e+01
    nu_p05=2.480e+02, nu_p50=2.622e+02, nu_p95=3.266e+02, nu_p99=3.787e+02, interior_frac=0.000
[Frame  799] mode=DIR  iters=   5000, x_range=4.705e-07, y_range=2.688e-07
    nu_min=2.347e+02, nu_max=7.354e+02, nu_mean=2.715e+02, nu_std=2.774e+01
    nu_p05=2.486e+02, nu_p50=2.623e+02, nu_p95=3.263e+02, nu_p99=3.785e+02, interior_frac=0.000
[Frame  800] mode=DIR  iters=   5000, x_range=4.612e-07, y_range=2.636e-07
    nu_min=2.349e+02, nu_max=6.755e+02, nu_mean=2.716e+02, nu_std=2.750e+01
    nu_p05=2.490e+02, nu_p50=2.624e+02, nu_p95=3.258e+02, nu_p99=3.779e+02, interior_frac=0.000
[Frame  801] mode=DIR  iters=   5000, x_range=4.522e-07, y_range=2.584e-07
    nu_min=2.353e+02, nu_max=6.902e+02, nu_mean=2.716e+02, nu_std=2.734e+01
    nu_p05=2.493e+02, nu_p50=2.624e+02, nu_p95=3.257e+02, nu_p99=3.779e+02, interior_frac=0.000
[Frame  802] mode=DIR  iters=   5000, x_range=4.433e-07, y_range=2.533e-07
    nu_min=2.356e+02, nu_max=6.948e+02, nu_mean=2.716e+02, nu_std=2.700e+01
    nu_p05=2.495e+02, nu_p50=2.622e+02, nu_p95=3.250e+02, nu_p99=3.769e+02, interior_frac=0.000
[Frame  803] mode=DIR  iters=   5000, x_range=4.346e-07, y_range=2.484e-07
    nu_min=2.359e+02, nu_max=7.218e+02, nu_mean=2.716e+02, nu_std=2.689e+01
    nu_p05=2.498e+02, nu_p50=2.621e+02, nu_p95=3.248e+02, nu_p99=3.768e+02, interior_frac=0.000
[Frame  804] mode=DIR  iters=   5000, x_range=4.261e-07, y_range=2.435e-07
    nu_min=2.364e+02, nu_max=6.911e+02, nu_mean=2.716e+02, nu_std=2.662e+01
    nu_p05=2.500e+02, nu_p50=2.620e+02, nu_p95=3.244e+02, nu_p99=3.758e+02, interior_frac=0.000
[Frame  805] mode=DIR  iters=   5000, x_range=4.178e-07, y_range=2.387e-07
    nu_min=2.369e+02, nu_max=7.103e+02, nu_mean=2.717e+02, nu_std=2.663e+01
    nu_p05=2.502e+02, nu_p50=2.620e+02, nu_p95=3.244e+02, nu_p99=3.764e+02, interior_frac=0.000
[Frame  806] mode=DIR  iters=   5000, x_range=4.096e-07, y_range=2.340e-07
    nu_min=2.373e+02, nu_max=6.780e+02, nu_mean=2.719e+02, nu_std=2.651e+01
    nu_p05=2.503e+02, nu_p50=2.621e+02, nu_p95=3.244e+02, nu_p99=3.759e+02, interior_frac=0.000
[Frame  807] mode=DIR  iters=   5000, x_range=4.015e-07, y_range=2.295e-07
    nu_min=2.379e+02, nu_max=6.938e+02, nu_mean=2.721e+02, nu_std=2.650e+01
    nu_p05=2.505e+02, nu_p50=2.623e+02, nu_p95=3.245e+02, nu_p99=3.759e+02, interior_frac=0.000
[Frame  808] mode=DIR  iters=   5000, x_range=3.937e-07, y_range=2.250e-07
    nu_min=2.390e+02, nu_max=6.775e+02, nu_mean=2.723e+02, nu_std=2.652e+01
    nu_p05=2.506e+02, nu_p50=2.624e+02, nu_p95=3.247e+02, nu_p99=3.760e+02, interior_frac=0.000
[Frame  809] mode=DIR  iters=   5000, x_range=3.859e-07, y_range=2.205e-07
    nu_min=2.411e+02, nu_max=7.165e+02, nu_mean=2.725e+02, nu_std=2.655e+01
    nu_p05=2.506e+02, nu_p50=2.625e+02, nu_p95=3.248e+02, nu_p99=3.762e+02, interior_frac=0.000
[Frame  810] mode=DIR  iters=   5000, x_range=3.784e-07, y_range=2.162e-07
    nu_min=2.466e+02, nu_max=6.940e+02, nu_mean=2.727e+02, nu_std=2.647e+01
    nu_p05=2.507e+02, nu_p50=2.628e+02, nu_p95=3.248e+02, nu_p99=3.758e+02, interior_frac=0.000
[Frame  811] mode=DIR  iters=   5000, x_range=3.710e-07, y_range=2.120e-07
    nu_min=2.482e+02, nu_max=8.170e+02, nu_mean=2.729e+02, nu_std=2.657e+01
    nu_p05=2.508e+02, nu_p50=2.630e+02, nu_p95=3.250e+02, nu_p99=3.765e+02, interior_frac=0.000
[Frame  812] mode=DIR  iters=   5000, x_range=3.637e-07, y_range=2.078e-07
    nu_min=2.493e+02, nu_max=8.009e+02, nu_mean=2.732e+02, nu_std=2.665e+01
    nu_p05=2.508e+02, nu_p50=2.635e+02, nu_p95=3.256e+02, nu_p99=3.770e+02, interior_frac=0.000
[Frame  813] mode=DIR  iters=   5000, x_range=3.566e-07, y_range=2.037e-07
    nu_min=2.494e+02, nu_max=7.061e+02, nu_mean=2.736e+02, nu_std=2.678e+01
    nu_p05=2.509e+02, nu_p50=2.640e+02, nu_p95=3.262e+02, nu_p99=3.773e+02, interior_frac=0.000
[Frame  814] mode=DIR  iters=   5000, x_range=3.496e-07, y_range=1.998e-07
    nu_min=2.495e+02, nu_max=7.942e+02, nu_mean=2.741e+02, nu_std=2.696e+01
    nu_p05=2.510e+02, nu_p50=2.648e+02, nu_p95=3.269e+02, nu_p99=3.781e+02, interior_frac=0.000
[Frame  815] mode=DIR  iters=   5000, x_range=3.427e-07, y_range=1.958e-07
    nu_min=2.496e+02, nu_max=7.161e+02, nu_mean=2.745e+02, nu_std=2.712e+01
    nu_p05=2.511e+02, nu_p50=2.657e+02, nu_p95=3.275e+02, nu_p99=3.788e+02, interior_frac=0.000
[Frame  816] mode=DIR  iters=   5000, x_range=3.360e-07, y_range=1.920e-07
    nu_min=2.496e+02, nu_max=7.238e+02, nu_mean=2.750e+02, nu_std=2.726e+01
    nu_p05=2.513e+02, nu_p50=2.666e+02, nu_p95=3.282e+02, nu_p99=3.797e+02, interior_frac=0.000
[Frame  817] mode=DIR  iters=   5000, x_range=3.294e-07, y_range=1.882e-07
    nu_min=2.497e+02, nu_max=7.609e+02, nu_mean=2.755e+02, nu_std=2.739e+01
    nu_p05=2.514e+02, nu_p50=2.676e+02, nu_p95=3.289e+02, nu_p99=3.804e+02, interior_frac=0.000
[Frame  818] mode=DIR  iters=   5000, x_range=3.229e-07, y_range=1.845e-07
    nu_min=2.498e+02, nu_max=7.076e+02, nu_mean=2.760e+02, nu_std=2.759e+01
    nu_p05=2.516e+02, nu_p50=2.686e+02, nu_p95=3.298e+02, nu_p99=3.812e+02, interior_frac=0.000
[Frame  819] mode=DIR  iters=   5000, x_range=3.166e-07, y_range=1.809e-07
    nu_min=2.499e+02, nu_max=8.235e+02, nu_mean=2.766e+02, nu_std=2.775e+01
    nu_p05=2.517e+02, nu_p50=2.696e+02, nu_p95=3.305e+02, nu_p99=3.819e+02, interior_frac=0.000
[Frame  820] mode=DIR  iters=   5000, x_range=3.104e-07, y_range=1.774e-07
    nu_min=2.500e+02, nu_max=7.218e+02, nu_mean=2.772e+02, nu_std=2.796e+01
    nu_p05=2.519e+02, nu_p50=2.706e+02, nu_p95=3.315e+02, nu_p99=3.830e+02, interior_frac=0.000
[Frame  821] mode=DIR  iters=   5000, x_range=3.043e-07, y_range=1.739e-07
    nu_min=2.501e+02, nu_max=7.280e+02, nu_mean=2.779e+02, nu_std=2.814e+01
    nu_p05=2.521e+02, nu_p50=2.715e+02, nu_p95=3.324e+02, nu_p99=3.844e+02, interior_frac=0.000
[Frame  822] mode=DIR  iters=   5000, x_range=2.984e-07, y_range=1.705e-07
    nu_min=2.502e+02, nu_max=7.281e+02, nu_mean=2.786e+02, nu_std=2.834e+01
    nu_p05=2.524e+02, nu_p50=2.724e+02, nu_p95=3.334e+02, nu_p99=3.852e+02, interior_frac=0.000
[Frame  823] mode=DIR  iters=   5000, x_range=2.925e-07, y_range=1.671e-07
    nu_min=2.503e+02, nu_max=7.331e+02, nu_mean=2.793e+02, nu_std=2.851e+01
    nu_p05=2.526e+02, nu_p50=2.732e+02, nu_p95=3.343e+02, nu_p99=3.859e+02, interior_frac=0.000
[Frame  824] mode=DIR  iters=   5000, x_range=2.868e-07, y_range=1.639e-07
    nu_min=2.504e+02, nu_max=7.058e+02, nu_mean=2.801e+02, nu_std=2.863e+01
    nu_p05=2.529e+02, nu_p50=2.740e+02, nu_p95=3.353e+02, nu_p99=3.870e+02, interior_frac=0.000
[Frame  825] mode=DIR  iters=   5000, x_range=2.811e-07, y_range=1.607e-07
    nu_min=2.504e+02, nu_max=7.846e+02, nu_mean=2.809e+02, nu_std=2.884e+01
    nu_p05=2.532e+02, nu_p50=2.748e+02, nu_p95=3.365e+02, nu_p99=3.883e+02, interior_frac=0.000
[Frame  826] mode=DIR  iters=   5000, x_range=2.756e-07, y_range=1.575e-07
    nu_min=2.505e+02, nu_max=7.261e+02, nu_mean=2.817e+02, nu_std=2.899e+01
    nu_p05=2.535e+02, nu_p50=2.756e+02, nu_p95=3.376e+02, nu_p99=3.895e+02, interior_frac=0.000
[Frame  827] mode=DIR  iters=   5000, x_range=2.702e-07, y_range=1.544e-07
    nu_min=2.507e+02, nu_max=8.357e+02, nu_mean=2.826e+02, nu_std=2.916e+01
    nu_p05=2.539e+02, nu_p50=2.764e+02, nu_p95=3.386e+02, nu_p99=3.906e+02, interior_frac=0.000
[Frame  828] mode=DIR  iters=   5000, x_range=2.649e-07, y_range=1.514e-07
    nu_min=2.508e+02, nu_max=7.052e+02, nu_mean=2.834e+02, nu_std=2.927e+01
    nu_p05=2.543e+02, nu_p50=2.772e+02, nu_p95=3.397e+02, nu_p99=3.917e+02, interior_frac=0.000
[Frame  829] mode=DIR  iters=   5000, x_range=2.597e-07, y_range=1.484e-07
    nu_min=2.508e+02, nu_max=7.447e+02, nu_mean=2.843e+02, nu_std=2.936e+01
    nu_p05=2.548e+02, nu_p50=2.780e+02, nu_p95=3.409e+02, nu_p99=3.929e+02, interior_frac=0.000
[Frame  830] mode=DIR  iters=   5000, x_range=2.546e-07, y_range=1.455e-07
    nu_min=2.509e+02, nu_max=7.547e+02, nu_mean=2.853e+02, nu_std=2.949e+01
    nu_p05=2.552e+02, nu_p50=2.788e+02, nu_p95=3.421e+02, nu_p99=3.942e+02, interior_frac=0.000
[Frame  831] mode=DIR  iters=   5000, x_range=2.496e-07, y_range=1.427e-07
    nu_min=2.511e+02, nu_max=7.067e+02, nu_mean=2.862e+02, nu_std=2.955e+01
    nu_p05=2.557e+02, nu_p50=2.796e+02, nu_p95=3.432e+02, nu_p99=3.954e+02, interior_frac=0.000
[Frame  832] mode=DIR  iters=   5000, x_range=2.448e-07, y_range=1.399e-07
    nu_min=2.513e+02, nu_max=7.019e+02, nu_mean=2.872e+02, nu_std=2.960e+01
    nu_p05=2.563e+02, nu_p50=2.804e+02, nu_p95=3.444e+02, nu_p99=3.968e+02, interior_frac=0.000
[Frame  833] mode=DIR  iters=   5000, x_range=2.400e-07, y_range=1.371e-07
    nu_min=2.515e+02, nu_max=7.477e+02, nu_mean=2.882e+02, nu_std=2.961e+01
    nu_p05=2.568e+02, nu_p50=2.811e+02, nu_p95=3.453e+02, nu_p99=3.977e+02, interior_frac=0.000
[Frame  834] mode=DIR  iters=   5000, x_range=2.352e-07, y_range=1.344e-07
    nu_min=2.517e+02, nu_max=8.376e+02, nu_mean=2.891e+02, nu_std=2.954e+01
    nu_p05=2.573e+02, nu_p50=2.818e+02, nu_p95=3.463e+02, nu_p99=3.984e+02, interior_frac=0.000
[Frame  835] mode=DIR  iters=   5000, x_range=2.306e-07, y_range=1.318e-07
    nu_min=2.519e+02, nu_max=7.749e+02, nu_mean=2.900e+02, nu_std=2.953e+01
    nu_p05=2.578e+02, nu_p50=2.825e+02, nu_p95=3.473e+02, nu_p99=3.998e+02, interior_frac=0.000
[Frame  836] mode=DIR  iters=   5000, x_range=2.261e-07, y_range=1.292e-07
    nu_min=2.525e+02, nu_max=6.900e+02, nu_mean=2.909e+02, nu_std=2.944e+01
    nu_p05=2.582e+02, nu_p50=2.831e+02, nu_p95=3.481e+02, nu_p99=4.004e+02, interior_frac=0.000
[Frame  837] mode=DIR  iters=   5000, x_range=2.217e-07, y_range=1.267e-07
    nu_min=2.529e+02, nu_max=7.313e+02, nu_mean=2.917e+02, nu_std=2.930e+01
    nu_p05=2.586e+02, nu_p50=2.837e+02, nu_p95=3.488e+02, nu_p99=4.009e+02, interior_frac=0.000
[Frame  838] mode=DIR  iters=   5000, x_range=2.173e-07, y_range=1.242e-07
    nu_min=2.534e+02, nu_max=7.261e+02, nu_mean=2.925e+02, nu_std=2.918e+01
    nu_p05=2.591e+02, nu_p50=2.843e+02, nu_p95=3.495e+02, nu_p99=4.016e+02, interior_frac=0.000
[Frame  839] mode=DIR  iters=   5000, x_range=2.131e-07, y_range=1.218e-07
    nu_min=2.541e+02, nu_max=7.265e+02, nu_mean=2.932e+02, nu_std=2.908e+01
    nu_p05=2.597e+02, nu_p50=2.848e+02, nu_p95=3.501e+02, nu_p99=4.023e+02, interior_frac=0.000
[Frame  840] mode=DIR  iters=   5000, x_range=2.089e-07, y_range=1.194e-07
    nu_min=2.550e+02, nu_max=7.739e+02, nu_mean=2.939e+02, nu_std=2.894e+01
    nu_p05=2.605e+02, nu_p50=2.852e+02, nu_p95=3.507e+02, nu_p99=4.030e+02, interior_frac=0.000
[Frame  841] mode=DIR  iters=   5000, x_range=2.048e-07, y_range=1.170e-07
    nu_min=2.573e+02, nu_max=7.760e+02, nu_mean=2.944e+02, nu_std=2.877e+01
    nu_p05=2.614e+02, nu_p50=2.855e+02, nu_p95=3.510e+02, nu_p99=4.034e+02, interior_frac=0.000
[Frame  842] mode=DIR  iters=   5000, x_range=2.008e-07, y_range=1.147e-07
    nu_min=2.583e+02, nu_max=6.854e+02, nu_mean=2.947e+02, nu_std=2.850e+01
    nu_p05=2.627e+02, nu_p50=2.858e+02, nu_p95=3.509e+02, nu_p99=4.030e+02, interior_frac=0.000
[Frame  843] mode=DIR  iters=   5000, x_range=1.968e-07, y_range=1.125e-07
    nu_min=2.585e+02, nu_max=7.216e+02, nu_mean=2.950e+02, nu_std=2.830e+01
    nu_p05=2.648e+02, nu_p50=2.859e+02, nu_p95=3.508e+02, nu_p99=4.029e+02, interior_frac=0.000
[Frame  844] mode=DIR  iters=   5000, x_range=1.930e-07, y_range=1.103e-07
    nu_min=2.588e+02, nu_max=7.544e+02, nu_mean=2.953e+02, nu_std=2.807e+01
    nu_p05=2.706e+02, nu_p50=2.862e+02, nu_p95=3.507e+02, nu_p99=4.028e+02, interior_frac=0.000
[Frame  845] mode=DIR  iters=   5000, x_range=1.892e-07, y_range=1.081e-07
    nu_min=2.589e+02, nu_max=7.475e+02, nu_mean=2.955e+02, nu_std=2.793e+01
    nu_p05=2.725e+02, nu_p50=2.864e+02, nu_p95=3.507e+02, nu_p99=4.028e+02, interior_frac=0.000
[Frame  846] mode=DIR  iters=   5000, x_range=1.855e-07, y_range=1.060e-07
    nu_min=2.590e+02, nu_max=7.431e+02, nu_mean=2.957e+02, nu_std=2.769e+01
    nu_p05=2.730e+02, nu_p50=2.865e+02, nu_p95=3.505e+02, nu_p99=4.024e+02, interior_frac=0.000
[Frame  847] mode=DIR  iters=   5000, x_range=1.819e-07, y_range=1.039e-07
    nu_min=2.592e+02, nu_max=7.537e+02, nu_mean=2.959e+02, nu_std=2.752e+01
    nu_p05=2.734e+02, nu_p50=2.866e+02, nu_p95=3.504e+02, nu_p99=4.026e+02, interior_frac=0.000
[Frame  848] mode=DIR  iters=   5000, x_range=1.783e-07, y_range=1.019e-07
    nu_min=2.595e+02, nu_max=7.442e+02, nu_mean=2.960e+02, nu_std=2.727e+01
    nu_p05=2.737e+02, nu_p50=2.866e+02, nu_p95=3.500e+02, nu_p99=4.019e+02, interior_frac=0.000
[Frame  849] mode=DIR  iters=   5000, x_range=1.748e-07, y_range=9.988e-08
    nu_min=2.597e+02, nu_max=7.487e+02, nu_mean=2.959e+02, nu_std=2.703e+01
    nu_p05=2.739e+02, nu_p50=2.864e+02, nu_p95=3.495e+02, nu_p99=4.012e+02, interior_frac=0.000
[Frame  850] mode=DIR  iters=   5000, x_range=1.714e-07, y_range=9.792e-08
    nu_min=2.601e+02, nu_max=7.447e+02, nu_mean=2.958e+02, nu_std=2.670e+01
    nu_p05=2.740e+02, nu_p50=2.863e+02, nu_p95=3.486e+02, nu_p99=4.004e+02, interior_frac=0.000
[Frame  851] mode=DIR  iters=   5000, x_range=1.680e-07, y_range=9.600e-08
    nu_min=2.605e+02, nu_max=7.706e+02, nu_mean=2.957e+02, nu_std=2.654e+01
    nu_p05=2.743e+02, nu_p50=2.862e+02, nu_p95=3.480e+02, nu_p99=3.997e+02, interior_frac=0.000
[Frame  852] mode=DIR  iters=   5000, x_range=1.647e-07, y_range=9.412e-08
    nu_min=2.609e+02, nu_max=7.245e+02, nu_mean=2.957e+02, nu_std=2.633e+01
    nu_p05=2.744e+02, nu_p50=2.862e+02, nu_p95=3.478e+02, nu_p99=3.991e+02, interior_frac=0.000
[Frame  853] mode=DIR  iters=   5000, x_range=1.615e-07, y_range=9.227e-08
    nu_min=2.614e+02, nu_max=7.381e+02, nu_mean=2.959e+02, nu_std=2.638e+01
    nu_p05=2.745e+02, nu_p50=2.863e+02, nu_p95=3.481e+02, nu_p99=3.993e+02, interior_frac=0.000
[Frame  854] mode=DIR  iters=   5000, x_range=1.583e-07, y_range=9.047e-08
    nu_min=2.622e+02, nu_max=7.963e+02, nu_mean=2.963e+02, nu_std=2.648e+01
    nu_p05=2.747e+02, nu_p50=2.864e+02, nu_p95=3.486e+02, nu_p99=3.999e+02, interior_frac=0.000
[Frame  855] mode=DIR  iters=   5000, x_range=1.552e-07, y_range=8.869e-08
    nu_min=2.637e+02, nu_max=8.533e+02, nu_mean=2.966e+02, nu_std=2.662e+01
    nu_p05=2.748e+02, nu_p50=2.866e+02, nu_p95=3.492e+02, nu_p99=4.007e+02, interior_frac=0.000
[Frame  856] mode=DIR  iters=   5000, x_range=1.522e-07, y_range=8.695e-08
    nu_min=2.656e+02, nu_max=7.268e+02, nu_mean=2.970e+02, nu_std=2.670e+01
    nu_p05=2.749e+02, nu_p50=2.869e+02, nu_p95=3.498e+02, nu_p99=4.009e+02, interior_frac=0.000
[Frame  857] mode=DIR  iters=   5000, x_range=1.492e-07, y_range=8.525e-08
    nu_min=2.720e+02, nu_max=7.053e+02, nu_mean=2.973e+02, nu_std=2.676e+01
    nu_p05=2.749e+02, nu_p50=2.874e+02, nu_p95=3.502e+02, nu_p99=4.009e+02, interior_frac=0.000
[Frame  858] mode=DIR  iters=   5000, x_range=1.463e-07, y_range=8.358e-08
    nu_min=2.734e+02, nu_max=7.450e+02, nu_mean=2.976e+02, nu_std=2.685e+01
    nu_p05=2.750e+02, nu_p50=2.879e+02, nu_p95=3.505e+02, nu_p99=4.017e+02, interior_frac=0.000
[Frame  859] mode=DIR  iters=   5000, x_range=1.434e-07, y_range=8.194e-08
    nu_min=2.735e+02, nu_max=7.853e+02, nu_mean=2.979e+02, nu_std=2.682e+01
    nu_p05=2.751e+02, nu_p50=2.883e+02, nu_p95=3.505e+02, nu_p99=4.014e+02, interior_frac=0.000
[Frame  860] mode=DIR  iters=   5000, x_range=1.406e-07, y_range=8.033e-08
    nu_min=2.736e+02, nu_max=7.545e+02, nu_mean=2.981e+02, nu_std=2.684e+01
    nu_p05=2.752e+02, nu_p50=2.889e+02, nu_p95=3.507e+02, nu_p99=4.017e+02, interior_frac=0.000
[Frame  861] mode=DIR  iters=   5000, x_range=1.378e-07, y_range=7.876e-08
    nu_min=2.737e+02, nu_max=7.350e+02, nu_mean=2.985e+02, nu_std=2.697e+01
    nu_p05=2.753e+02, nu_p50=2.895e+02, nu_p95=3.512e+02, nu_p99=4.025e+02, interior_frac=0.000
[Frame  862] mode=DIR  iters=   5000, x_range=1.351e-07, y_range=7.721e-08
    nu_min=2.738e+02, nu_max=7.176e+02, nu_mean=2.989e+02, nu_std=2.715e+01
    nu_p05=2.754e+02, nu_p50=2.904e+02, nu_p95=3.519e+02, nu_p99=4.035e+02, interior_frac=0.000
[Frame  863] mode=DIR  iters=   5000, x_range=1.325e-07, y_range=7.570e-08
    nu_min=2.738e+02, nu_max=7.345e+02, nu_mean=2.994e+02, nu_std=2.727e+01
    nu_p05=2.755e+02, nu_p50=2.913e+02, nu_p95=3.526e+02, nu_p99=4.039e+02, interior_frac=0.000
[Frame  864] mode=DIR  iters=   5000, x_range=1.299e-07, y_range=7.421e-08
    nu_min=2.739e+02, nu_max=7.267e+02, nu_mean=2.999e+02, nu_std=2.746e+01
    nu_p05=2.757e+02, nu_p50=2.923e+02, nu_p95=3.533e+02, nu_p99=4.049e+02, interior_frac=0.000
[Frame  865] mode=DIR  iters=   5000, x_range=1.273e-07, y_range=7.276e-08
    nu_min=2.740e+02, nu_max=7.326e+02, nu_mean=3.004e+02, nu_std=2.762e+01
    nu_p05=2.758e+02, nu_p50=2.933e+02, nu_p95=3.543e+02, nu_p99=4.054e+02, interior_frac=0.000
[Frame  866] mode=DIR  iters=   5000, x_range=1.248e-07, y_range=7.133e-08
    nu_min=2.740e+02, nu_max=7.232e+02, nu_mean=3.011e+02, nu_std=2.790e+01
    nu_p05=2.760e+02, nu_p50=2.943e+02, nu_p95=3.553e+02, nu_p99=4.069e+02, interior_frac=0.000
[Frame  867] mode=DIR  iters=   5000, x_range=1.224e-07, y_range=6.993e-08
    nu_min=2.741e+02, nu_max=7.610e+02, nu_mean=3.018e+02, nu_std=2.805e+01
    nu_p05=2.762e+02, nu_p50=2.952e+02, nu_p95=3.562e+02, nu_p99=4.075e+02, interior_frac=0.000
[Frame  868] mode=DIR  iters=   5000, x_range=1.200e-07, y_range=6.856e-08
    nu_min=2.742e+02, nu_max=7.405e+02, nu_mean=3.025e+02, nu_std=2.828e+01
    nu_p05=2.764e+02, nu_p50=2.961e+02, nu_p95=3.573e+02, nu_p99=4.086e+02, interior_frac=0.000
[Frame  869] mode=DIR  iters=   5000, x_range=1.176e-07, y_range=6.722e-08
    nu_min=2.743e+02, nu_max=7.143e+02, nu_mean=3.032e+02, nu_std=2.851e+01
    nu_p05=2.766e+02, nu_p50=2.970e+02, nu_p95=3.583e+02, nu_p99=4.101e+02, interior_frac=0.000
[Frame  870] mode=DIR  iters=   5000, x_range=1.153e-07, y_range=6.590e-08
    nu_min=2.744e+02, nu_max=6.933e+02, nu_mean=3.040e+02, nu_std=2.872e+01
    nu_p05=2.769e+02, nu_p50=2.979e+02, nu_p95=3.594e+02, nu_p99=4.112e+02, interior_frac=0.000
[Frame  871] mode=DIR  iters=   5000, x_range=1.131e-07, y_range=6.461e-08
    nu_min=2.744e+02, nu_max=7.569e+02, nu_mean=3.048e+02, nu_std=2.884e+01
    nu_p05=2.772e+02, nu_p50=2.988e+02, nu_p95=3.604e+02, nu_p99=4.124e+02, interior_frac=0.000
[Frame  872] mode=DIR  iters=   5000, x_range=1.108e-07, y_range=6.334e-08
    nu_min=2.745e+02, nu_max=7.278e+02, nu_mean=3.056e+02, nu_std=2.898e+01
    nu_p05=2.775e+02, nu_p50=2.996e+02, nu_p95=3.614e+02, nu_p99=4.133e+02, interior_frac=0.000
[Frame  873] mode=DIR  iters=   5000, x_range=1.087e-07, y_range=6.210e-08
    nu_min=2.746e+02, nu_max=7.163e+02, nu_mean=3.064e+02, nu_std=2.914e+01
    nu_p05=2.779e+02, nu_p50=3.004e+02, nu_p95=3.624e+02, nu_p99=4.147e+02, interior_frac=0.000
[Frame  874] mode=DIR  iters=   5000, x_range=1.065e-07, y_range=6.088e-08
    nu_min=2.747e+02, nu_max=7.771e+02, nu_mean=3.073e+02, nu_std=2.924e+01
    nu_p05=2.782e+02, nu_p50=3.011e+02, nu_p95=3.636e+02, nu_p99=4.159e+02, interior_frac=0.000
[Frame  875] mode=DIR  iters=   5000, x_range=1.045e-07, y_range=5.969e-08
    nu_min=2.748e+02, nu_max=7.548e+02, nu_mean=3.081e+02, nu_std=2.926e+01
    nu_p05=2.787e+02, nu_p50=3.019e+02, nu_p95=3.645e+02, nu_p99=4.164e+02, interior_frac=0.000
[Frame  876] mode=DIR  iters=   5000, x_range=1.024e-07, y_range=5.852e-08
    nu_min=2.748e+02, nu_max=7.633e+02, nu_mean=3.090e+02, nu_std=2.935e+01
    nu_p05=2.792e+02, nu_p50=3.026e+02, nu_p95=3.655e+02, nu_p99=4.176e+02, interior_frac=0.000
[Frame  877] mode=DIR  iters=   5000, x_range=1.004e-07, y_range=5.737e-08
    nu_min=2.749e+02, nu_max=7.896e+02, nu_mean=3.099e+02, nu_std=2.945e+01
    nu_p05=2.797e+02, nu_p50=3.034e+02, nu_p95=3.667e+02, nu_p99=4.189e+02, interior_frac=0.000
[Frame  878] mode=DIR  iters=   5000, x_range=9.843e-08, y_range=5.624e-08
    nu_min=2.752e+02, nu_max=7.693e+02, nu_mean=3.109e+02, nu_std=2.950e+01
    nu_p05=2.802e+02, nu_p50=3.041e+02, nu_p95=3.678e+02, nu_p99=4.201e+02, interior_frac=0.000
[Frame  879] mode=DIR  iters=   5000, x_range=9.650e-08, y_range=5.514e-08
    nu_min=2.754e+02, nu_max=7.684e+02, nu_mean=3.118e+02, nu_std=2.950e+01
    nu_p05=2.807e+02, nu_p50=3.049e+02, nu_p95=3.687e+02, nu_p99=4.210e+02, interior_frac=0.000
[Frame  880] mode=DIR  iters=   5000, x_range=9.461e-08, y_range=5.406e-08
    nu_min=2.756e+02, nu_max=7.860e+02, nu_mean=3.127e+02, nu_std=2.947e+01
    nu_p05=2.813e+02, nu_p50=3.056e+02, nu_p95=3.698e+02, nu_p99=4.219e+02, interior_frac=0.000
[Frame  881] mode=DIR  iters=   5000, x_range=9.275e-08, y_range=5.300e-08
    nu_min=2.759e+02, nu_max=7.663e+02, nu_mean=3.136e+02, nu_std=2.953e+01
    nu_p05=2.817e+02, nu_p50=3.062e+02, nu_p95=3.708e+02, nu_p99=4.232e+02, interior_frac=0.000
[Frame  882] mode=DIR  iters=   5000, x_range=9.093e-08, y_range=5.196e-08
    nu_min=2.762e+02, nu_max=8.450e+02, nu_mean=3.145e+02, nu_std=2.945e+01
    nu_p05=2.821e+02, nu_p50=3.068e+02, nu_p95=3.716e+02, nu_p99=4.241e+02, interior_frac=0.000
[Frame  883] mode=DIR  iters=   5000, x_range=8.915e-08, y_range=5.094e-08
    nu_min=2.766e+02, nu_max=7.736e+02, nu_mean=3.153e+02, nu_std=2.931e+01
    nu_p05=2.825e+02, nu_p50=3.075e+02, nu_p95=3.723e+02, nu_p99=4.245e+02, interior_frac=0.000
[Frame  884] mode=DIR  iters=   5000, x_range=8.740e-08, y_range=4.994e-08
    nu_min=2.770e+02, nu_max=7.422e+02, nu_mean=3.161e+02, nu_std=2.926e+01
    nu_p05=2.829e+02, nu_p50=3.080e+02, nu_p95=3.731e+02, nu_p99=4.255e+02, interior_frac=0.000
[Frame  885] mode=DIR  iters=   5000, x_range=8.569e-08, y_range=4.896e-08
    nu_min=2.776e+02, nu_max=7.958e+02, nu_mean=3.168e+02, nu_std=2.919e+01
    nu_p05=2.834e+02, nu_p50=3.086e+02, nu_p95=3.737e+02, nu_p99=4.266e+02, interior_frac=0.000
[Frame  886] mode=DIR  iters=   5000, x_range=8.401e-08, y_range=4.800e-08
    nu_min=2.783e+02, nu_max=8.224e+02, nu_mean=3.175e+02, nu_std=2.905e+01
    nu_p05=2.839e+02, nu_p50=3.090e+02, nu_p95=3.742e+02, nu_p99=4.268e+02, interior_frac=0.000
[Frame  887] mode=DIR  iters=   5000, x_range=8.236e-08, y_range=4.706e-08
    nu_min=2.789e+02, nu_max=7.575e+02, nu_mean=3.180e+02, nu_std=2.886e+01
    nu_p05=2.847e+02, nu_p50=3.094e+02, nu_p95=3.747e+02, nu_p99=4.268e+02, interior_frac=0.000
[Frame  888] mode=DIR  iters=   5000, x_range=8.074e-08, y_range=4.614e-08
    nu_min=2.797e+02, nu_max=7.884e+02, nu_mean=3.186e+02, nu_std=2.861e+01
    nu_p05=2.858e+02, nu_p50=3.098e+02, nu_p95=3.748e+02, nu_p99=4.269e+02, interior_frac=0.000
[Frame  889] mode=DIR  iters=   5000, x_range=7.916e-08, y_range=4.524e-08
    nu_min=2.805e+02, nu_max=8.406e+02, nu_mean=3.190e+02, nu_std=2.837e+01
    nu_p05=2.873e+02, nu_p50=3.100e+02, nu_p95=3.749e+02, nu_p99=4.268e+02, interior_frac=0.000
[Frame  890] mode=DIR  iters=   5000, x_range=7.761e-08, y_range=4.435e-08
    nu_min=2.818e+02, nu_max=7.954e+02, nu_mean=3.193e+02, nu_std=2.820e+01
    nu_p05=2.902e+02, nu_p50=3.103e+02, nu_p95=3.749e+02, nu_p99=4.270e+02, interior_frac=0.000
[Frame  891] mode=DIR  iters=   5000, x_range=7.609e-08, y_range=4.348e-08
    nu_min=2.826e+02, nu_max=9.249e+02, nu_mean=3.196e+02, nu_std=2.806e+01
    nu_p05=2.959e+02, nu_p50=3.104e+02, nu_p95=3.749e+02, nu_p99=4.273e+02, interior_frac=0.000
[Frame  892] mode=DIR  iters=   5000, x_range=7.460e-08, y_range=4.263e-08
    nu_min=2.827e+02, nu_max=7.162e+02, nu_mean=3.197e+02, nu_std=2.781e+01
    nu_p05=2.968e+02, nu_p50=3.104e+02, nu_p95=3.747e+02, nu_p99=4.268e+02, interior_frac=0.000
[Frame  893] mode=DIR  iters=   5000, x_range=7.313e-08, y_range=4.179e-08
    nu_min=2.829e+02, nu_max=8.100e+02, nu_mean=3.198e+02, nu_std=2.761e+01
    nu_p05=2.973e+02, nu_p50=3.105e+02, nu_p95=3.744e+02, nu_p99=4.265e+02, interior_frac=0.000
[Frame  894] mode=DIR  iters=   5000, x_range=7.170e-08, y_range=4.097e-08
    nu_min=2.833e+02, nu_max=7.620e+02, nu_mean=3.199e+02, nu_std=2.731e+01
    nu_p05=2.976e+02, nu_p50=3.105e+02, nu_p95=3.740e+02, nu_p99=4.259e+02, interior_frac=0.000
[Frame  895] mode=DIR  iters=   5000, x_range=7.029e-08, y_range=4.017e-08
    nu_min=2.836e+02, nu_max=8.166e+02, nu_mean=3.201e+02, nu_std=2.722e+01
    nu_p05=2.979e+02, nu_p50=3.106e+02, nu_p95=3.739e+02, nu_p99=4.260e+02, interior_frac=0.000
[Frame  896] mode=DIR  iters=   5000, x_range=6.892e-08, y_range=3.938e-08
    nu_min=2.839e+02, nu_max=8.264e+02, nu_mean=3.204e+02, nu_std=2.704e+01
    nu_p05=2.982e+02, nu_p50=3.108e+02, nu_p95=3.739e+02, nu_p99=4.255e+02, interior_frac=0.000
[Frame  897] mode=DIR  iters=   5000, x_range=6.756e-08, y_range=3.861e-08
    nu_min=2.847e+02, nu_max=7.369e+02, nu_mean=3.206e+02, nu_std=2.700e+01
    nu_p05=2.984e+02, nu_p50=3.109e+02, nu_p95=3.742e+02, nu_p99=4.259e+02, interior_frac=0.000
[Frame  898] mode=DIR  iters=   5000, x_range=6.624e-08, y_range=3.785e-08
    nu_min=2.864e+02, nu_max=8.104e+02, nu_mean=3.207e+02, nu_std=2.693e+01
    nu_p05=2.986e+02, nu_p50=3.110e+02, nu_p95=3.741e+02, nu_p99=4.260e+02, interior_frac=0.000
[Frame  899] mode=DIR  iters=   5000, x_range=6.494e-08, y_range=3.711e-08
    nu_min=2.880e+02, nu_max=7.349e+02, nu_mean=3.207e+02, nu_std=2.673e+01
    nu_p05=2.988e+02, nu_p50=3.110e+02, nu_p95=3.737e+02, nu_p99=4.250e+02, interior_frac=0.000
[Frame  900] mode=DIR  iters=   5000, x_range=6.367e-08, y_range=3.638e-08
    nu_min=2.911e+02, nu_max=8.239e+02, nu_mean=3.207e+02, nu_std=2.661e+01
    nu_p05=2.988e+02, nu_p50=3.110e+02, nu_p95=3.735e+02, nu_p99=4.247e+02, interior_frac=0.000
[Frame  901] mode=DIR  iters=   5000, x_range=6.242e-08, y_range=3.567e-08
    nu_min=2.923e+02, nu_max=8.059e+02, nu_mean=3.208e+02, nu_std=2.665e+01
    nu_p05=2.989e+02, nu_p50=3.110e+02, nu_p95=3.734e+02, nu_p99=4.249e+02, interior_frac=0.000
[Frame  902] mode=DIR  iters=   5000, x_range=6.119e-08, y_range=3.497e-08
    nu_min=2.936e+02, nu_max=7.314e+02, nu_mean=3.210e+02, nu_std=2.659e+01
    nu_p05=2.989e+02, nu_p50=3.111e+02, nu_p95=3.734e+02, nu_p99=4.246e+02, interior_frac=0.000
[Frame  903] mode=DIR  iters=   5000, x_range=5.999e-08, y_range=3.428e-08
    nu_min=2.950e+02, nu_max=7.165e+02, nu_mean=3.212e+02, nu_std=2.668e+01
    nu_p05=2.990e+02, nu_p50=3.113e+02, nu_p95=3.738e+02, nu_p99=4.250e+02, interior_frac=0.000
[Frame  904] mode=DIR  iters=   5000, x_range=5.882e-08, y_range=3.361e-08
    nu_min=2.967e+02, nu_max=8.473e+02, nu_mean=3.215e+02, nu_std=2.679e+01
    nu_p05=2.991e+02, nu_p50=3.116e+02, nu_p95=3.742e+02, nu_p99=4.255e+02, interior_frac=0.000
[Frame  905] mode=DIR  iters=   5000, x_range=5.767e-08, y_range=3.295e-08
    nu_min=2.972e+02, nu_max=7.654e+02, nu_mean=3.218e+02, nu_std=2.684e+01
    nu_p05=2.992e+02, nu_p50=3.120e+02, nu_p95=3.745e+02, nu_p99=4.258e+02, interior_frac=0.000
[Frame  906] mode=DIR  iters=   5000, x_range=5.653e-08, y_range=3.231e-08
    nu_min=2.973e+02, nu_max=7.362e+02, nu_mean=3.222e+02, nu_std=2.693e+01
    nu_p05=2.993e+02, nu_p50=3.127e+02, nu_p95=3.750e+02, nu_p99=4.260e+02, interior_frac=0.000
[Frame  907] mode=DIR  iters=   5000, x_range=5.543e-08, y_range=3.167e-08
    nu_min=2.974e+02, nu_max=7.635e+02, nu_mean=3.226e+02, nu_std=2.702e+01
    nu_p05=2.994e+02, nu_p50=3.134e+02, nu_p95=3.756e+02, nu_p99=4.265e+02, interior_frac=0.000
[Frame  908] mode=DIR  iters=   5000, x_range=5.434e-08, y_range=3.105e-08
    nu_min=2.975e+02, nu_max=7.862e+02, nu_mean=3.230e+02, nu_std=2.716e+01
    nu_p05=2.995e+02, nu_p50=3.142e+02, nu_p95=3.761e+02, nu_p99=4.270e+02, interior_frac=0.000
[Frame  909] mode=DIR  iters=   5000, x_range=5.327e-08, y_range=3.044e-08
    nu_min=2.976e+02, nu_max=7.199e+02, nu_mean=3.234e+02, nu_std=2.734e+01
    nu_p05=2.996e+02, nu_p50=3.151e+02, nu_p95=3.768e+02, nu_p99=4.281e+02, interior_frac=0.000
[Frame  910] mode=DIR  iters=   5000, x_range=5.223e-08, y_range=2.985e-08
    nu_min=2.977e+02, nu_max=8.285e+02, nu_mean=3.239e+02, nu_std=2.747e+01
    nu_p05=2.997e+02, nu_p50=3.161e+02, nu_p95=3.775e+02, nu_p99=4.287e+02, interior_frac=0.000
[Frame  911] mode=DIR  iters=   5000, x_range=5.120e-08, y_range=2.926e-08
    nu_min=2.978e+02, nu_max=7.570e+02, nu_mean=3.244e+02, nu_std=2.764e+01
    nu_p05=2.999e+02, nu_p50=3.171e+02, nu_p95=3.781e+02, nu_p99=4.297e+02, interior_frac=0.000
[Frame  912] mode=DIR  iters=   5000, x_range=5.020e-08, y_range=2.869e-08
    nu_min=2.979e+02, nu_max=7.487e+02, nu_mean=3.250e+02, nu_std=2.773e+01
    nu_p05=3.000e+02, nu_p50=3.181e+02, nu_p95=3.789e+02, nu_p99=4.300e+02, interior_frac=0.000
[Frame  913] mode=DIR  iters=   5000, x_range=4.922e-08, y_range=2.812e-08
    nu_min=2.980e+02, nu_max=7.838e+02, nu_mean=3.256e+02, nu_std=2.803e+01
    nu_p05=3.001e+02, nu_p50=3.191e+02, nu_p95=3.799e+02, nu_p99=4.315e+02, interior_frac=0.000
[Frame  914] mode=DIR  iters=   5000, x_range=4.825e-08, y_range=2.757e-08
    nu_min=2.981e+02, nu_max=8.289e+02, nu_mean=3.263e+02, nu_std=2.818e+01
    nu_p05=3.003e+02, nu_p50=3.200e+02, nu_p95=3.808e+02, nu_p99=4.324e+02, interior_frac=0.000
[Frame  915] mode=DIR  iters=   5000, x_range=4.731e-08, y_range=2.703e-08
    nu_min=2.982e+02, nu_max=7.649e+02, nu_mean=3.270e+02, nu_std=2.842e+01
    nu_p05=3.005e+02, nu_p50=3.209e+02, nu_p95=3.819e+02, nu_p99=4.336e+02, interior_frac=0.000
[Frame  916] mode=DIR  iters=   5000, x_range=4.638e-08, y_range=2.650e-08
    nu_min=2.983e+02, nu_max=7.831e+02, nu_mean=3.278e+02, nu_std=2.860e+01
    nu_p05=3.007e+02, nu_p50=3.217e+02, nu_p95=3.829e+02, nu_p99=4.350e+02, interior_frac=0.000
[Frame  917] mode=DIR  iters=   5000, x_range=4.547e-08, y_range=2.598e-08
    nu_min=2.984e+02, nu_max=7.446e+02, nu_mean=3.285e+02, nu_std=2.880e+01
    nu_p05=3.009e+02, nu_p50=3.225e+02, nu_p95=3.839e+02, nu_p99=4.359e+02, interior_frac=0.000
[Frame  918] mode=DIR  iters=   5000, x_range=4.458e-08, y_range=2.547e-08
    nu_min=2.984e+02, nu_max=8.161e+02, nu_mean=3.293e+02, nu_std=2.894e+01
    nu_p05=3.012e+02, nu_p50=3.233e+02, nu_p95=3.850e+02, nu_p99=4.369e+02, interior_frac=0.000
[Frame  919] mode=DIR  iters=   5000, x_range=4.370e-08, y_range=2.497e-08
    nu_min=2.985e+02, nu_max=7.787e+02, nu_mean=3.301e+02, nu_std=2.913e+01
    nu_p05=3.014e+02, nu_p50=3.241e+02, nu_p95=3.860e+02, nu_p99=4.380e+02, interior_frac=0.000
[Frame  920] mode=DIR  iters=   5000, x_range=4.285e-08, y_range=2.448e-08
    nu_min=2.986e+02, nu_max=7.835e+02, nu_mean=3.309e+02, nu_std=2.924e+01
    nu_p05=3.017e+02, nu_p50=3.249e+02, nu_p95=3.871e+02, nu_p99=4.389e+02, interior_frac=0.000
[Frame  921] mode=DIR  iters=   5000, x_range=4.201e-08, y_range=2.400e-08
    nu_min=2.987e+02, nu_max=8.006e+02, nu_mean=3.317e+02, nu_std=2.937e+01
    nu_p05=3.020e+02, nu_p50=3.256e+02, nu_p95=3.881e+02, nu_p99=4.404e+02, interior_frac=0.000
[Frame  922] mode=DIR  iters=   5000, x_range=4.118e-08, y_range=2.353e-08
    nu_min=2.987e+02, nu_max=7.785e+02, nu_mean=3.325e+02, nu_std=2.945e+01
    nu_p05=3.024e+02, nu_p50=3.263e+02, nu_p95=3.892e+02, nu_p99=4.415e+02, interior_frac=0.000
[Frame  923] mode=DIR  iters=   5000, x_range=4.037e-08, y_range=2.307e-08
    nu_min=2.988e+02, nu_max=8.187e+02, nu_mean=3.333e+02, nu_std=2.951e+01
    nu_p05=3.028e+02, nu_p50=3.270e+02, nu_p95=3.901e+02, nu_p99=4.423e+02, interior_frac=0.000
[Frame  924] mode=DIR  iters=   5000, x_range=3.958e-08, y_range=2.262e-08
    nu_min=2.988e+02, nu_max=8.044e+02, nu_mean=3.342e+02, nu_std=2.956e+01
    nu_p05=3.031e+02, nu_p50=3.277e+02, nu_p95=3.910e+02, nu_p99=4.433e+02, interior_frac=0.000
[Frame  925] mode=DIR  iters=   5000, x_range=3.881e-08, y_range=2.218e-08
    nu_min=2.989e+02, nu_max=7.852e+02, nu_mean=3.349e+02, nu_std=2.950e+01
    nu_p05=3.035e+02, nu_p50=3.283e+02, nu_p95=3.918e+02, nu_p99=4.437e+02, interior_frac=0.000
[Frame  926] mode=DIR  iters=   5000, x_range=3.805e-08, y_range=2.174e-08
    nu_min=2.990e+02, nu_max=7.822e+02, nu_mean=3.357e+02, nu_std=2.951e+01
    nu_p05=3.038e+02, nu_p50=3.289e+02, nu_p95=3.925e+02, nu_p99=4.446e+02, interior_frac=0.000
[Frame  927] mode=DIR  iters=   5000, x_range=3.730e-08, y_range=2.131e-08
    nu_min=2.991e+02, nu_max=7.927e+02, nu_mean=3.364e+02, nu_std=2.944e+01
    nu_p05=3.043e+02, nu_p50=3.295e+02, nu_p95=3.931e+02, nu_p99=4.456e+02, interior_frac=0.000
[Frame  928] mode=DIR  iters=   5000, x_range=3.657e-08, y_range=2.090e-08
    nu_min=2.992e+02, nu_max=7.943e+02, nu_mean=3.371e+02, nu_std=2.933e+01
    nu_p05=3.047e+02, nu_p50=3.299e+02, nu_p95=3.938e+02, nu_p99=4.459e+02, interior_frac=0.000
[Frame  929] mode=DIR  iters=   5000, x_range=3.585e-08, y_range=2.049e-08
    nu_min=2.994e+02, nu_max=7.395e+02, nu_mean=3.378e+02, nu_std=2.926e+01
    nu_p05=3.051e+02, nu_p50=3.305e+02, nu_p95=3.944e+02, nu_p99=4.467e+02, interior_frac=0.000
[Frame  930] mode=DIR  iters=   5000, x_range=3.515e-08, y_range=2.008e-08
    nu_min=2.995e+02, nu_max=7.812e+02, nu_mean=3.384e+02, nu_std=2.917e+01
    nu_p05=3.055e+02, nu_p50=3.309e+02, nu_p95=3.948e+02, nu_p99=4.471e+02, interior_frac=0.000
[Frame  931] mode=DIR  iters=   5000, x_range=3.446e-08, y_range=1.969e-08
    nu_min=2.997e+02, nu_max=8.328e+02, nu_mean=3.391e+02, nu_std=2.896e+01
    nu_p05=3.059e+02, nu_p50=3.314e+02, nu_p95=3.952e+02, nu_p99=4.472e+02, interior_frac=0.000
[Frame  932] mode=DIR  iters=   5000, x_range=3.378e-08, y_range=1.931e-08
    nu_min=2.999e+02, nu_max=7.956e+02, nu_mean=3.397e+02, nu_std=2.884e+01
    nu_p05=3.064e+02, nu_p50=3.319e+02, nu_p95=3.958e+02, nu_p99=4.477e+02, interior_frac=0.000
[Frame  933] mode=DIR  iters=   5000, x_range=3.312e-08, y_range=1.893e-08
    nu_min=3.004e+02, nu_max=8.008e+02, nu_mean=3.404e+02, nu_std=2.872e+01
    nu_p05=3.071e+02, nu_p50=3.323e+02, nu_p95=3.964e+02, nu_p99=4.479e+02, interior_frac=0.000
[Frame  934] mode=DIR  iters=   5000, x_range=3.247e-08, y_range=1.856e-08
    nu_min=3.007e+02, nu_max=7.539e+02, nu_mean=3.411e+02, nu_std=2.870e+01
    nu_p05=3.080e+02, nu_p50=3.327e+02, nu_p95=3.970e+02, nu_p99=4.496e+02, interior_frac=0.000
[Frame  935] mode=DIR  iters=   5000, x_range=3.184e-08, y_range=1.819e-08
    nu_min=3.012e+02, nu_max=8.034e+02, nu_mean=3.416e+02, nu_std=2.852e+01
    nu_p05=3.088e+02, nu_p50=3.330e+02, nu_p95=3.974e+02, nu_p99=4.495e+02, interior_frac=0.000
[Frame  936] mode=DIR  iters=   5000, x_range=3.121e-08, y_range=1.783e-08
    nu_min=3.018e+02, nu_max=9.596e+02, nu_mean=3.421e+02, nu_std=2.833e+01
    nu_p05=3.099e+02, nu_p50=3.333e+02, nu_p95=3.977e+02, nu_p99=4.498e+02, interior_frac=0.000
[Frame  937] mode=DIR  iters=   5000, x_range=3.060e-08, y_range=1.749e-08
    nu_min=3.025e+02, nu_max=7.720e+02, nu_mean=3.426e+02, nu_std=2.818e+01
    nu_p05=3.114e+02, nu_p50=3.335e+02, nu_p95=3.979e+02, nu_p99=4.500e+02, interior_frac=0.000
[Frame  938] mode=DIR  iters=   5000, x_range=3.000e-08, y_range=1.714e-08
    nu_min=3.038e+02, nu_max=8.486e+02, nu_mean=3.431e+02, nu_std=2.809e+01
    nu_p05=3.142e+02, nu_p50=3.338e+02, nu_p95=3.983e+02, nu_p99=4.504e+02, interior_frac=0.000
[Frame  939] mode=DIR  iters=   5000, x_range=2.941e-08, y_range=1.681e-08
    nu_min=3.053e+02, nu_max=8.594e+02, nu_mean=3.436e+02, nu_std=2.804e+01
    nu_p05=3.194e+02, nu_p50=3.340e+02, nu_p95=3.988e+02, nu_p99=4.507e+02, interior_frac=0.000
[Frame  940] mode=DIR  iters=   5000, x_range=2.883e-08, y_range=1.648e-08
    nu_min=3.066e+02, nu_max=8.063e+02, nu_mean=3.441e+02, nu_std=2.800e+01
    nu_p05=3.203e+02, nu_p50=3.344e+02, nu_p95=3.993e+02, nu_p99=4.514e+02, interior_frac=0.000
[Frame  941] mode=DIR  iters=   5000, x_range=2.827e-08, y_range=1.615e-08
    nu_min=3.069e+02, nu_max=7.867e+02, nu_mean=3.445e+02, nu_std=2.801e+01
    nu_p05=3.209e+02, nu_p50=3.348e+02, nu_p95=3.998e+02, nu_p99=4.519e+02, interior_frac=0.000
[Frame  942] mode=DIR  iters=   5000, x_range=2.771e-08, y_range=1.584e-08
    nu_min=3.071e+02, nu_max=9.250e+02, nu_mean=3.450e+02, nu_std=2.797e+01
    nu_p05=3.214e+02, nu_p50=3.352e+02, nu_p95=4.002e+02, nu_p99=4.523e+02, interior_frac=0.000
[Frame  943] mode=DIR  iters=   5000, x_range=2.717e-08, y_range=1.553e-08
    nu_min=3.074e+02, nu_max=8.279e+02, nu_mean=3.453e+02, nu_std=2.787e+01
    nu_p05=3.218e+02, nu_p50=3.355e+02, nu_p95=4.005e+02, nu_p99=4.526e+02, interior_frac=0.000
[Frame  944] mode=DIR  iters=   5000, x_range=2.664e-08, y_range=1.522e-08
    nu_min=3.078e+02, nu_max=7.448e+02, nu_mean=3.456e+02, nu_std=2.775e+01
    nu_p05=3.221e+02, nu_p50=3.359e+02, nu_p95=4.004e+02, nu_p99=4.523e+02, interior_frac=0.000
[Frame  945] mode=DIR  iters=   5000, x_range=2.612e-08, y_range=1.492e-08
    nu_min=3.082e+02, nu_max=7.570e+02, nu_mean=3.459e+02, nu_std=2.773e+01
    nu_p05=3.224e+02, nu_p50=3.361e+02, nu_p95=4.006e+02, nu_p99=4.526e+02, interior_frac=0.000
[Frame  946] mode=DIR  iters=   5000, x_range=2.560e-08, y_range=1.463e-08
    nu_min=3.088e+02, nu_max=8.753e+02, nu_mean=3.461e+02, nu_std=2.771e+01
    nu_p05=3.226e+02, nu_p50=3.364e+02, nu_p95=4.009e+02, nu_p99=4.527e+02, interior_frac=0.000
[Frame  947] mode=DIR  iters=   5000, x_range=2.510e-08, y_range=1.434e-08
    nu_min=3.097e+02, nu_max=8.254e+02, nu_mean=3.463e+02, nu_std=2.770e+01
    nu_p05=3.227e+02, nu_p50=3.366e+02, nu_p95=4.009e+02, nu_p99=4.527e+02, interior_frac=0.000
[Frame  948] mode=DIR  iters=   5000, x_range=2.461e-08, y_range=1.406e-08
    nu_min=3.104e+02, nu_max=7.489e+02, nu_mean=3.463e+02, nu_std=2.764e+01
    nu_p05=3.228e+02, nu_p50=3.367e+02, nu_p95=4.007e+02, nu_p99=4.525e+02, interior_frac=0.000
[Frame  949] mode=DIR  iters=   5000, x_range=2.413e-08, y_range=1.379e-08
    nu_min=3.114e+02, nu_max=7.757e+02, nu_mean=3.463e+02, nu_std=2.753e+01
    nu_p05=3.228e+02, nu_p50=3.368e+02, nu_p95=4.005e+02, nu_p99=4.522e+02, interior_frac=0.000
[Frame  950] mode=DIR  iters=   5000, x_range=2.365e-08, y_range=1.352e-08
    nu_min=3.124e+02, nu_max=7.411e+02, nu_mean=3.464e+02, nu_std=2.747e+01
    nu_p05=3.229e+02, nu_p50=3.369e+02, nu_p95=4.004e+02, nu_p99=4.521e+02, interior_frac=0.000
[Frame  951] mode=DIR  iters=   5000, x_range=2.319e-08, y_range=1.325e-08
    nu_min=3.137e+02, nu_max=7.977e+02, nu_mean=3.465e+02, nu_std=2.744e+01
    nu_p05=3.230e+02, nu_p50=3.370e+02, nu_p95=4.004e+02, nu_p99=4.519e+02, interior_frac=0.000
[Frame  952] mode=DIR  iters=   5000, x_range=2.274e-08, y_range=1.299e-08
    nu_min=3.184e+02, nu_max=7.658e+02, nu_mean=3.467e+02, nu_std=2.750e+01
    nu_p05=3.230e+02, nu_p50=3.373e+02, nu_p95=4.006e+02, nu_p99=4.522e+02, interior_frac=0.000
[Frame  953] mode=DIR  iters=   5000, x_range=2.229e-08, y_range=1.274e-08
    nu_min=3.207e+02, nu_max=8.747e+02, nu_mean=3.469e+02, nu_std=2.750e+01
    nu_p05=3.231e+02, nu_p50=3.376e+02, nu_p95=4.008e+02, nu_p99=4.522e+02, interior_frac=0.000
[Frame  954] mode=DIR  iters=   5000, x_range=2.185e-08, y_range=1.249e-08
    nu_min=3.208e+02, nu_max=7.576e+02, nu_mean=3.472e+02, nu_std=2.762e+01
    nu_p05=3.231e+02, nu_p50=3.380e+02, nu_p95=4.010e+02, nu_p99=4.528e+02, interior_frac=0.000
[Frame  955] mode=DIR  iters=   5000, x_range=2.142e-08, y_range=1.224e-08
    nu_min=3.209e+02, nu_max=7.987e+02, nu_mean=3.475e+02, nu_std=2.762e+01
    nu_p05=3.232e+02, nu_p50=3.387e+02, nu_p95=4.015e+02, nu_p99=4.525e+02, interior_frac=0.000
[Frame  956] mode=DIR  iters=   5000, x_range=2.100e-08, y_range=1.200e-08
    nu_min=3.211e+02, nu_max=7.556e+02, nu_mean=3.479e+02, nu_std=2.778e+01
    nu_p05=3.232e+02, nu_p50=3.394e+02, nu_p95=4.019e+02, nu_p99=4.532e+02, interior_frac=0.000
[Frame  957] mode=DIR  iters=   5000, x_range=2.059e-08, y_range=1.177e-08
    nu_min=3.212e+02, nu_max=8.018e+02, nu_mean=3.483e+02, nu_std=2.792e+01
    nu_p05=3.232e+02, nu_p50=3.402e+02, nu_p95=4.025e+02, nu_p99=4.539e+02, interior_frac=0.000
[Frame  958] mode=DIR  iters=   5000, x_range=2.019e-08, y_range=1.154e-08
    nu_min=3.213e+02, nu_max=8.520e+02, nu_mean=3.487e+02, nu_std=2.804e+01
    nu_p05=3.233e+02, nu_p50=3.410e+02, nu_p95=4.031e+02, nu_p99=4.546e+02, interior_frac=0.000
[Frame  959] mode=DIR  iters=   5000, x_range=1.979e-08, y_range=1.131e-08
    nu_min=3.214e+02, nu_max=8.053e+02, nu_mean=3.492e+02, nu_std=2.813e+01
    nu_p05=3.233e+02, nu_p50=3.419e+02, nu_p95=4.037e+02, nu_p99=4.550e+02, interior_frac=0.000
[Frame  960] mode=DIR  iters=   5000, x_range=1.940e-08, y_range=1.109e-08
    nu_min=3.215e+02, nu_max=7.923e+02, nu_mean=3.496e+02, nu_std=2.822e+01
    nu_p05=3.233e+02, nu_p50=3.429e+02, nu_p95=4.042e+02, nu_p99=4.556e+02, interior_frac=0.000
[Frame  961] mode=DIR  iters=   5000, x_range=1.902e-08, y_range=1.087e-08
    nu_min=3.216e+02, nu_max=7.692e+02, nu_mean=3.502e+02, nu_std=2.841e+01
    nu_p05=3.234e+02, nu_p50=3.439e+02, nu_p95=4.049e+02, nu_p99=4.566e+02, interior_frac=0.000
[Frame  962] mode=DIR  iters=   5000, x_range=1.865e-08, y_range=1.066e-08
    nu_min=3.217e+02, nu_max=7.968e+02, nu_mean=3.507e+02, nu_std=2.852e+01
    nu_p05=3.235e+02, nu_p50=3.447e+02, nu_p95=4.056e+02, nu_p99=4.573e+02, interior_frac=0.000
[Frame  963] mode=DIR  iters=   5000, x_range=1.829e-08, y_range=1.045e-08
    nu_min=3.218e+02, nu_max=8.035e+02, nu_mean=3.512e+02, nu_std=2.864e+01
    nu_p05=3.235e+02, nu_p50=3.455e+02, nu_p95=4.061e+02, nu_p99=4.580e+02, interior_frac=0.000
[Frame  964] mode=DIR  iters=   5000, x_range=1.793e-08, y_range=1.024e-08
    nu_min=3.218e+02, nu_max=8.023e+02, nu_mean=3.517e+02, nu_std=2.866e+01
    nu_p05=3.236e+02, nu_p50=3.461e+02, nu_p95=4.067e+02, nu_p99=4.582e+02, interior_frac=0.000
[Frame  965] mode=DIR  iters=   5000, x_range=1.758e-08, y_range=1.004e-08
    nu_min=3.219e+02, nu_max=7.859e+02, nu_mean=3.523e+02, nu_std=2.877e+01
    nu_p05=3.237e+02, nu_p50=3.468e+02, nu_p95=4.074e+02, nu_p99=4.592e+02, interior_frac=0.000
[Frame  966] mode=DIR  iters=   5000, x_range=1.723e-08, y_range=9.846e-09
    nu_min=3.219e+02, nu_max=7.945e+02, nu_mean=3.528e+02, nu_std=2.887e+01
    nu_p05=3.238e+02, nu_p50=3.474e+02, nu_p95=4.080e+02, nu_p99=4.598e+02, interior_frac=0.000
[Frame  967] mode=DIR  iters=   5000, x_range=1.689e-08, y_range=9.653e-09
    nu_min=3.220e+02, nu_max=7.892e+02, nu_mean=3.533e+02, nu_std=2.896e+01
    nu_p05=3.239e+02, nu_p50=3.479e+02, nu_p95=4.086e+02, nu_p99=4.604e+02, interior_frac=0.000
[Frame  968] mode=DIR  iters=   5000, x_range=1.656e-08, y_range=9.464e-09
    nu_min=3.221e+02, nu_max=7.632e+02, nu_mean=3.538e+02, nu_std=2.903e+01
    nu_p05=3.240e+02, nu_p50=3.484e+02, nu_p95=4.092e+02, nu_p99=4.610e+02, interior_frac=0.000
[Frame  969] mode=DIR  iters=   5000, x_range=1.624e-08, y_range=9.278e-09
    nu_min=3.221e+02, nu_max=8.779e+02, nu_mean=3.543e+02, nu_std=2.906e+01
    nu_p05=3.241e+02, nu_p50=3.489e+02, nu_p95=4.097e+02, nu_p99=4.615e+02, interior_frac=0.000
[Frame  970] mode=DIR  iters=   5000, x_range=1.592e-08, y_range=9.096e-09
    nu_min=3.222e+02, nu_max=8.148e+02, nu_mean=3.548e+02, nu_std=2.913e+01
    nu_p05=3.243e+02, nu_p50=3.494e+02, nu_p95=4.102e+02, nu_p99=4.623e+02, interior_frac=0.000
[Frame  971] mode=DIR  iters=   5000, x_range=1.561e-08, y_range=8.918e-09
    nu_min=3.223e+02, nu_max=1.115e+03, nu_mean=3.553e+02, nu_std=2.923e+01
    nu_p05=3.244e+02, nu_p50=3.498e+02, nu_p95=4.109e+02, nu_p99=4.629e+02, interior_frac=0.000
[Frame  972] mode=DIR  iters=   5000, x_range=1.530e-08, y_range=8.743e-09
    nu_min=3.223e+02, nu_max=8.382e+02, nu_mean=3.558e+02, nu_std=2.918e+01
    nu_p05=3.246e+02, nu_p50=3.501e+02, nu_p95=4.114e+02, nu_p99=4.630e+02, interior_frac=0.000
[Frame  973] mode=DIR  iters=   5000, x_range=1.500e-08, y_range=8.572e-09
    nu_min=3.224e+02, nu_max=8.113e+02, nu_mean=3.563e+02, nu_std=2.923e+01
    nu_p05=3.247e+02, nu_p50=3.505e+02, nu_p95=4.120e+02, nu_p99=4.637e+02, interior_frac=0.000
[Frame  974] mode=DIR  iters=   5000, x_range=1.471e-08, y_range=8.404e-09
    nu_min=3.225e+02, nu_max=8.009e+02, nu_mean=3.568e+02, nu_std=2.932e+01
    nu_p05=3.249e+02, nu_p50=3.509e+02, nu_p95=4.127e+02, nu_p99=4.647e+02, interior_frac=0.000
[Frame  975] mode=DIR  iters=   5000, x_range=1.442e-08, y_range=8.239e-09
    nu_min=3.225e+02, nu_max=7.778e+02, nu_mean=3.573e+02, nu_std=2.934e+01
    nu_p05=3.251e+02, nu_p50=3.512e+02, nu_p95=4.132e+02, nu_p99=4.653e+02, interior_frac=0.000
[Frame  976] mode=DIR  iters=   5000, x_range=1.414e-08, y_range=8.077e-09
    nu_min=3.226e+02, nu_max=8.012e+02, nu_mean=3.578e+02, nu_std=2.928e+01
    nu_p05=3.254e+02, nu_p50=3.515e+02, nu_p95=4.136e+02, nu_p99=4.652e+02, interior_frac=0.000
[Frame  977] mode=DIR  iters=   5000, x_range=1.386e-08, y_range=7.919e-09
    nu_min=3.227e+02, nu_max=8.115e+02, nu_mean=3.582e+02, nu_std=2.924e+01
    nu_p05=3.256e+02, nu_p50=3.518e+02, nu_p95=4.140e+02, nu_p99=4.652e+02, interior_frac=0.000
[Frame  978] mode=DIR  iters=   5000, x_range=1.359e-08, y_range=7.764e-09
    nu_min=3.227e+02, nu_max=7.898e+02, nu_mean=3.588e+02, nu_std=2.927e+01
    nu_p05=3.259e+02, nu_p50=3.522e+02, nu_p95=4.147e+02, nu_p99=4.663e+02, interior_frac=0.000
[Frame  979] mode=DIR  iters=   5000, x_range=1.332e-08, y_range=7.611e-09
    nu_min=3.228e+02, nu_max=8.484e+02, nu_mean=3.593e+02, nu_std=2.932e+01
    nu_p05=3.261e+02, nu_p50=3.525e+02, nu_p95=4.154e+02, nu_p99=4.668e+02, interior_frac=0.000
[Frame  980] mode=DIR  iters=   5000, x_range=1.306e-08, y_range=7.462e-09
    nu_min=3.228e+02, nu_max=8.653e+02, nu_mean=3.600e+02, nu_std=2.952e+01
    nu_p05=3.264e+02, nu_p50=3.529e+02, nu_p95=4.164e+02, nu_p99=4.682e+02, interior_frac=0.000
[Frame  981] mode=DIR  iters=   5000, x_range=1.280e-08, y_range=7.316e-09
    nu_min=3.229e+02, nu_max=8.433e+02, nu_mean=3.607e+02, nu_std=2.962e+01
    nu_p05=3.267e+02, nu_p50=3.533e+02, nu_p95=4.174e+02, nu_p99=4.692e+02, interior_frac=0.000
[Frame  982] mode=DIR  iters=   5000, x_range=1.255e-08, y_range=7.172e-09
    nu_min=3.230e+02, nu_max=8.130e+02, nu_mean=3.613e+02, nu_std=2.965e+01
    nu_p05=3.270e+02, nu_p50=3.536e+02, nu_p95=4.182e+02, nu_p99=4.699e+02, interior_frac=0.000
[Frame  983] mode=DIR  iters=   5000, x_range=1.231e-08, y_range=7.032e-09
    nu_min=3.232e+02, nu_max=7.844e+02, nu_mean=3.619e+02, nu_std=2.966e+01
    nu_p05=3.275e+02, nu_p50=3.540e+02, nu_p95=4.189e+02, nu_p99=4.704e+02, interior_frac=0.000
[Frame  984] mode=DIR  iters=   5000, x_range=1.206e-08, y_range=6.894e-09
    nu_min=3.233e+02, nu_max=8.299e+02, nu_mean=3.626e+02, nu_std=2.976e+01
    nu_p05=3.279e+02, nu_p50=3.543e+02, nu_p95=4.197e+02, nu_p99=4.716e+02, interior_frac=0.000
[Frame  985] mode=DIR  iters=   5000, x_range=1.183e-08, y_range=6.759e-09
    nu_min=3.234e+02, nu_max=8.270e+02, nu_mean=3.633e+02, nu_std=2.981e+01
    nu_p05=3.282e+02, nu_p50=3.547e+02, nu_p95=4.205e+02, nu_p99=4.722e+02, interior_frac=0.000
[Frame  986] mode=DIR  iters=   5000, x_range=1.160e-08, y_range=6.626e-09
    nu_min=3.236e+02, nu_max=8.372e+02, nu_mean=3.639e+02, nu_std=2.982e+01
    nu_p05=3.286e+02, nu_p50=3.551e+02, nu_p95=4.213e+02, nu_p99=4.728e+02, interior_frac=0.000
[Frame  987] mode=DIR  iters=   5000, x_range=1.137e-08, y_range=6.496e-09
    nu_min=3.238e+02, nu_max=8.503e+02, nu_mean=3.646e+02, nu_std=2.987e+01
    nu_p05=3.289e+02, nu_p50=3.556e+02, nu_p95=4.221e+02, nu_p99=4.739e+02, interior_frac=0.000
[Frame  988] mode=DIR  iters=   5000, x_range=1.115e-08, y_range=6.369e-09
    nu_min=3.240e+02, nu_max=7.841e+02, nu_mean=3.653e+02, nu_std=2.988e+01
    nu_p05=3.295e+02, nu_p50=3.562e+02, nu_p95=4.228e+02, nu_p99=4.749e+02, interior_frac=0.000
[Frame  989] mode=DIR  iters=   5000, x_range=1.093e-08, y_range=6.244e-09
    nu_min=3.242e+02, nu_max=7.826e+02, nu_mean=3.659e+02, nu_std=2.980e+01
    nu_p05=3.303e+02, nu_p50=3.568e+02, nu_p95=4.233e+02, nu_p99=4.752e+02, interior_frac=0.000
[Frame  990] mode=DIR  iters=   5000, x_range=1.071e-08, y_range=6.122e-09
    nu_min=3.245e+02, nu_max=7.961e+02, nu_mean=3.666e+02, nu_std=2.977e+01
    nu_p05=3.314e+02, nu_p50=3.575e+02, nu_p95=4.239e+02, nu_p99=4.762e+02, interior_frac=0.000
[Frame  991] mode=DIR  iters=   5000, x_range=1.050e-08, y_range=6.001e-09
    nu_min=3.248e+02, nu_max=8.773e+02, nu_mean=3.672e+02, nu_std=2.974e+01
    nu_p05=3.334e+02, nu_p50=3.583e+02, nu_p95=4.245e+02, nu_p99=4.769e+02, interior_frac=0.000
[Frame  992] mode=DIR  iters=   5000, x_range=1.030e-08, y_range=5.884e-09
    nu_min=3.251e+02, nu_max=8.218e+02, nu_mean=3.678e+02, nu_std=2.964e+01
    nu_p05=3.370e+02, nu_p50=3.589e+02, nu_p95=4.251e+02, nu_p99=4.773e+02, interior_frac=0.000
[Frame  993] mode=DIR  iters=   5000, x_range=1.009e-08, y_range=5.768e-09
    nu_min=3.255e+02, nu_max=8.721e+02, nu_mean=3.684e+02, nu_std=2.957e+01
    nu_p05=3.403e+02, nu_p50=3.595e+02, nu_p95=4.257e+02, nu_p99=4.776e+02, interior_frac=0.000
[Frame  994] mode=DIR  iters=   5000, x_range=9.897e-09, y_range=5.655e-09
    nu_min=3.259e+02, nu_max=8.060e+02, nu_mean=3.690e+02, nu_std=2.956e+01
    nu_p05=3.422e+02, nu_p50=3.601e+02, nu_p95=4.264e+02, nu_p99=4.785e+02, interior_frac=0.000
[Frame  995] mode=DIR  iters=   5000, x_range=9.703e-09, y_range=5.544e-09
    nu_min=3.265e+02, nu_max=7.855e+02, nu_mean=3.695e+02, nu_std=2.947e+01
    nu_p05=3.430e+02, nu_p50=3.608e+02, nu_p95=4.267e+02, nu_p99=4.786e+02, interior_frac=0.000
[Frame  996] mode=DIR  iters=   5000, x_range=9.513e-09, y_range=5.436e-09
    nu_min=3.269e+02, nu_max=8.226e+02, nu_mean=3.700e+02, nu_std=2.940e+01
    nu_p05=3.436e+02, nu_p50=3.613e+02, nu_p95=4.271e+02, nu_p99=4.793e+02, interior_frac=0.000
[Frame  997] mode=DIR  iters=   5000, x_range=9.326e-09, y_range=5.329e-09
    nu_min=3.275e+02, nu_max=8.565e+02, nu_mean=3.704e+02, nu_std=2.942e+01
    nu_p05=3.440e+02, nu_p50=3.618e+02, nu_p95=4.277e+02, nu_p99=4.800e+02, interior_frac=0.000
[Frame  998] mode=DIR  iters=   5000, x_range=9.143e-09, y_range=5.225e-09
    nu_min=3.281e+02, nu_max=8.756e+02, nu_mean=3.707e+02, nu_std=2.940e+01
    nu_p05=3.444e+02, nu_p50=3.623e+02, nu_p95=4.279e+02, nu_p99=4.803e+02, interior_frac=0.000
[Frame  999] mode=DIR  iters=   5000, x_range=8.964e-09, y_range=5.122e-09
    nu_min=3.288e+02, nu_max=7.919e+02, nu_mean=3.710e+02, nu_std=2.944e+01
    nu_p05=3.446e+02, nu_p50=3.626e+02, nu_p95=4.285e+02, nu_p99=4.808e+02, interior_frac=0.000
[Frame 1000] mode=DIR  iters=   5000, x_range=8.788e-09, y_range=5.022e-09
    nu_min=3.298e+02, nu_max=7.896e+02, nu_mean=3.712e+02, nu_std=2.947e+01
    nu_p05=3.448e+02, nu_p50=3.629e+02, nu_p95=4.287e+02, nu_p99=4.809e+02, interior_frac=0.000
[Frame 1001] mode=DIR  iters=   5000, x_range=8.616e-09, y_range=4.923e-09
    nu_min=3.309e+02, nu_max=8.059e+02, nu_mean=3.714e+02, nu_std=2.952e+01
    nu_p05=3.450e+02, nu_p50=3.630e+02, nu_p95=4.290e+02, nu_p99=4.811e+02, interior_frac=0.000
[Frame 1002] mode=DIR  iters=   5000, x_range=8.447e-09, y_range=4.827e-09
    nu_min=3.369e+02, nu_max=8.208e+02, nu_mean=3.714e+02, nu_std=2.953e+01
    nu_p05=3.451e+02, nu_p50=3.632e+02, nu_p95=4.291e+02, nu_p99=4.812e+02, interior_frac=0.000
[Frame 1003] mode=DIR  iters=   5000, x_range=8.281e-09, y_range=4.732e-09
    nu_min=3.430e+02, nu_max=8.544e+02, nu_mean=3.713e+02, nu_std=2.939e+01
    nu_p05=3.452e+02, nu_p50=3.633e+02, nu_p95=4.288e+02, nu_p99=4.806e+02, interior_frac=0.000
[Frame 1004] mode=DIR  iters=   5000, x_range=8.119e-09, y_range=4.639e-09
    nu_min=3.431e+02, nu_max=8.179e+02, nu_mean=3.712e+02, nu_std=2.929e+01
    nu_p05=3.453e+02, nu_p50=3.633e+02, nu_p95=4.283e+02, nu_p99=4.803e+02, interior_frac=0.000
[Frame 1005] mode=DIR  iters=   5000, x_range=7.960e-09, y_range=4.548e-09
    nu_min=3.432e+02, nu_max=8.139e+02, nu_mean=3.711e+02, nu_std=2.915e+01
    nu_p05=3.453e+02, nu_p50=3.633e+02, nu_p95=4.280e+02, nu_p99=4.798e+02, interior_frac=0.000
[Frame 1006] mode=DIR  iters=   5000, x_range=7.804e-09, y_range=4.459e-09
    nu_min=3.433e+02, nu_max=7.799e+02, nu_mean=3.711e+02, nu_std=2.907e+01
    nu_p05=3.454e+02, nu_p50=3.634e+02, nu_p95=4.277e+02, nu_p99=4.793e+02, interior_frac=0.000
[Frame 1007] mode=DIR  iters=   5000, x_range=7.651e-09, y_range=4.372e-09
    nu_min=3.434e+02, nu_max=8.155e+02, nu_mean=3.709e+02, nu_std=2.894e+01
    nu_p05=3.454e+02, nu_p50=3.634e+02, nu_p95=4.273e+02, nu_p99=4.788e+02, interior_frac=0.000
[Frame 1008] mode=DIR  iters=   5000, x_range=7.501e-09, y_range=4.286e-09
    nu_min=3.435e+02, nu_max=8.276e+02, nu_mean=3.708e+02, nu_std=2.896e+01
    nu_p05=3.455e+02, nu_p50=3.634e+02, nu_p95=4.272e+02, nu_p99=4.789e+02, interior_frac=0.000
[Frame 1009] mode=DIR  iters=   5000, x_range=7.354e-09, y_range=4.202e-09
    nu_min=3.436e+02, nu_max=8.776e+02, nu_mean=3.707e+02, nu_std=2.900e+01
    nu_p05=3.455e+02, nu_p50=3.632e+02, nu_p95=4.273e+02, nu_p99=4.790e+02, interior_frac=0.000
[Frame 1010] mode=DIR  iters=   5000, x_range=7.209e-09, y_range=4.120e-09
    nu_min=3.437e+02, nu_max=8.383e+02, nu_mean=3.705e+02, nu_std=2.896e+01
    nu_p05=3.456e+02, nu_p50=3.631e+02, nu_p95=4.272e+02, nu_p99=4.785e+02, interior_frac=0.000
[Frame 1011] mode=DIR  iters=   5000, x_range=7.068e-09, y_range=4.039e-09
    nu_min=3.438e+02, nu_max=8.304e+02, nu_mean=3.702e+02, nu_std=2.881e+01
    nu_p05=3.456e+02, nu_p50=3.629e+02, nu_p95=4.267e+02, nu_p99=4.779e+02, interior_frac=0.000
[Frame 1012] mode=DIR  iters=   5000, x_range=6.929e-09, y_range=3.960e-09
    nu_min=3.439e+02, nu_max=8.322e+02, nu_mean=3.699e+02, nu_std=2.861e+01
    nu_p05=3.456e+02, nu_p50=3.628e+02, nu_p95=4.261e+02, nu_p99=4.771e+02, interior_frac=0.000
[Frame 1013] mode=DIR  iters=   5000, x_range=6.794e-09, y_range=3.882e-09
    nu_min=3.440e+02, nu_max=8.019e+02, nu_mean=3.697e+02, nu_std=2.850e+01
    nu_p05=3.457e+02, nu_p50=3.627e+02, nu_p95=4.257e+02, nu_p99=4.768e+02, interior_frac=0.000
[Frame 1014] mode=DIR  iters=   5000, x_range=6.660e-09, y_range=3.806e-09
    nu_min=3.442e+02, nu_max=8.131e+02, nu_mean=3.694e+02, nu_std=2.833e+01
    nu_p05=3.457e+02, nu_p50=3.626e+02, nu_p95=4.251e+02, nu_p99=4.760e+02, interior_frac=0.000
[Frame 1015] mode=DIR  iters=   5000, x_range=6.530e-09, y_range=3.731e-09
    nu_min=3.443e+02, nu_max=9.095e+02, nu_mean=3.693e+02, nu_std=2.822e+01
    nu_p05=3.458e+02, nu_p50=3.627e+02, nu_p95=4.247e+02, nu_p99=4.757e+02, interior_frac=0.000
[Frame 1016] mode=DIR  iters=   5000, x_range=6.402e-09, y_range=3.658e-09
    nu_min=3.444e+02, nu_max=8.524e+02, nu_mean=3.693e+02, nu_std=2.826e+01
    nu_p05=3.458e+02, nu_p50=3.629e+02, nu_p95=4.247e+02, nu_p99=4.759e+02, interior_frac=0.000
[Frame 1017] mode=DIR  iters=   5000, x_range=6.276e-09, y_range=3.586e-09
    nu_min=3.445e+02, nu_max=8.627e+02, nu_mean=3.694e+02, nu_std=2.822e+01
    nu_p05=3.459e+02, nu_p50=3.631e+02, nu_p95=4.245e+02, nu_p99=4.759e+02, interior_frac=0.000
[Frame 1018] mode=DIR  iters=   5000, x_range=6.153e-09, y_range=3.516e-09
    nu_min=3.446e+02, nu_max=8.487e+02, nu_mean=3.694e+02, nu_std=2.807e+01
    nu_p05=3.459e+02, nu_p50=3.633e+02, nu_p95=4.240e+02, nu_p99=4.750e+02, interior_frac=0.000
[Frame 1019] mode=DIR  iters=   5000, x_range=6.032e-09, y_range=3.447e-09
    nu_min=3.447e+02, nu_max=8.206e+02, nu_mean=3.694e+02, nu_std=2.802e+01
    nu_p05=3.459e+02, nu_p50=3.636e+02, nu_p95=4.238e+02, nu_p99=4.750e+02, interior_frac=0.000
[Frame 1020] mode=DIR  iters=   5000, x_range=5.914e-09, y_range=3.380e-09
    nu_min=3.448e+02, nu_max=8.003e+02, nu_mean=3.694e+02, nu_std=2.792e+01
    nu_p05=3.459e+02, nu_p50=3.638e+02, nu_p95=4.234e+02, nu_p99=4.749e+02, interior_frac=0.000
[Frame 1021] mode=DIR  iters=   5000, x_range=5.798e-09, y_range=3.313e-09
    nu_min=3.448e+02, nu_max=8.383e+02, nu_mean=3.695e+02, nu_std=2.785e+01
    nu_p05=3.460e+02, nu_p50=3.639e+02, nu_p95=4.230e+02, nu_p99=4.745e+02, interior_frac=0.000
[Frame 1022] mode=DIR  iters=   5000, x_range=5.685e-09, y_range=3.248e-09
    nu_min=3.448e+02, nu_max=8.008e+02, nu_mean=3.695e+02, nu_std=2.782e+01
    nu_p05=3.460e+02, nu_p50=3.641e+02, nu_p95=4.227e+02, nu_p99=4.745e+02, interior_frac=0.000
[Frame 1023] mode=DIR  iters=   5000, x_range=5.573e-09, y_range=3.185e-09
    nu_min=3.448e+02, nu_max=8.580e+02, nu_mean=3.694e+02, nu_std=2.763e+01
    nu_p05=3.460e+02, nu_p50=3.643e+02, nu_p95=4.219e+02, nu_p99=4.739e+02, interior_frac=0.000
[Frame 1024] mode=DIR  iters=   5000, x_range=5.464e-09, y_range=3.122e-09
    nu_min=3.449e+02, nu_max=7.688e+02, nu_mean=3.694e+02, nu_std=2.752e+01
    nu_p05=3.460e+02, nu_p50=3.645e+02, nu_p95=4.215e+02, nu_p99=4.733e+02, interior_frac=0.000
[Frame 1025] mode=DIR  iters=   5000, x_range=5.357e-09, y_range=3.061e-09
    nu_min=3.450e+02, nu_max=9.904e+02, nu_mean=3.694e+02, nu_std=2.740e+01
    nu_p05=3.461e+02, nu_p50=3.646e+02, nu_p95=4.209e+02, nu_p99=4.732e+02, interior_frac=0.000
[Frame 1026] mode=DIR  iters=   5000, x_range=5.252e-09, y_range=3.001e-09
    nu_min=3.450e+02, nu_max=8.307e+02, nu_mean=3.694e+02, nu_std=2.726e+01
    nu_p05=3.461e+02, nu_p50=3.648e+02, nu_p95=4.205e+02, nu_p99=4.731e+02, interior_frac=0.000
[Frame 1027] mode=DIR  iters=   5000, x_range=5.149e-09, y_range=2.942e-09
    nu_min=3.451e+02, nu_max=8.260e+02, nu_mean=3.694e+02, nu_std=2.714e+01
    nu_p05=3.461e+02, nu_p50=3.649e+02, nu_p95=4.201e+02, nu_p99=4.730e+02, interior_frac=0.000
[Frame 1028] mode=DIR  iters=   5000, x_range=5.048e-09, y_range=2.884e-09
    nu_min=3.451e+02, nu_max=9.461e+02, nu_mean=3.694e+02, nu_std=2.696e+01
    nu_p05=3.462e+02, nu_p50=3.651e+02, nu_p95=4.199e+02, nu_p99=4.719e+02, interior_frac=0.000
[Frame 1029] mode=DIR  iters=   5000, x_range=4.949e-09, y_range=2.828e-09
    nu_min=3.452e+02, nu_max=7.929e+02, nu_mean=3.694e+02, nu_std=2.691e+01
    nu_p05=3.462e+02, nu_p50=3.653e+02, nu_p95=4.199e+02, nu_p99=4.720e+02, interior_frac=0.000
[Frame 1030] mode=DIR  iters=   5000, x_range=4.852e-09, y_range=2.772e-09
    nu_min=3.452e+02, nu_max=8.447e+02, nu_mean=3.694e+02, nu_std=2.690e+01
    nu_p05=3.462e+02, nu_p50=3.654e+02, nu_p95=4.200e+02, nu_p99=4.724e+02, interior_frac=0.000
[Frame 1031] mode=DIR  iters=   5000, x_range=4.757e-09, y_range=2.718e-09
    nu_min=3.453e+02, nu_max=8.119e+02, nu_mean=3.694e+02, nu_std=2.689e+01
    nu_p05=3.463e+02, nu_p50=3.656e+02, nu_p95=4.202e+02, nu_p99=4.730e+02, interior_frac=0.000
[Frame 1032] mode=DIR  iters=   5000, x_range=4.663e-09, y_range=2.665e-09
    nu_min=3.453e+02, nu_max=9.105e+02, nu_mean=3.695e+02, nu_std=2.681e+01
    nu_p05=3.463e+02, nu_p50=3.657e+02, nu_p95=4.203e+02, nu_p99=4.729e+02, interior_frac=0.000
[Frame 1033] mode=DIR  iters=   5000, x_range=4.572e-09, y_range=2.612e-09
    nu_min=3.454e+02, nu_max=8.234e+02, nu_mean=3.695e+02, nu_std=2.677e+01
    nu_p05=3.463e+02, nu_p50=3.658e+02, nu_p95=4.203e+02, nu_p99=4.730e+02, interior_frac=0.000
[Frame 1034] mode=DIR  iters=   5000, x_range=4.482e-09, y_range=2.561e-09
    nu_min=3.454e+02, nu_max=8.564e+02, nu_mean=3.695e+02, nu_std=2.672e+01
    nu_p05=3.463e+02, nu_p50=3.659e+02, nu_p95=4.205e+02, nu_p99=4.730e+02, interior_frac=0.000
[Frame 1035] mode=DIR  iters=   5000, x_range=4.394e-09, y_range=2.511e-09
    nu_min=3.455e+02, nu_max=8.189e+02, nu_mean=3.696e+02, nu_std=2.667e+01
    nu_p05=3.464e+02, nu_p50=3.661e+02, nu_p95=4.205e+02, nu_p99=4.732e+02, interior_frac=0.000
[Frame 1036] mode=DIR  iters=   5000, x_range=4.308e-09, y_range=2.462e-09
    nu_min=3.455e+02, nu_max=8.188e+02, nu_mean=3.697e+02, nu_std=2.658e+01
    nu_p05=3.464e+02, nu_p50=3.663e+02, nu_p95=4.205e+02, nu_p99=4.731e+02, interior_frac=0.000
[Frame 1037] mode=DIR  iters=   5000, x_range=4.224e-09, y_range=2.414e-09
    nu_min=3.456e+02, nu_max=7.664e+02, nu_mean=3.698e+02, nu_std=2.662e+01
    nu_p05=3.464e+02, nu_p50=3.665e+02, nu_p95=4.208e+02, nu_p99=4.733e+02, interior_frac=0.000
[Frame 1038] mode=DIR  iters=   5000, x_range=4.141e-09, y_range=2.366e-09
    nu_min=3.456e+02, nu_max=9.255e+02, nu_mean=3.699e+02, nu_std=2.659e+01
    nu_p05=3.465e+02, nu_p50=3.666e+02, nu_p95=4.208e+02, nu_p99=4.736e+02, interior_frac=0.000
[Frame 1039] mode=DIR  iters=   5000, x_range=4.060e-09, y_range=2.320e-09
    nu_min=3.457e+02, nu_max=7.849e+02, nu_mean=3.700e+02, nu_std=2.654e+01
    nu_p05=3.465e+02, nu_p50=3.668e+02, nu_p95=4.208e+02, nu_p99=4.736e+02, interior_frac=0.000
[Frame 1040] mode=DIR  iters=   5000, x_range=3.980e-09, y_range=2.274e-09
    nu_min=3.457e+02, nu_max=8.636e+02, nu_mean=3.701e+02, nu_std=2.646e+01
    nu_p05=3.466e+02, nu_p50=3.669e+02, nu_p95=4.207e+02, nu_p99=4.736e+02, interior_frac=0.000
[Frame 1041] mode=DIR  iters=   5000, x_range=3.902e-09, y_range=2.230e-09
    nu_min=3.458e+02, nu_max=8.090e+02, nu_mean=3.702e+02, nu_std=2.649e+01
    nu_p05=3.466e+02, nu_p50=3.671e+02, nu_p95=4.210e+02, nu_p99=4.740e+02, interior_frac=0.000
[Frame 1042] mode=DIR  iters=   5000, x_range=3.826e-09, y_range=2.186e-09
    nu_min=3.458e+02, nu_max=8.295e+02, nu_mean=3.703e+02, nu_std=2.651e+01
    nu_p05=3.467e+02, nu_p50=3.672e+02, nu_p95=4.212e+02, nu_p99=4.743e+02, interior_frac=0.000
[Frame 1043] mode=DIR  iters=   5000, x_range=3.750e-09, y_range=2.143e-09
    nu_min=3.459e+02, nu_max=8.015e+02, nu_mean=3.704e+02, nu_std=2.654e+01
    nu_p05=3.467e+02, nu_p50=3.674e+02, nu_p95=4.215e+02, nu_p99=4.745e+02, interior_frac=0.000
[Frame 1044] mode=DIR  iters=   5000, x_range=3.677e-09, y_range=2.101e-09
    nu_min=3.459e+02, nu_max=8.284e+02, nu_mean=3.705e+02, nu_std=2.649e+01
    nu_p05=3.468e+02, nu_p50=3.675e+02, nu_p95=4.216e+02, nu_p99=4.745e+02, interior_frac=0.000
[Frame 1045] mode=DIR  iters=   5000, x_range=3.605e-09, y_range=2.060e-09
    nu_min=3.459e+02, nu_max=8.728e+02, nu_mean=3.706e+02, nu_std=2.645e+01
    nu_p05=3.468e+02, nu_p50=3.676e+02, nu_p95=4.216e+02, nu_p99=4.746e+02, interior_frac=0.000
[Frame 1046] mode=DIR  iters=   5000, x_range=3.534e-09, y_range=2.020e-09
    nu_min=3.460e+02, nu_max=8.142e+02, nu_mean=3.706e+02, nu_std=2.628e+01
    nu_p05=3.469e+02, nu_p50=3.677e+02, nu_p95=4.214e+02, nu_p99=4.741e+02, interior_frac=0.000
[Frame 1047] mode=DIR  iters=   5000, x_range=3.465e-09, y_range=1.980e-09
    nu_min=3.461e+02, nu_max=8.232e+02, nu_mean=3.706e+02, nu_std=2.609e+01
    nu_p05=3.469e+02, nu_p50=3.678e+02, nu_p95=4.211e+02, nu_p99=4.735e+02, interior_frac=0.000
[Frame 1048] mode=DIR  iters=   5000, x_range=3.397e-09, y_range=1.941e-09
    nu_min=3.461e+02, nu_max=8.183e+02, nu_mean=3.707e+02, nu_std=2.606e+01
    nu_p05=3.469e+02, nu_p50=3.679e+02, nu_p95=4.210e+02, nu_p99=4.739e+02, interior_frac=0.000
[Frame 1049] mode=DIR  iters=   5000, x_range=3.330e-09, y_range=1.903e-09
    nu_min=3.461e+02, nu_max=8.501e+02, nu_mean=3.708e+02, nu_std=2.597e+01
    nu_p05=3.469e+02, nu_p50=3.679e+02, nu_p95=4.212e+02, nu_p99=4.735e+02, interior_frac=0.000
[Frame 1050] mode=DIR  iters=   5000, x_range=3.265e-09, y_range=1.866e-09
    nu_min=3.462e+02, nu_max=8.287e+02, nu_mean=3.709e+02, nu_std=2.597e+01
    nu_p05=3.470e+02, nu_p50=3.680e+02, nu_p95=4.214e+02, nu_p99=4.739e+02, interior_frac=0.000
[Frame 1051] mode=DIR  iters=   5000, x_range=3.201e-09, y_range=1.829e-09
    nu_min=3.462e+02, nu_max=7.980e+02, nu_mean=3.710e+02, nu_std=2.597e+01
    nu_p05=3.470e+02, nu_p50=3.681e+02, nu_p95=4.217e+02, nu_p99=4.742e+02, interior_frac=0.000
[Frame 1052] mode=DIR  iters=   5000, x_range=3.138e-09, y_range=1.793e-09
    nu_min=3.463e+02, nu_max=7.491e+02, nu_mean=3.711e+02, nu_std=2.602e+01
    nu_p05=3.471e+02, nu_p50=3.682e+02, nu_p95=4.219e+02, nu_p99=4.746e+02, interior_frac=0.000
[Frame 1053] mode=DIR  iters=   5000, x_range=3.077e-09, y_range=1.758e-09
    nu_min=3.463e+02, nu_max=8.419e+02, nu_mean=3.712e+02, nu_std=2.602e+01
    nu_p05=3.471e+02, nu_p50=3.683e+02, nu_p95=4.220e+02, nu_p99=4.749e+02, interior_frac=0.000
[Frame 1054] mode=DIR  iters=   5000, x_range=3.016e-09, y_range=1.724e-09
    nu_min=3.463e+02, nu_max=8.924e+02, nu_mean=3.712e+02, nu_std=2.600e+01
    nu_p05=3.472e+02, nu_p50=3.684e+02, nu_p95=4.222e+02, nu_p99=4.751e+02, interior_frac=0.000
[Frame 1055] mode=DIR  iters=   5000, x_range=2.957e-09, y_range=1.690e-09
    nu_min=3.464e+02, nu_max=8.040e+02, nu_mean=3.712e+02, nu_std=2.581e+01
    nu_p05=3.472e+02, nu_p50=3.684e+02, nu_p95=4.219e+02, nu_p99=4.749e+02, interior_frac=0.000
[Frame 1056] mode=DIR  iters=   5000, x_range=2.899e-09, y_range=1.657e-09
    nu_min=3.464e+02, nu_max=9.172e+02, nu_mean=3.712e+02, nu_std=2.558e+01
    nu_p05=3.473e+02, nu_p50=3.685e+02, nu_p95=4.216e+02, nu_p99=4.742e+02, interior_frac=0.000
[Frame 1057] mode=DIR  iters=   5000, x_range=2.842e-09, y_range=1.624e-09
    nu_min=3.464e+02, nu_max=8.980e+02, nu_mean=3.711e+02, nu_std=2.530e+01
    nu_p05=3.473e+02, nu_p50=3.685e+02, nu_p95=4.209e+02, nu_p99=4.731e+02, interior_frac=0.000
[Frame 1058] mode=DIR  iters=   5000, x_range=2.787e-09, y_range=1.592e-09
    nu_min=3.465e+02, nu_max=8.074e+02, nu_mean=3.711e+02, nu_std=2.512e+01
    nu_p05=3.474e+02, nu_p50=3.686e+02, nu_p95=4.207e+02, nu_p99=4.726e+02, interior_frac=0.000
[Frame 1059] mode=DIR  iters=   5000, x_range=2.732e-09, y_range=1.561e-09
    nu_min=3.465e+02, nu_max=1.019e+03, nu_mean=3.712e+02, nu_std=2.510e+01
    nu_p05=3.474e+02, nu_p50=3.686e+02, nu_p95=4.207e+02, nu_p99=4.730e+02, interior_frac=0.000
[Frame 1060] mode=DIR  iters=   5000, x_range=2.678e-09, y_range=1.531e-09
    nu_min=3.465e+02, nu_max=7.613e+02, nu_mean=3.714e+02, nu_std=2.513e+01
    nu_p05=3.475e+02, nu_p50=3.687e+02, nu_p95=4.209e+02, nu_p99=4.732e+02, interior_frac=0.000
[Frame 1061] mode=DIR  iters=   5000, x_range=2.626e-09, y_range=1.501e-09
    nu_min=3.466e+02, nu_max=7.800e+02, nu_mean=3.716e+02, nu_std=2.514e+01
    nu_p05=3.475e+02, nu_p50=3.687e+02, nu_p95=4.212e+02, nu_p99=4.736e+02, interior_frac=0.000
[Frame 1062] mode=DIR  iters=   5000, x_range=2.574e-09, y_range=1.471e-09
    nu_min=3.466e+02, nu_max=8.220e+02, nu_mean=3.718e+02, nu_std=2.528e+01
    nu_p05=3.476e+02, nu_p50=3.688e+02, nu_p95=4.215e+02, nu_p99=4.743e+02, interior_frac=0.000
[Frame 1063] mode=DIR  iters=   5000, x_range=2.524e-09, y_range=1.442e-09
    nu_min=3.467e+02, nu_max=8.049e+02, nu_mean=3.720e+02, nu_std=2.531e+01
    nu_p05=3.477e+02, nu_p50=3.689e+02, nu_p95=4.219e+02, nu_p99=4.745e+02, interior_frac=0.000
[Frame 1064] mode=DIR  iters=   5000, x_range=2.474e-09, y_range=1.414e-09
    nu_min=3.467e+02, nu_max=7.975e+02, nu_mean=3.722e+02, nu_std=2.535e+01
    nu_p05=3.477e+02, nu_p50=3.689e+02, nu_p95=4.221e+02, nu_p99=4.748e+02, interior_frac=0.000
[Frame 1065] mode=DIR  iters=   5000, x_range=2.426e-09, y_range=1.386e-09
    nu_min=3.468e+02, nu_max=7.880e+02, nu_mean=3.724e+02, nu_std=2.541e+01
    nu_p05=3.478e+02, nu_p50=3.689e+02, nu_p95=4.225e+02, nu_p99=4.752e+02, interior_frac=0.000
[Frame 1066] mode=DIR  iters=   5000, x_range=2.378e-09, y_range=1.359e-09
    nu_min=3.468e+02, nu_max=8.013e+02, nu_mean=3.727e+02, nu_std=2.559e+01
    nu_p05=3.478e+02, nu_p50=3.690e+02, nu_p95=4.230e+02, nu_p99=4.762e+02, interior_frac=0.000
[Frame 1067] mode=DIR  iters=   5000, x_range=2.332e-09, y_range=1.332e-09
    nu_min=3.468e+02, nu_max=7.884e+02, nu_mean=3.729e+02, nu_std=2.578e+01
    nu_p05=3.479e+02, nu_p50=3.690e+02, nu_p95=4.236e+02, nu_p99=4.769e+02, interior_frac=0.000
[Frame 1068] mode=DIR  iters=   5000, x_range=2.286e-09, y_range=1.306e-09
    nu_min=3.468e+02, nu_max=8.196e+02, nu_mean=3.732e+02, nu_std=2.598e+01
    nu_p05=3.480e+02, nu_p50=3.691e+02, nu_p95=4.242e+02, nu_p99=4.782e+02, interior_frac=0.000
[Frame 1069] mode=DIR  iters=   5000, x_range=2.241e-09, y_range=1.281e-09
    nu_min=3.468e+02, nu_max=8.470e+02, nu_mean=3.735e+02, nu_std=2.608e+01
    nu_p05=3.481e+02, nu_p50=3.691e+02, nu_p95=4.248e+02, nu_p99=4.787e+02, interior_frac=0.000
[Frame 1070] mode=DIR  iters=   5000, x_range=2.197e-09, y_range=1.256e-09
    nu_min=3.469e+02, nu_max=7.753e+02, nu_mean=3.738e+02, nu_std=2.619e+01
    nu_p05=3.483e+02, nu_p50=3.692e+02, nu_p95=4.254e+02, nu_p99=4.792e+02, interior_frac=0.000
[Frame 1071] mode=DIR  iters=   5000, x_range=2.154e-09, y_range=1.231e-09
    nu_min=3.469e+02, nu_max=8.059e+02, nu_mean=3.741e+02, nu_std=2.632e+01
    nu_p05=3.484e+02, nu_p50=3.693e+02, nu_p95=4.258e+02, nu_p99=4.799e+02, interior_frac=0.000
[Frame 1072] mode=DIR  iters=   5000, x_range=2.112e-09, y_range=1.207e-09
    nu_min=3.470e+02, nu_max=8.598e+02, nu_mean=3.744e+02, nu_std=2.650e+01
    nu_p05=3.485e+02, nu_p50=3.693e+02, nu_p95=4.266e+02, nu_p99=4.806e+02, interior_frac=0.000
[Frame 1073] mode=DIR  iters=   5000, x_range=2.071e-09, y_range=1.183e-09
    nu_min=3.470e+02, nu_max=7.945e+02, nu_mean=3.748e+02, nu_std=2.664e+01
    nu_p05=3.486e+02, nu_p50=3.694e+02, nu_p95=4.274e+02, nu_p99=4.816e+02, interior_frac=0.000
[Frame 1074] mode=DIR  iters=   5000, x_range=2.030e-09, y_range=1.160e-09
    nu_min=3.471e+02, nu_max=8.450e+02, nu_mean=3.752e+02, nu_std=2.687e+01
    nu_p05=3.487e+02, nu_p50=3.694e+02, nu_p95=4.283e+02, nu_p99=4.826e+02, interior_frac=0.000
[Frame 1075] mode=DIR  iters=   5000, x_range=1.990e-09, y_range=1.137e-09
    nu_min=3.472e+02, nu_max=9.257e+02, nu_mean=3.755e+02, nu_std=2.706e+01
    nu_p05=3.488e+02, nu_p50=3.695e+02, nu_p95=4.292e+02, nu_p99=4.838e+02, interior_frac=0.000
[Frame 1076] mode=DIR  iters=   5000, x_range=1.951e-09, y_range=1.115e-09
    nu_min=3.472e+02, nu_max=8.487e+02, nu_mean=3.759e+02, nu_std=2.726e+01
    nu_p05=3.489e+02, nu_p50=3.695e+02, nu_p95=4.302e+02, nu_p99=4.846e+02, interior_frac=0.000
[Frame 1077] mode=DIR  iters=   5000, x_range=1.913e-09, y_range=1.093e-09
    nu_min=3.473e+02, nu_max=9.947e+02, nu_mean=3.763e+02, nu_std=2.744e+01
    nu_p05=3.490e+02, nu_p50=3.696e+02, nu_p95=4.313e+02, nu_p99=4.852e+02, interior_frac=0.000
[Frame 1078] mode=DIR  iters=   5000, x_range=1.875e-09, y_range=1.072e-09
    nu_min=3.474e+02, nu_max=8.162e+02, nu_mean=3.768e+02, nu_std=2.764e+01
    nu_p05=3.491e+02, nu_p50=3.697e+02, nu_p95=4.324e+02, nu_p99=4.866e+02, interior_frac=0.000
[Frame 1079] mode=DIR  iters=   5000, x_range=1.839e-09, y_range=1.051e-09
    nu_min=3.474e+02, nu_max=8.211e+02, nu_mean=3.772e+02, nu_std=2.784e+01
    nu_p05=3.492e+02, nu_p50=3.697e+02, nu_p95=4.335e+02, nu_p99=4.874e+02, interior_frac=0.000
[Frame 1080] mode=DIR  iters=   5000, x_range=1.803e-09, y_range=1.030e-09
    nu_min=3.475e+02, nu_max=8.028e+02, nu_mean=3.776e+02, nu_std=2.801e+01
    nu_p05=3.494e+02, nu_p50=3.698e+02, nu_p95=4.347e+02, nu_p99=4.883e+02, interior_frac=0.000
[Frame 1081] mode=DIR  iters=   5000, x_range=1.767e-09, y_range=1.010e-09
    nu_min=3.476e+02, nu_max=8.239e+02, nu_mean=3.781e+02, nu_std=2.819e+01
    nu_p05=3.495e+02, nu_p50=3.699e+02, nu_p95=4.355e+02, nu_p99=4.890e+02, interior_frac=0.000
[Frame 1082] mode=DIR  iters=   5000, x_range=1.733e-09, y_range=9.900e-10
    nu_min=3.476e+02, nu_max=8.264e+02, nu_mean=3.786e+02, nu_std=2.831e+01
    nu_p05=3.496e+02, nu_p50=3.699e+02, nu_p95=4.366e+02, nu_p99=4.899e+02, interior_frac=0.000
[Frame 1083] mode=DIR  iters=   5000, x_range=1.699e-09, y_range=9.706e-10
    nu_min=3.477e+02, nu_max=8.837e+02, nu_mean=3.790e+02, nu_std=2.844e+01
    nu_p05=3.498e+02, nu_p50=3.701e+02, nu_p95=4.373e+02, nu_p99=4.907e+02, interior_frac=0.000
[Frame 1084] mode=DIR  iters=   5000, x_range=1.665e-09, y_range=9.516e-10
    nu_min=3.478e+02, nu_max=8.253e+02, nu_mean=3.794e+02, nu_std=2.846e+01
    nu_p05=3.499e+02, nu_p50=3.703e+02, nu_p95=4.379e+02, nu_p99=4.910e+02, interior_frac=0.000
[Frame 1085] mode=DIR  iters=   5000, x_range=1.633e-09, y_range=9.329e-10
    nu_min=3.479e+02, nu_max=8.972e+02, nu_mean=3.798e+02, nu_std=2.843e+01
    nu_p05=3.501e+02, nu_p50=3.704e+02, nu_p95=4.382e+02, nu_p99=4.911e+02, interior_frac=0.000
[Frame 1086] mode=DIR  iters=   5000, x_range=1.601e-09, y_range=9.146e-10
    nu_min=3.480e+02, nu_max=8.256e+02, nu_mean=3.803e+02, nu_std=2.849e+01
    nu_p05=3.503e+02, nu_p50=3.705e+02, nu_p95=4.390e+02, nu_p99=4.917e+02, interior_frac=0.000
[Frame 1087] mode=DIR  iters=   5000, x_range=1.569e-09, y_range=8.967e-10
    nu_min=3.481e+02, nu_max=9.057e+02, nu_mean=3.807e+02, nu_std=2.858e+01
    nu_p05=3.505e+02, nu_p50=3.707e+02, nu_p95=4.393e+02, nu_p99=4.922e+02, interior_frac=0.000
[Frame 1088] mode=DIR  iters=   5000, x_range=1.538e-09, y_range=8.791e-10
    nu_min=3.482e+02, nu_max=9.724e+02, nu_mean=3.810e+02, nu_std=2.863e+01
    nu_p05=3.507e+02, nu_p50=3.708e+02, nu_p95=4.398e+02, nu_p99=4.929e+02, interior_frac=0.000
[Frame 1089] mode=DIR  iters=   5000, x_range=1.508e-09, y_range=8.619e-10
    nu_min=3.483e+02, nu_max=8.045e+02, nu_mean=3.814e+02, nu_std=2.871e+01
    nu_p05=3.509e+02, nu_p50=3.709e+02, nu_p95=4.403e+02, nu_p99=4.934e+02, interior_frac=0.000
[Frame 1090] mode=DIR  iters=   5000, x_range=1.479e-09, y_range=8.450e-10
    nu_min=3.484e+02, nu_max=9.567e+02, nu_mean=3.818e+02, nu_std=2.877e+01
    nu_p05=3.511e+02, nu_p50=3.710e+02, nu_p95=4.408e+02, nu_p99=4.943e+02, interior_frac=0.000
[Frame 1091] mode=DIR  iters=   5000, x_range=1.450e-09, y_range=8.284e-10
    nu_min=3.486e+02, nu_max=9.028e+02, nu_mean=3.821e+02, nu_std=2.870e+01
    nu_p05=3.514e+02, nu_p50=3.711e+02, nu_p95=4.409e+02, nu_p99=4.941e+02, interior_frac=0.000
[Frame 1092] mode=DIR  iters=   5000, x_range=1.421e-09, y_range=8.122e-10
    nu_min=3.487e+02, nu_max=8.042e+02, nu_mean=3.823e+02, nu_std=2.861e+01
    nu_p05=3.517e+02, nu_p50=3.713e+02, nu_p95=4.409e+02, nu_p99=4.939e+02, interior_frac=0.000
[Frame 1093] mode=DIR  iters=   5000, x_range=1.393e-09, y_range=7.962e-10
    nu_min=3.488e+02, nu_max=8.712e+02, nu_mean=3.826e+02, nu_std=2.866e+01
    nu_p05=3.520e+02, nu_p50=3.713e+02, nu_p95=4.413e+02, nu_p99=4.942e+02, interior_frac=0.000
[Frame 1094] mode=DIR  iters=   5000, x_range=1.366e-09, y_range=7.806e-10
    nu_min=3.488e+02, nu_max=8.523e+02, nu_mean=3.829e+02, nu_std=2.868e+01
    nu_p05=3.525e+02, nu_p50=3.714e+02, nu_p95=4.417e+02, nu_p99=4.944e+02, interior_frac=0.000
[Frame 1095] mode=DIR  iters=   5000, x_range=1.339e-09, y_range=7.653e-10
    nu_min=3.489e+02, nu_max=9.390e+02, nu_mean=3.832e+02, nu_std=2.873e+01
    nu_p05=3.530e+02, nu_p50=3.715e+02, nu_p95=4.420e+02, nu_p99=4.951e+02, interior_frac=0.000
[Frame 1096] mode=DIR  iters=   5000, x_range=1.313e-09, y_range=7.503e-10
    nu_min=3.490e+02, nu_max=8.257e+02, nu_mean=3.834e+02, nu_std=2.866e+01
    nu_p05=3.538e+02, nu_p50=3.716e+02, nu_p95=4.422e+02, nu_p99=4.948e+02, interior_frac=0.000
[Frame 1097] mode=DIR  iters=   5000, x_range=1.287e-09, y_range=7.356e-10
    nu_min=3.491e+02, nu_max=8.737e+02, nu_mean=3.837e+02, nu_std=2.867e+01
    nu_p05=3.547e+02, nu_p50=3.717e+02, nu_p95=4.426e+02, nu_p99=4.955e+02, interior_frac=0.000
[Frame 1098] mode=DIR  iters=   5000, x_range=1.262e-09, y_range=7.212e-10
    nu_min=3.492e+02, nu_max=8.831e+02, nu_mean=3.840e+02, nu_std=2.871e+01
    nu_p05=3.557e+02, nu_p50=3.718e+02, nu_p95=4.429e+02, nu_p99=4.958e+02, interior_frac=0.000
[Frame 1099] mode=DIR  iters=   5000, x_range=1.237e-09, y_range=7.070e-10
    nu_min=3.493e+02, nu_max=8.109e+02, nu_mean=3.843e+02, nu_std=2.868e+01
    nu_p05=3.570e+02, nu_p50=3.719e+02, nu_p95=4.432e+02, nu_p99=4.961e+02, interior_frac=0.000
[Frame 1100] mode=DIR  iters=   5000, x_range=1.213e-09, y_range=6.932e-10
    nu_min=3.495e+02, nu_max=8.149e+02, nu_mean=3.845e+02, nu_std=2.863e+01
    nu_p05=3.589e+02, nu_p50=3.720e+02, nu_p95=4.435e+02, nu_p99=4.963e+02, interior_frac=0.000
[Frame 1101] mode=DIR  iters=   5000, x_range=1.189e-09, y_range=6.796e-10
    nu_min=3.496e+02, nu_max=8.349e+02, nu_mean=3.847e+02, nu_std=2.851e+01
    nu_p05=3.615e+02, nu_p50=3.720e+02, nu_p95=4.433e+02, nu_p99=4.968e+02, interior_frac=0.000
[Frame 1102] mode=DIR  iters=   5000, x_range=1.166e-09, y_range=6.663e-10
    nu_min=3.497e+02, nu_max=8.244e+02, nu_mean=3.848e+02, nu_std=2.837e+01
    nu_p05=3.643e+02, nu_p50=3.722e+02, nu_p95=4.431e+02, nu_p99=4.965e+02, interior_frac=0.000
[Frame 1103] mode=DIR  iters=   5000, x_range=1.143e-09, y_range=6.532e-10
    nu_min=3.498e+02, nu_max=8.826e+02, nu_mean=3.849e+02, nu_std=2.820e+01
    nu_p05=3.663e+02, nu_p50=3.723e+02, nu_p95=4.429e+02, nu_p99=4.960e+02, interior_frac=0.000
[Frame 1104] mode=DIR  iters=   5000, x_range=1.121e-09, y_range=6.404e-10
    nu_min=3.500e+02, nu_max=8.489e+02, nu_mean=3.850e+02, nu_std=2.796e+01
    nu_p05=3.676e+02, nu_p50=3.723e+02, nu_p95=4.428e+02, nu_p99=4.954e+02, interior_frac=0.000
[Frame 1105] mode=DIR  iters=   5000, x_range=1.099e-09, y_range=6.278e-10
    nu_min=3.504e+02, nu_max=9.262e+02, nu_mean=3.850e+02, nu_std=2.774e+01
    nu_p05=3.684e+02, nu_p50=3.724e+02, nu_p95=4.425e+02, nu_p99=4.947e+02, interior_frac=0.000
[Frame 1106] mode=DIR  iters=   5000, x_range=1.077e-09, y_range=6.155e-10
    nu_min=3.506e+02, nu_max=7.879e+02, nu_mean=3.851e+02, nu_std=2.762e+01
    nu_p05=3.687e+02, nu_p50=3.724e+02, nu_p95=4.425e+02, nu_p99=4.946e+02, interior_frac=0.000
[Frame 1107] mode=DIR  iters=   5000, x_range=1.056e-09, y_range=6.034e-10
    nu_min=3.509e+02, nu_max=9.086e+02, nu_mean=3.852e+02, nu_std=2.754e+01
    nu_p05=3.688e+02, nu_p50=3.725e+02, nu_p95=4.423e+02, nu_p99=4.947e+02, interior_frac=0.000
[Frame 1108] mode=DIR  iters=   5000, x_range=1.035e-09, y_range=5.916e-10
    nu_min=3.516e+02, nu_max=8.455e+02, nu_mean=3.852e+02, nu_std=2.732e+01
    nu_p05=3.689e+02, nu_p50=3.725e+02, nu_p95=4.419e+02, nu_p99=4.942e+02, interior_frac=0.000
[Frame 1109] mode=DIR  iters=   5000, x_range=1.015e-09, y_range=5.800e-10
    nu_min=3.523e+02, nu_max=8.426e+02, nu_mean=3.852e+02, nu_std=2.724e+01
    nu_p05=3.689e+02, nu_p50=3.726e+02, nu_p95=4.417e+02, nu_p99=4.944e+02, interior_frac=0.000
[Frame 1110] mode=DIR  iters=   5000, x_range=9.951e-10, y_range=5.686e-10
    nu_min=3.533e+02, nu_max=8.072e+02, nu_mean=3.852e+02, nu_std=2.711e+01
    nu_p05=3.690e+02, nu_p50=3.726e+02, nu_p95=4.415e+02, nu_p99=4.940e+02, interior_frac=0.000
[Frame 1111] mode=DIR  iters=   5000, x_range=9.756e-10, y_range=5.575e-10
    nu_min=3.553e+02, nu_max=8.024e+02, nu_mean=3.853e+02, nu_std=2.712e+01
    nu_p05=3.691e+02, nu_p50=3.726e+02, nu_p95=4.416e+02, nu_p99=4.942e+02, interior_frac=0.000
[Frame 1112] mode=DIR  iters=   5000, x_range=9.565e-10, y_range=5.466e-10
    nu_min=3.566e+02, nu_max=8.499e+02, nu_mean=3.853e+02, nu_std=2.712e+01
    nu_p05=3.691e+02, nu_p50=3.726e+02, nu_p95=4.416e+02, nu_p99=4.943e+02, interior_frac=0.000
[Frame 1113] mode=DIR  iters=   5000, x_range=9.377e-10, y_range=5.358e-10
    nu_min=3.577e+02, nu_max=8.120e+02, nu_mean=3.853e+02, nu_std=2.714e+01
    nu_p05=3.692e+02, nu_p50=3.726e+02, nu_p95=4.417e+02, nu_p99=4.944e+02, interior_frac=0.000
[Frame 1114] mode=DIR  iters=   5000, x_range=9.193e-10, y_range=5.253e-10
    nu_min=3.592e+02, nu_max=8.312e+02, nu_mean=3.853e+02, nu_std=2.715e+01
    nu_p05=3.692e+02, nu_p50=3.726e+02, nu_p95=4.419e+02, nu_p99=4.944e+02, interior_frac=0.000
[Frame 1115] mode=DIR  iters=   5000, x_range=9.013e-10, y_range=5.150e-10
    nu_min=3.612e+02, nu_max=7.699e+02, nu_mean=3.854e+02, nu_std=2.725e+01
    nu_p05=3.693e+02, nu_p50=3.726e+02, nu_p95=4.421e+02, nu_p99=4.951e+02, interior_frac=0.000
[Frame 1116] mode=DIR  iters=   5000, x_range=8.836e-10, y_range=5.049e-10
    nu_min=3.644e+02, nu_max=8.679e+02, nu_mean=3.855e+02, nu_std=2.725e+01
    nu_p05=3.693e+02, nu_p50=3.726e+02, nu_p95=4.423e+02, nu_p99=4.948e+02, interior_frac=0.000
[Frame 1117] mode=DIR  iters=   5000, x_range=8.663e-10, y_range=4.950e-10
    nu_min=3.651e+02, nu_max=7.962e+02, nu_mean=3.856e+02, nu_std=2.737e+01
    nu_p05=3.694e+02, nu_p50=3.726e+02, nu_p95=4.426e+02, nu_p99=4.955e+02, interior_frac=0.000
[Frame 1118] mode=DIR  iters=   5000, x_range=8.493e-10, y_range=4.853e-10
    nu_min=3.655e+02, nu_max=8.663e+02, nu_mean=3.858e+02, nu_std=2.751e+01
    nu_p05=3.694e+02, nu_p50=3.726e+02, nu_p95=4.430e+02, nu_p99=4.959e+02, interior_frac=0.000
[Frame 1119] mode=DIR  iters=   5000, x_range=8.327e-10, y_range=4.758e-10
    nu_min=3.659e+02, nu_max=8.439e+02, nu_mean=3.860e+02, nu_std=2.766e+01
    nu_p05=3.695e+02, nu_p50=3.727e+02, nu_p95=4.435e+02, nu_p99=4.965e+02, interior_frac=0.000
[Frame 1120] mode=DIR  iters=   5000, x_range=8.163e-10, y_range=4.665e-10
    nu_min=3.664e+02, nu_max=8.552e+02, nu_mean=3.862e+02, nu_std=2.778e+01
    nu_p05=3.695e+02, nu_p50=3.727e+02, nu_p95=4.439e+02, nu_p99=4.970e+02, interior_frac=0.000
[Frame 1121] mode=DIR  iters=   5000, x_range=8.003e-10, y_range=4.573e-10
    nu_min=3.668e+02, nu_max=8.378e+02, nu_mean=3.864e+02, nu_std=2.782e+01
    nu_p05=3.696e+02, nu_p50=3.728e+02, nu_p95=4.442e+02, nu_p99=4.972e+02, interior_frac=0.000
[Frame 1122] mode=DIR  iters=   5000, x_range=7.846e-10, y_range=4.484e-10
    nu_min=3.670e+02, nu_max=7.992e+02, nu_mean=3.866e+02, nu_std=2.801e+01
    nu_p05=3.696e+02, nu_p50=3.729e+02, nu_p95=4.446e+02, nu_p99=4.979e+02, interior_frac=0.000
[Frame 1123] mode=DIR  iters=   5000, x_range=7.693e-10, y_range=4.396e-10
    nu_min=3.673e+02, nu_max=9.394e+02, nu_mean=3.868e+02, nu_std=2.812e+01
    nu_p05=3.696e+02, nu_p50=3.729e+02, nu_p95=4.449e+02, nu_p99=4.986e+02, interior_frac=0.000
[Frame 1124] mode=DIR  iters=   5000, x_range=7.542e-10, y_range=4.310e-10
    nu_min=3.675e+02, nu_max=8.060e+02, nu_mean=3.871e+02, nu_std=2.826e+01
    nu_p05=3.697e+02, nu_p50=3.730e+02, nu_p95=4.455e+02, nu_p99=4.990e+02, interior_frac=0.000
[Frame 1125] mode=DIR  iters=   5000, x_range=7.394e-10, y_range=4.225e-10
    nu_min=3.677e+02, nu_max=8.677e+02, nu_mean=3.873e+02, nu_std=2.850e+01
    nu_p05=3.697e+02, nu_p50=3.731e+02, nu_p95=4.461e+02, nu_p99=5.000e+02, interior_frac=0.000
[Frame 1126] mode=DIR  iters=   5000, x_range=7.249e-10, y_range=4.142e-10
    nu_min=3.680e+02, nu_max=8.108e+02, nu_mean=3.876e+02, nu_std=2.862e+01
    nu_p05=3.698e+02, nu_p50=3.732e+02, nu_p95=4.467e+02, nu_p99=5.005e+02, interior_frac=0.000
[Frame 1127] mode=DIR  iters=   5000, x_range=7.107e-10, y_range=4.061e-10
    nu_min=3.683e+02, nu_max=8.833e+02, nu_mean=3.877e+02, nu_std=2.871e+01
    nu_p05=3.698e+02, nu_p50=3.733e+02, nu_p95=4.469e+02, nu_p99=5.008e+02, interior_frac=0.000
[Frame 1128] mode=DIR  iters=   5000, x_range=6.967e-10, y_range=3.981e-10
    nu_min=3.686e+02, nu_max=8.377e+02, nu_mean=3.879e+02, nu_std=2.876e+01
    nu_p05=3.698e+02, nu_p50=3.734e+02, nu_p95=4.471e+02, nu_p99=5.010e+02, interior_frac=0.000
[Frame 1129] mode=DIR  iters=   5000, x_range=6.831e-10, y_range=3.903e-10
    nu_min=3.688e+02, nu_max=8.500e+02, nu_mean=3.880e+02, nu_std=2.874e+01
    nu_p05=3.699e+02, nu_p50=3.735e+02, nu_p95=4.473e+02, nu_p99=5.012e+02, interior_frac=0.000
[Frame 1130] mode=DIR  iters=   5000, x_range=6.697e-10, y_range=3.827e-10
    nu_min=3.689e+02, nu_max=9.206e+02, nu_mean=3.881e+02, nu_std=2.875e+01
    nu_p05=3.699e+02, nu_p50=3.736e+02, nu_p95=4.474e+02, nu_p99=5.012e+02, interior_frac=0.000
[Frame 1131] mode=DIR  iters=   5000, x_range=6.566e-10, y_range=3.752e-10
    nu_min=3.691e+02, nu_max=8.229e+02, nu_mean=3.882e+02, nu_std=2.881e+01
    nu_p05=3.699e+02, nu_p50=3.736e+02, nu_p95=4.475e+02, nu_p99=5.016e+02, interior_frac=0.000
[Frame 1132] mode=DIR  iters=   5000, x_range=6.437e-10, y_range=3.678e-10
    nu_min=3.692e+02, nu_max=8.717e+02, nu_mean=3.884e+02, nu_std=2.887e+01
    nu_p05=3.700e+02, nu_p50=3.737e+02, nu_p95=4.475e+02, nu_p99=5.023e+02, interior_frac=0.000
[Frame 1133] mode=DIR  iters=   5000, x_range=6.311e-10, y_range=3.606e-10
    nu_min=3.693e+02, nu_max=8.326e+02, nu_mean=3.885e+02, nu_std=2.890e+01
    nu_p05=3.701e+02, nu_p50=3.738e+02, nu_p95=4.475e+02, nu_p99=5.026e+02, interior_frac=0.000
[Frame 1134] mode=DIR  iters=   5000, x_range=6.187e-10, y_range=3.535e-10
    nu_min=3.694e+02, nu_max=8.690e+02, nu_mean=3.886e+02, nu_std=2.886e+01
    nu_p05=3.702e+02, nu_p50=3.739e+02, nu_p95=4.475e+02, nu_p99=5.024e+02, interior_frac=0.000
[Frame 1135] mode=DIR  iters=   5000, x_range=6.066e-10, y_range=3.466e-10
    nu_min=3.696e+02, nu_max=8.056e+02, nu_mean=3.887e+02, nu_std=2.876e+01
    nu_p05=3.703e+02, nu_p50=3.740e+02, nu_p95=4.472e+02, nu_p99=5.016e+02, interior_frac=0.000
[Frame 1136] mode=DIR  iters=   5000, x_range=5.947e-10, y_range=3.398e-10
    nu_min=3.697e+02, nu_max=8.307e+02, nu_mean=3.888e+02, nu_std=2.864e+01
    nu_p05=3.703e+02, nu_p50=3.741e+02, nu_p95=4.470e+02, nu_p99=5.007e+02, interior_frac=0.000
[Frame 1137] mode=DIR  iters=   5000, x_range=5.830e-10, y_range=3.331e-10
    nu_min=3.698e+02, nu_max=8.260e+02, nu_mean=3.889e+02, nu_std=2.855e+01
    nu_p05=3.704e+02, nu_p50=3.742e+02, nu_p95=4.471e+02, nu_p99=5.003e+02, interior_frac=0.000
[Frame 1138] mode=DIR  iters=   5000, x_range=5.716e-10, y_range=3.266e-10
    nu_min=3.698e+02, nu_max=7.979e+02, nu_mean=3.890e+02, nu_std=2.845e+01
    nu_p05=3.704e+02, nu_p50=3.743e+02, nu_p95=4.472e+02, nu_p99=4.996e+02, interior_frac=0.000
[Frame 1139] mode=DIR  iters=   5000, x_range=5.604e-10, y_range=3.202e-10
    nu_min=3.699e+02, nu_max=9.643e+02, nu_mean=3.890e+02, nu_std=2.842e+01
    nu_p05=3.705e+02, nu_p50=3.744e+02, nu_p95=4.473e+02, nu_p99=4.989e+02, interior_frac=0.000
[Frame 1140] mode=DIR  iters=   5000, x_range=5.494e-10, y_range=3.139e-10
    nu_min=3.700e+02, nu_max=8.972e+02, nu_mean=3.891e+02, nu_std=2.835e+01
    nu_p05=3.705e+02, nu_p50=3.745e+02, nu_p95=4.472e+02, nu_p99=4.984e+02, interior_frac=0.000
[Frame 1141] mode=DIR  iters=   5000, x_range=5.386e-10, y_range=3.078e-10
    nu_min=3.700e+02, nu_max=8.034e+02, nu_mean=3.892e+02, nu_std=2.829e+01
    nu_p05=3.706e+02, nu_p50=3.746e+02, nu_p95=4.470e+02, nu_p99=4.986e+02, interior_frac=0.000
[Frame 1142] mode=DIR  iters=   5000, x_range=5.280e-10, y_range=3.017e-10
    nu_min=3.702e+02, nu_max=7.936e+02, nu_mean=3.892e+02, nu_std=2.821e+01
    nu_p05=3.706e+02, nu_p50=3.748e+02, nu_p95=4.467e+02, nu_p99=4.984e+02, interior_frac=0.000
[Frame 1143] mode=DIR  iters=   5000, x_range=5.177e-10, y_range=2.958e-10
    nu_min=3.703e+02, nu_max=8.389e+02, nu_mean=3.893e+02, nu_std=2.820e+01
    nu_p05=3.707e+02, nu_p50=3.749e+02, nu_p95=4.465e+02, nu_p99=4.986e+02, interior_frac=0.000
[Frame 1144] mode=DIR  iters=   5000, x_range=5.075e-10, y_range=2.900e-10
    nu_min=3.703e+02, nu_max=8.518e+02, nu_mean=3.895e+02, nu_std=2.820e+01
    nu_p05=3.707e+02, nu_p50=3.750e+02, nu_p95=4.464e+02, nu_p99=4.989e+02, interior_frac=0.000
[Frame 1145] mode=DIR  iters=   5000, x_range=4.976e-10, y_range=2.843e-10
    nu_min=3.703e+02, nu_max=8.672e+02, nu_mean=3.896e+02, nu_std=2.815e+01
    nu_p05=3.707e+02, nu_p50=3.751e+02, nu_p95=4.463e+02, nu_p99=4.989e+02, interior_frac=0.000
[Frame 1146] mode=DIR  iters=   5000, x_range=4.878e-10, y_range=2.788e-10
    nu_min=3.704e+02, nu_max=8.732e+02, nu_mean=3.897e+02, nu_std=2.809e+01
    nu_p05=3.708e+02, nu_p50=3.752e+02, nu_p95=4.463e+02, nu_p99=4.989e+02, interior_frac=0.000
[Frame 1147] mode=DIR  iters=   5000, x_range=4.783e-10, y_range=2.733e-10
    nu_min=3.704e+02, nu_max=8.533e+02, nu_mean=3.898e+02, nu_std=2.809e+01
    nu_p05=3.708e+02, nu_p50=3.754e+02, nu_p95=4.464e+02, nu_p99=4.992e+02, interior_frac=0.000
[Frame 1148] mode=DIR  iters=   5000, x_range=4.689e-10, y_range=2.679e-10
    nu_min=3.704e+02, nu_max=8.934e+02, nu_mean=3.899e+02, nu_std=2.807e+01
    nu_p05=3.709e+02, nu_p50=3.755e+02, nu_p95=4.465e+02, nu_p99=4.989e+02, interior_frac=0.000
[Frame 1149] mode=DIR  iters=   5000, x_range=4.597e-10, y_range=2.627e-10
    nu_min=3.705e+02, nu_max=9.835e+02, nu_mean=3.900e+02, nu_std=2.804e+01
    nu_p05=3.709e+02, nu_p50=3.757e+02, nu_p95=4.465e+02, nu_p99=4.986e+02, interior_frac=0.000
[Frame 1150] mode=DIR  iters=   5000, x_range=4.507e-10, y_range=2.575e-10
    nu_min=3.705e+02, nu_max=8.729e+02, nu_mean=3.901e+02, nu_std=2.789e+01
    nu_p05=3.709e+02, nu_p50=3.758e+02, nu_p95=4.463e+02, nu_p99=4.980e+02, interior_frac=0.000
[Frame 1151] mode=DIR  iters=   5000, x_range=4.418e-10, y_range=2.525e-10
    nu_min=3.705e+02, nu_max=9.928e+02, nu_mean=3.902e+02, nu_std=2.782e+01
    nu_p05=3.710e+02, nu_p50=3.759e+02, nu_p95=4.460e+02, nu_p99=4.978e+02, interior_frac=0.000
[Frame 1152] mode=DIR  iters=   5000, x_range=4.332e-10, y_range=2.475e-10
    nu_min=3.706e+02, nu_max=8.692e+02, nu_mean=3.904e+02, nu_std=2.779e+01
    nu_p05=3.710e+02, nu_p50=3.761e+02, nu_p95=4.459e+02, nu_p99=4.978e+02, interior_frac=0.000
[Frame 1153] mode=DIR  iters=   5000, x_range=4.247e-10, y_range=2.427e-10
    nu_min=3.706e+02, nu_max=8.883e+02, nu_mean=3.906e+02, nu_std=2.783e+01
    nu_p05=3.710e+02, nu_p50=3.763e+02, nu_p95=4.461e+02, nu_p99=4.981e+02, interior_frac=0.000
[Frame 1154] mode=DIR  iters=   5000, x_range=4.164e-10, y_range=2.379e-10
    nu_min=3.707e+02, nu_max=7.666e+02, nu_mean=3.908e+02, nu_std=2.793e+01
    nu_p05=3.711e+02, nu_p50=3.765e+02, nu_p95=4.466e+02, nu_p99=4.983e+02, interior_frac=0.000
[Frame 1155] mode=DIR  iters=   5000, x_range=4.082e-10, y_range=2.333e-10
    nu_min=3.707e+02, nu_max=8.986e+02, nu_mean=3.910e+02, nu_std=2.805e+01
    nu_p05=3.711e+02, nu_p50=3.767e+02, nu_p95=4.469e+02, nu_p99=4.988e+02, interior_frac=0.000
[Frame 1156] mode=DIR  iters=   5000, x_range=4.002e-10, y_range=2.287e-10
    nu_min=3.707e+02, nu_max=7.837e+02, nu_mean=3.912e+02, nu_std=2.821e+01
    nu_p05=3.712e+02, nu_p50=3.769e+02, nu_p95=4.474e+02, nu_p99=4.999e+02, interior_frac=0.000
[Frame 1157] mode=DIR  iters=   5000, x_range=3.923e-10, y_range=2.242e-10
    nu_min=3.708e+02, nu_max=8.483e+02, nu_mean=3.915e+02, nu_std=2.831e+01
    nu_p05=3.712e+02, nu_p50=3.772e+02, nu_p95=4.479e+02, nu_p99=5.001e+02, interior_frac=0.000
[Frame 1158] mode=DIR  iters=   5000, x_range=3.847e-10, y_range=2.198e-10
    nu_min=3.708e+02, nu_max=8.264e+02, nu_mean=3.918e+02, nu_std=2.853e+01
    nu_p05=3.713e+02, nu_p50=3.774e+02, nu_p95=4.485e+02, nu_p99=5.013e+02, interior_frac=0.000
[Frame 1159] mode=DIR  iters=   5000, x_range=3.771e-10, y_range=2.155e-10
    nu_min=3.708e+02, nu_max=8.846e+02, nu_mean=3.920e+02, nu_std=2.869e+01
    nu_p05=3.713e+02, nu_p50=3.777e+02, nu_p95=4.490e+02, nu_p99=5.017e+02, interior_frac=0.000
[Frame 1160] mode=DIR  iters=   5000, x_range=3.697e-10, y_range=2.113e-10
    nu_min=3.709e+02, nu_max=8.487e+02, nu_mean=3.924e+02, nu_std=2.884e+01
    nu_p05=3.714e+02, nu_p50=3.780e+02, nu_p95=4.495e+02, nu_p99=5.022e+02, interior_frac=0.000
[Frame 1161] mode=DIR  iters=   5000, x_range=3.625e-10, y_range=2.071e-10
    nu_min=3.709e+02, nu_max=7.844e+02, nu_mean=3.927e+02, nu_std=2.901e+01
    nu_p05=3.714e+02, nu_p50=3.784e+02, nu_p95=4.501e+02, nu_p99=5.031e+02, interior_frac=0.000
[Frame 1162] mode=DIR  iters=   5000, x_range=3.554e-10, y_range=2.031e-10
    nu_min=3.709e+02, nu_max=8.445e+02, nu_mean=3.929e+02, nu_std=2.909e+01
    nu_p05=3.715e+02, nu_p50=3.788e+02, nu_p95=4.504e+02, nu_p99=5.037e+02, interior_frac=0.000
[Frame 1163] mode=DIR  iters=   5000, x_range=3.484e-10, y_range=1.991e-10
    nu_min=3.710e+02, nu_max=9.069e+02, nu_mean=3.932e+02, nu_std=2.907e+01
    nu_p05=3.715e+02, nu_p50=3.793e+02, nu_p95=4.505e+02, nu_p99=5.033e+02, interior_frac=0.000
[Frame 1164] mode=DIR  iters=   5000, x_range=3.416e-10, y_range=1.952e-10
    nu_min=3.711e+02, nu_max=8.978e+02, nu_mean=3.935e+02, nu_std=2.913e+01
    nu_p05=3.716e+02, nu_p50=3.799e+02, nu_p95=4.508e+02, nu_p99=5.037e+02, interior_frac=0.000
[Frame 1165] mode=DIR  iters=   5000, x_range=3.349e-10, y_range=1.914e-10
    nu_min=3.712e+02, nu_max=8.793e+02, nu_mean=3.938e+02, nu_std=2.928e+01
    nu_p05=3.716e+02, nu_p50=3.805e+02, nu_p95=4.515e+02, nu_p99=5.041e+02, interior_frac=0.000
[Frame 1166] mode=DIR  iters=   5000, x_range=3.283e-10, y_range=1.876e-10
    nu_min=3.712e+02, nu_max=8.735e+02, nu_mean=3.942e+02, nu_std=2.951e+01
    nu_p05=3.716e+02, nu_p50=3.813e+02, nu_p95=4.521e+02, nu_p99=5.052e+02, interior_frac=0.000
[Frame 1167] mode=DIR  iters=   5000, x_range=3.219e-10, y_range=1.839e-10
    nu_min=3.713e+02, nu_max=8.615e+02, nu_mean=3.946e+02, nu_std=2.967e+01
    nu_p05=3.717e+02, nu_p50=3.825e+02, nu_p95=4.529e+02, nu_p99=5.058e+02, interior_frac=0.000
[Frame 1168] mode=DIR  iters=   5000, x_range=3.155e-10, y_range=1.803e-10
    nu_min=3.713e+02, nu_max=8.628e+02, nu_mean=3.950e+02, nu_std=2.994e+01
    nu_p05=3.717e+02, nu_p50=3.841e+02, nu_p95=4.538e+02, nu_p99=5.070e+02, interior_frac=0.000
[Frame 1169] mode=DIR  iters=   5000, x_range=3.094e-10, y_range=1.768e-10
    nu_min=3.714e+02, nu_max=8.510e+02, nu_mean=3.954e+02, nu_std=3.015e+01
    nu_p05=3.718e+02, nu_p50=3.862e+02, nu_p95=4.546e+02, nu_p99=5.072e+02, interior_frac=0.000
[Frame 1170] mode=DIR  iters=   5000, x_range=3.033e-10, y_range=1.733e-10
    nu_min=3.714e+02, nu_max=8.319e+02, nu_mean=3.957e+02, nu_std=3.041e+01
    nu_p05=3.718e+02, nu_p50=3.884e+02, nu_p95=4.553e+02, nu_p99=5.088e+02, interior_frac=0.000
[Frame 1171] mode=DIR  iters=   5000, x_range=2.973e-10, y_range=1.699e-10
    nu_min=3.715e+02, nu_max=8.779e+02, nu_mean=3.960e+02, nu_std=3.051e+01
    nu_p05=3.719e+02, nu_p50=3.899e+02, nu_p95=4.559e+02, nu_p99=5.091e+02, interior_frac=0.000
[Frame 1172] mode=DIR  iters=   5000, x_range=2.915e-10, y_range=1.666e-10
    nu_min=3.715e+02, nu_max=8.627e+02, nu_mean=3.964e+02, nu_std=3.073e+01
    nu_p05=3.719e+02, nu_p50=3.909e+02, nu_p95=4.567e+02, nu_p99=5.098e+02, interior_frac=0.000
[Frame 1173] mode=DIR  iters=   5000, x_range=2.858e-10, y_range=1.633e-10
    nu_min=3.715e+02, nu_max=8.474e+02, nu_mean=3.967e+02, nu_std=3.090e+01
    nu_p05=3.719e+02, nu_p50=3.916e+02, nu_p95=4.574e+02, nu_p99=5.105e+02, interior_frac=0.000
[Frame 1174] mode=DIR  iters=   5000, x_range=2.802e-10, y_range=1.601e-10
    nu_min=3.716e+02, nu_max=8.269e+02, nu_mean=3.970e+02, nu_std=3.107e+01
    nu_p05=3.720e+02, nu_p50=3.920e+02, nu_p95=4.582e+02, nu_p99=5.111e+02, interior_frac=0.000
[Frame 1175] mode=DIR  iters=   5000, x_range=2.747e-10, y_range=1.570e-10
    nu_min=3.716e+02, nu_max=8.687e+02, nu_mean=3.973e+02, nu_std=3.126e+01
    nu_p05=3.720e+02, nu_p50=3.924e+02, nu_p95=4.589e+02, nu_p99=5.119e+02, interior_frac=0.000
[Frame 1176] mode=DIR  iters=   5000, x_range=2.693e-10, y_range=1.539e-10
    nu_min=3.717e+02, nu_max=8.645e+02, nu_mean=3.975e+02, nu_std=3.145e+01
    nu_p05=3.720e+02, nu_p50=3.927e+02, nu_p95=4.595e+02, nu_p99=5.127e+02, interior_frac=0.000
[Frame 1177] mode=DIR  iters=   5000, x_range=2.640e-10, y_range=1.509e-10
    nu_min=3.717e+02, nu_max=8.173e+02, nu_mean=3.977e+02, nu_std=3.151e+01
    nu_p05=3.721e+02, nu_p50=3.929e+02, nu_p95=4.599e+02, nu_p99=5.129e+02, interior_frac=0.000
[Frame 1178] mode=DIR  iters=   5000, x_range=2.589e-10, y_range=1.479e-10
    nu_min=3.718e+02, nu_max=8.510e+02, nu_mean=3.979e+02, nu_std=3.161e+01
    nu_p05=3.721e+02, nu_p50=3.931e+02, nu_p95=4.604e+02, nu_p99=5.130e+02, interior_frac=0.000
[Frame 1179] mode=DIR  iters=   5000, x_range=2.538e-10, y_range=1.450e-10
    nu_min=3.718e+02, nu_max=8.976e+02, nu_mean=3.981e+02, nu_std=3.172e+01
    nu_p05=3.721e+02, nu_p50=3.933e+02, nu_p95=4.609e+02, nu_p99=5.136e+02, interior_frac=0.000
[Frame 1180] mode=DIR  iters=   5000, x_range=2.488e-10, y_range=1.422e-10
    nu_min=3.718e+02, nu_max=1.019e+03, nu_mean=3.983e+02, nu_std=3.172e+01
    nu_p05=3.722e+02, nu_p50=3.935e+02, nu_p95=4.613e+02, nu_p99=5.140e+02, interior_frac=0.000
[Frame 1181] mode=DIR  iters=   5000, x_range=2.439e-10, y_range=1.394e-10
    nu_min=3.718e+02, nu_max=9.208e+02, nu_mean=3.983e+02, nu_std=3.165e+01
    nu_p05=3.722e+02, nu_p50=3.937e+02, nu_p95=4.613e+02, nu_p99=5.137e+02, interior_frac=0.000
[Frame 1182] mode=DIR  iters=   5000, x_range=2.391e-10, y_range=1.367e-10
    nu_min=3.719e+02, nu_max=8.614e+02, nu_mean=3.984e+02, nu_std=3.153e+01
    nu_p05=3.723e+02, nu_p50=3.938e+02, nu_p95=4.610e+02, nu_p99=5.139e+02, interior_frac=0.000
[Frame 1183] mode=DIR  iters=   5000, x_range=2.345e-10, y_range=1.340e-10
    nu_min=3.719e+02, nu_max=8.792e+02, nu_mean=3.984e+02, nu_std=3.142e+01
    nu_p05=3.723e+02, nu_p50=3.939e+02, nu_p95=4.606e+02, nu_p99=5.135e+02, interior_frac=0.000
[Frame 1184] mode=DIR  iters=   5000, x_range=2.299e-10, y_range=1.313e-10
    nu_min=3.719e+02, nu_max=9.173e+02, nu_mean=3.983e+02, nu_std=3.106e+01
    nu_p05=3.723e+02, nu_p50=3.940e+02, nu_p95=4.597e+02, nu_p99=5.119e+02, interior_frac=0.000
[Frame 1185] mode=DIR  iters=   5000, x_range=2.254e-10, y_range=1.288e-10
    nu_min=3.720e+02, nu_max=8.501e+02, nu_mean=3.983e+02, nu_std=3.076e+01
    nu_p05=3.724e+02, nu_p50=3.941e+02, nu_p95=4.588e+02, nu_p99=5.105e+02, interior_frac=0.000
[Frame 1186] mode=DIR  iters=   5000, x_range=2.209e-10, y_range=1.262e-10
    nu_min=3.720e+02, nu_max=1.077e+03, nu_mean=3.983e+02, nu_std=3.062e+01
    nu_p05=3.724e+02, nu_p50=3.942e+02, nu_p95=4.581e+02, nu_p99=5.103e+02, interior_frac=0.000
[Frame 1187] mode=DIR  iters=   5000, x_range=2.166e-10, y_range=1.238e-10
    nu_min=3.721e+02, nu_max=8.269e+02, nu_mean=3.982e+02, nu_std=3.039e+01
    nu_p05=3.725e+02, nu_p50=3.943e+02, nu_p95=4.570e+02, nu_p99=5.096e+02, interior_frac=0.000
[Frame 1188] mode=DIR  iters=   5000, x_range=2.124e-10, y_range=1.213e-10
    nu_min=3.721e+02, nu_max=8.168e+02, nu_mean=3.982e+02, nu_std=3.018e+01
    nu_p05=3.725e+02, nu_p50=3.944e+02, nu_p95=4.565e+02, nu_p99=5.088e+02, interior_frac=0.000
[Frame 1189] mode=DIR  iters=   5000, x_range=2.082e-10, y_range=1.190e-10
    nu_min=3.721e+02, nu_max=8.877e+02, nu_mean=3.983e+02, nu_std=3.012e+01
    nu_p05=3.725e+02, nu_p50=3.944e+02, nu_p95=4.562e+02, nu_p99=5.093e+02, interior_frac=0.000
[Frame 1190] mode=DIR  iters=   5000, x_range=2.041e-10, y_range=1.166e-10
    nu_min=3.722e+02, nu_max=8.445e+02, nu_mean=3.982e+02, nu_std=2.993e+01
    nu_p05=3.726e+02, nu_p50=3.945e+02, nu_p95=4.557e+02, nu_p99=5.089e+02, interior_frac=0.000
[Frame 1191] mode=DIR  iters=   5000, x_range=2.001e-10, y_range=1.143e-10
    nu_min=3.722e+02, nu_max=8.567e+02, nu_mean=3.982e+02, nu_std=2.978e+01
    nu_p05=3.726e+02, nu_p50=3.946e+02, nu_p95=4.553e+02, nu_p99=5.083e+02, interior_frac=0.000
[Frame 1192] mode=DIR  iters=   5000, x_range=1.962e-10, y_range=1.121e-10
    nu_min=3.723e+02, nu_max=8.384e+02, nu_mean=3.983e+02, nu_std=2.963e+01
    nu_p05=3.727e+02, nu_p50=3.947e+02, nu_p95=4.549e+02, nu_p99=5.081e+02, interior_frac=0.000
[Frame 1193] mode=DIR  iters=   5000, x_range=1.923e-10, y_range=1.099e-10
    nu_min=3.723e+02, nu_max=7.895e+02, nu_mean=3.983e+02, nu_std=2.952e+01
    nu_p05=3.727e+02, nu_p50=3.947e+02, nu_p95=4.546e+02, nu_p99=5.081e+02, interior_frac=0.000
[Frame 1194] mode=DIR  iters=   5000, x_range=1.886e-10, y_range=1.078e-10
    nu_min=3.723e+02, nu_max=8.876e+02, nu_mean=3.983e+02, nu_std=2.942e+01
    nu_p05=3.727e+02, nu_p50=3.948e+02, nu_p95=4.544e+02, nu_p99=5.079e+02, interior_frac=0.000
[Frame 1195] mode=DIR  iters=   5000, x_range=1.849e-10, y_range=1.056e-10
    nu_min=3.724e+02, nu_max=7.857e+02, nu_mean=3.983e+02, nu_std=2.931e+01
    nu_p05=3.728e+02, nu_p50=3.948e+02, nu_p95=4.541e+02, nu_p99=5.077e+02, interior_frac=0.000
[Frame 1196] mode=DIR  iters=   5000, x_range=1.812e-10, y_range=1.036e-10
    nu_min=3.724e+02, nu_max=8.978e+02, nu_mean=3.984e+02, nu_std=2.917e+01
    nu_p05=3.728e+02, nu_p50=3.949e+02, nu_p95=4.538e+02, nu_p99=5.075e+02, interior_frac=0.000
[Frame 1197] mode=DIR  iters=   5000, x_range=1.777e-10, y_range=1.015e-10
    nu_min=3.725e+02, nu_max=8.345e+02, nu_mean=3.984e+02, nu_std=2.919e+01
    nu_p05=3.729e+02, nu_p50=3.949e+02, nu_p95=4.540e+02, nu_p99=5.080e+02, interior_frac=0.000
[Frame 1198] mode=DIR  iters=   5000, x_range=1.742e-10, y_range=9.955e-11
    nu_min=3.725e+02, nu_max=8.262e+02, nu_mean=3.985e+02, nu_std=2.919e+01
    nu_p05=3.729e+02, nu_p50=3.949e+02, nu_p95=4.543e+02, nu_p99=5.083e+02, interior_frac=0.000
[Frame 1199] mode=DIR  iters=   5000, x_range=1.708e-10, y_range=9.759e-11
    nu_min=3.725e+02, nu_max=8.744e+02, nu_mean=3.986e+02, nu_std=2.909e+01
    nu_p05=3.729e+02, nu_p50=3.950e+02, nu_p95=4.543e+02, nu_p99=5.079e+02, interior_frac=0.000
[Frame 1200] mode=DIR  iters=   5000, x_range=1.674e-10, y_range=9.568e-11
    nu_min=3.726e+02, nu_max=8.059e+02, nu_mean=3.986e+02, nu_std=2.896e+01
    nu_p05=3.730e+02, nu_p50=3.950e+02, nu_p95=4.542e+02, nu_p99=5.080e+02, interior_frac=0.000
[Frame 1201] mode=DIR  iters=   5000, x_range=1.642e-10, y_range=9.380e-11
    nu_min=3.726e+02, nu_max=8.667e+02, nu_mean=3.986e+02, nu_std=2.891e+01
    nu_p05=3.731e+02, nu_p50=3.952e+02, nu_p95=4.542e+02, nu_p99=5.084e+02, interior_frac=0.000
[Frame 1202] mode=DIR  iters=   5000, x_range=1.609e-10, y_range=9.197e-11
    nu_min=3.727e+02, nu_max=9.619e+02, nu_mean=3.986e+02, nu_std=2.878e+01
    nu_p05=3.732e+02, nu_p50=3.952e+02, nu_p95=4.539e+02, nu_p99=5.080e+02, interior_frac=0.000
[Frame 1203] mode=DIR  iters=   5000, x_range=1.578e-10, y_range=9.016e-11
    nu_min=3.727e+02, nu_max=8.294e+02, nu_mean=3.986e+02, nu_std=2.860e+01
    nu_p05=3.733e+02, nu_p50=3.953e+02, nu_p95=4.536e+02, nu_p99=5.079e+02, interior_frac=0.000
[Frame 1204] mode=DIR  iters=   5000, x_range=1.547e-10, y_range=8.839e-11
    nu_min=3.727e+02, nu_max=8.116e+02, nu_mean=3.986e+02, nu_std=2.850e+01
    nu_p05=3.733e+02, nu_p50=3.954e+02, nu_p95=4.535e+02, nu_p99=5.076e+02, interior_frac=0.000
[Frame 1205] mode=DIR  iters=   5000, x_range=1.517e-10, y_range=8.666e-11
    nu_min=3.728e+02, nu_max=8.707e+02, nu_mean=3.987e+02, nu_std=2.842e+01
    nu_p05=3.734e+02, nu_p50=3.954e+02, nu_p95=4.536e+02, nu_p99=5.074e+02, interior_frac=0.000
[Frame 1206] mode=DIR  iters=   5000, x_range=1.487e-10, y_range=8.496e-11
    nu_min=3.728e+02, nu_max=8.216e+02, nu_mean=3.987e+02, nu_std=2.836e+01
    nu_p05=3.734e+02, nu_p50=3.955e+02, nu_p95=4.536e+02, nu_p99=5.080e+02, interior_frac=0.000
[Frame 1207] mode=DIR  iters=   5000, x_range=1.458e-10, y_range=8.330e-11
    nu_min=3.728e+02, nu_max=8.327e+02, nu_mean=3.988e+02, nu_std=2.830e+01
    nu_p05=3.735e+02, nu_p50=3.955e+02, nu_p95=4.535e+02, nu_p99=5.080e+02, interior_frac=0.000
[Frame 1208] mode=DIR  iters=   5000, x_range=1.429e-10, y_range=8.166e-11
    nu_min=3.729e+02, nu_max=8.313e+02, nu_mean=3.988e+02, nu_std=2.806e+01
    nu_p05=3.735e+02, nu_p50=3.956e+02, nu_p95=4.531e+02, nu_p99=5.069e+02, interior_frac=0.000
[Frame 1209] mode=DIR  iters=   5000, x_range=1.401e-10, y_range=8.006e-11
    nu_min=3.729e+02, nu_max=8.487e+02, nu_mean=3.988e+02, nu_std=2.792e+01
    nu_p05=3.736e+02, nu_p50=3.956e+02, nu_p95=4.529e+02, nu_p99=5.064e+02, interior_frac=0.000
[Frame 1210] mode=DIR  iters=   5000, x_range=1.374e-10, y_range=7.849e-11
    nu_min=3.730e+02, nu_max=8.277e+02, nu_mean=3.989e+02, nu_std=2.785e+01
    nu_p05=3.737e+02, nu_p50=3.957e+02, nu_p95=4.529e+02, nu_p99=5.066e+02, interior_frac=0.000
[Frame 1211] mode=DIR  iters=   5000, x_range=1.347e-10, y_range=7.695e-11
    nu_min=3.732e+02, nu_max=8.243e+02, nu_mean=3.990e+02, nu_std=2.780e+01
    nu_p05=3.737e+02, nu_p50=3.957e+02, nu_p95=4.529e+02, nu_p99=5.068e+02, interior_frac=0.000
[Frame 1212] mode=DIR  iters=   5000, x_range=1.320e-10, y_range=7.544e-11
    nu_min=3.733e+02, nu_max=8.093e+02, nu_mean=3.991e+02, nu_std=2.768e+01
    nu_p05=3.738e+02, nu_p50=3.958e+02, nu_p95=4.529e+02, nu_p99=5.064e+02, interior_frac=0.000
[Frame 1213] mode=DIR  iters=   5000, x_range=1.294e-10, y_range=7.396e-11
    nu_min=3.734e+02, nu_max=8.684e+02, nu_mean=3.992e+02, nu_std=2.767e+01
    nu_p05=3.738e+02, nu_p50=3.959e+02, nu_p95=4.530e+02, nu_p99=5.067e+02, interior_frac=0.000
[Frame 1214] mode=DIR  iters=   5000, x_range=1.269e-10, y_range=7.251e-11
    nu_min=3.734e+02, nu_max=8.601e+02, nu_mean=3.993e+02, nu_std=2.764e+01
    nu_p05=3.739e+02, nu_p50=3.959e+02, nu_p95=4.531e+02, nu_p99=5.069e+02, interior_frac=0.000
[Frame 1215] mode=DIR  iters=   5000, x_range=1.244e-10, y_range=7.109e-11
    nu_min=3.735e+02, nu_max=9.070e+02, nu_mean=3.994e+02, nu_std=2.746e+01
    nu_p05=3.739e+02, nu_p50=3.959e+02, nu_p95=4.530e+02, nu_p99=5.067e+02, interior_frac=0.000
[Frame 1216] mode=DIR  iters=   5000, x_range=1.220e-10, y_range=6.970e-11
    nu_min=3.735e+02, nu_max=8.569e+02, nu_mean=3.995e+02, nu_std=2.745e+01
    nu_p05=3.740e+02, nu_p50=3.960e+02, nu_p95=4.531e+02, nu_p99=5.072e+02, interior_frac=0.000
[Frame 1217] mode=DIR  iters=   5000, x_range=1.196e-10, y_range=6.833e-11
    nu_min=3.736e+02, nu_max=8.270e+02, nu_mean=3.997e+02, nu_std=2.742e+01
    nu_p05=3.740e+02, nu_p50=3.960e+02, nu_p95=4.531e+02, nu_p99=5.070e+02, interior_frac=0.000
[Frame 1218] mode=DIR  iters=   5000, x_range=1.172e-10, y_range=6.699e-11
    nu_min=3.737e+02, nu_max=8.000e+02, nu_mean=3.999e+02, nu_std=2.749e+01
    nu_p05=3.741e+02, nu_p50=3.961e+02, nu_p95=4.535e+02, nu_p99=5.077e+02, interior_frac=0.000
[Frame 1219] mode=DIR  iters=   5000, x_range=1.149e-10, y_range=6.568e-11
    nu_min=3.737e+02, nu_max=8.475e+02, nu_mean=4.002e+02, nu_std=2.752e+01
    nu_p05=3.742e+02, nu_p50=3.961e+02, nu_p95=4.539e+02, nu_p99=5.077e+02, interior_frac=0.000
[Frame 1220] mode=DIR  iters=   5000, x_range=1.127e-10, y_range=6.439e-11
    nu_min=3.738e+02, nu_max=8.834e+02, nu_mean=4.004e+02, nu_std=2.762e+01
    nu_p05=3.743e+02, nu_p50=3.962e+02, nu_p95=4.544e+02, nu_p99=5.085e+02, interior_frac=0.000
[Frame 1221] mode=DIR  iters=   5000, x_range=1.105e-10, y_range=6.313e-11
    nu_min=3.739e+02, nu_max=8.489e+02, nu_mean=4.007e+02, nu_std=2.768e+01
    nu_p05=3.744e+02, nu_p50=3.962e+02, nu_p95=4.548e+02, nu_p99=5.088e+02, interior_frac=0.000
[Frame 1222] mode=DIR  iters=   5000, x_range=1.083e-10, y_range=6.189e-11
    nu_min=3.740e+02, nu_max=8.680e+02, nu_mean=4.010e+02, nu_std=2.780e+01
    nu_p05=3.744e+02, nu_p50=3.963e+02, nu_p95=4.554e+02, nu_p99=5.093e+02, interior_frac=0.000
[Frame 1223] mode=DIR  iters=   5000, x_range=1.062e-10, y_range=6.068e-11
    nu_min=3.740e+02, nu_max=9.982e+02, nu_mean=4.013e+02, nu_std=2.797e+01
    nu_p05=3.745e+02, nu_p50=3.963e+02, nu_p95=4.562e+02, nu_p99=5.101e+02, interior_frac=0.000
[Frame 1224] mode=DIR  iters=   5000, x_range=1.041e-10, y_range=5.949e-11
    nu_min=3.741e+02, nu_max=8.559e+02, nu_mean=4.017e+02, nu_std=2.814e+01
    nu_p05=3.746e+02, nu_p50=3.964e+02, nu_p95=4.570e+02, nu_p99=5.112e+02, interior_frac=0.000
[Frame 1225] mode=DIR  iters=   5000, x_range=1.021e-10, y_range=5.832e-11
    nu_min=3.741e+02, nu_max=8.597e+02, nu_mean=4.020e+02, nu_std=2.832e+01
    nu_p05=3.747e+02, nu_p50=3.964e+02, nu_p95=4.579e+02, nu_p99=5.116e+02, interior_frac=0.000
[Frame 1226] mode=DIR  iters=   5000, x_range=1.001e-10, y_range=5.718e-11
    nu_min=3.742e+02, nu_max=8.266e+02, nu_mean=4.023e+02, nu_std=2.851e+01
    nu_p05=3.748e+02, nu_p50=3.965e+02, nu_p95=4.588e+02, nu_p99=5.127e+02, interior_frac=0.000
[Frame 1227] mode=DIR  iters=   5000, x_range=9.810e-11, y_range=5.606e-11
    nu_min=3.742e+02, nu_max=9.717e+02, nu_mean=4.026e+02, nu_std=2.866e+01
    nu_p05=3.748e+02, nu_p50=3.965e+02, nu_p95=4.596e+02, nu_p99=5.132e+02, interior_frac=0.000
[Frame 1228] mode=DIR  iters=   5000, x_range=9.617e-11, y_range=5.496e-11
    nu_min=3.742e+02, nu_max=9.145e+02, nu_mean=4.029e+02, nu_std=2.886e+01
    nu_p05=3.749e+02, nu_p50=3.966e+02, nu_p95=4.604e+02, nu_p99=5.142e+02, interior_frac=0.000
[Frame 1229] mode=DIR  iters=   5000, x_range=9.429e-11, y_range=5.388e-11
    nu_min=3.743e+02, nu_max=8.982e+02, nu_mean=4.032e+02, nu_std=2.893e+01
    nu_p05=3.749e+02, nu_p50=3.966e+02, nu_p95=4.610e+02, nu_p99=5.147e+02, interior_frac=0.000
[Frame 1230] mode=DIR  iters=   5000, x_range=9.244e-11, y_range=5.282e-11
    nu_min=3.743e+02, nu_max=9.045e+02, nu_mean=4.035e+02, nu_std=2.908e+01
    nu_p05=3.750e+02, nu_p50=3.967e+02, nu_p95=4.618e+02, nu_p99=5.149e+02, interior_frac=0.000
[Frame 1231] mode=DIR  iters=   5000, x_range=9.063e-11, y_range=5.179e-11
    nu_min=3.744e+02, nu_max=8.219e+02, nu_mean=4.038e+02, nu_std=2.923e+01
    nu_p05=3.751e+02, nu_p50=3.968e+02, nu_p95=4.627e+02, nu_p99=5.157e+02, interior_frac=0.000
[Frame 1232] mode=DIR  iters=   5000, x_range=8.885e-11, y_range=5.077e-11
    nu_min=3.744e+02, nu_max=9.112e+02, nu_mean=4.042e+02, nu_std=2.943e+01
    nu_p05=3.752e+02, nu_p50=3.968e+02, nu_p95=4.635e+02, nu_p99=5.165e+02, interior_frac=0.000
[Frame 1233] mode=DIR  iters=   5000, x_range=8.711e-11, y_range=4.978e-11
    nu_min=3.745e+02, nu_max=8.750e+02, nu_mean=4.045e+02, nu_std=2.966e+01
    nu_p05=3.753e+02, nu_p50=3.969e+02, nu_p95=4.643e+02, nu_p99=5.176e+02, interior_frac=0.000
[Frame 1234] mode=DIR  iters=   5000, x_range=8.540e-11, y_range=4.880e-11
    nu_min=3.745e+02, nu_max=8.756e+02, nu_mean=4.048e+02, nu_std=2.980e+01
    nu_p05=3.754e+02, nu_p50=3.970e+02, nu_p95=4.649e+02, nu_p99=5.181e+02, interior_frac=0.000
[Frame 1235] mode=DIR  iters=   5000, x_range=8.373e-11, y_range=4.784e-11
    nu_min=3.746e+02, nu_max=9.120e+02, nu_mean=4.051e+02, nu_std=3.001e+01
    nu_p05=3.755e+02, nu_p50=3.971e+02, nu_p95=4.657e+02, nu_p99=5.192e+02, interior_frac=0.000
[Frame 1236] mode=DIR  iters=   5000, x_range=8.208e-11, y_range=4.690e-11
    nu_min=3.746e+02, nu_max=9.045e+02, nu_mean=4.053e+02, nu_std=3.007e+01
    nu_p05=3.756e+02, nu_p50=3.973e+02, nu_p95=4.661e+02, nu_p99=5.193e+02, interior_frac=0.000
[Frame 1237] mode=DIR  iters=   5000, x_range=8.047e-11, y_range=4.599e-11
    nu_min=3.747e+02, nu_max=8.297e+02, nu_mean=4.056e+02, nu_std=3.023e+01
    nu_p05=3.757e+02, nu_p50=3.974e+02, nu_p95=4.668e+02, nu_p99=5.199e+02, interior_frac=0.000
[Frame 1238] mode=DIR  iters=   5000, x_range=7.890e-11, y_range=4.508e-11
    nu_min=3.747e+02, nu_max=8.651e+02, nu_mean=4.060e+02, nu_std=3.042e+01
    nu_p05=3.758e+02, nu_p50=3.975e+02, nu_p95=4.675e+02, nu_p99=5.209e+02, interior_frac=0.000
[Frame 1239] mode=DIR  iters=   5000, x_range=7.735e-11, y_range=4.420e-11
    nu_min=3.748e+02, nu_max=8.740e+02, nu_mean=4.063e+02, nu_std=3.061e+01
    nu_p05=3.759e+02, nu_p50=3.976e+02, nu_p95=4.682e+02, nu_p99=5.215e+02, interior_frac=0.000
[Frame 1240] mode=DIR  iters=   5000, x_range=7.583e-11, y_range=4.333e-11
    nu_min=3.748e+02, nu_max=8.936e+02, nu_mean=4.067e+02, nu_std=3.084e+01
    nu_p05=3.759e+02, nu_p50=3.978e+02, nu_p95=4.689e+02, nu_p99=5.224e+02, interior_frac=0.000
[Frame 1241] mode=DIR  iters=   5000, x_range=7.435e-11, y_range=4.248e-11
    nu_min=3.749e+02, nu_max=8.384e+02, nu_mean=4.072e+02, nu_std=3.106e+01
    nu_p05=3.760e+02, nu_p50=3.979e+02, nu_p95=4.698e+02, nu_p99=5.234e+02, interior_frac=0.000
[Frame 1242] mode=DIR  iters=   5000, x_range=7.289e-11, y_range=4.165e-11
    nu_min=3.749e+02, nu_max=8.824e+02, nu_mean=4.076e+02, nu_std=3.131e+01
    nu_p05=3.761e+02, nu_p50=3.981e+02, nu_p95=4.706e+02, nu_p99=5.244e+02, interior_frac=0.000
[Frame 1243] mode=DIR  iters=   5000, x_range=7.146e-11, y_range=4.083e-11
    nu_min=3.752e+02, nu_max=9.236e+02, nu_mean=4.081e+02, nu_std=3.154e+01
    nu_p05=3.762e+02, nu_p50=3.983e+02, nu_p95=4.715e+02, nu_p99=5.255e+02, interior_frac=0.000
[Frame 1244] mode=DIR  iters=   5000, x_range=7.006e-11, y_range=4.003e-11
    nu_min=3.753e+02, nu_max=8.390e+02, nu_mean=4.084e+02, nu_std=3.171e+01
    nu_p05=3.763e+02, nu_p50=3.985e+02, nu_p95=4.722e+02, nu_p99=5.259e+02, interior_frac=0.000
[Frame 1245] mode=DIR  iters=   5000, x_range=6.868e-11, y_range=3.925e-11
    nu_min=3.754e+02, nu_max=8.823e+02, nu_mean=4.088e+02, nu_std=3.189e+01
    nu_p05=3.764e+02, nu_p50=3.987e+02, nu_p95=4.728e+02, nu_p99=5.270e+02, interior_frac=0.000
[Frame 1246] mode=DIR  iters=   5000, x_range=6.734e-11, y_range=3.848e-11
    nu_min=3.754e+02, nu_max=8.661e+02, nu_mean=4.091e+02, nu_std=3.204e+01
    nu_p05=3.764e+02, nu_p50=3.988e+02, nu_p95=4.734e+02, nu_p99=5.272e+02, interior_frac=0.000
[Frame 1247] mode=DIR  iters=   5000, x_range=6.602e-11, y_range=3.772e-11
    nu_min=3.755e+02, nu_max=9.380e+02, nu_mean=4.095e+02, nu_std=3.218e+01
    nu_p05=3.765e+02, nu_p50=3.990e+02, nu_p95=4.738e+02, nu_p99=5.284e+02, interior_frac=0.000
[Frame 1248] mode=DIR  iters=   5000, x_range=6.472e-11, y_range=3.698e-11
    nu_min=3.756e+02, nu_max=8.715e+02, nu_mean=4.098e+02, nu_std=3.227e+01
    nu_p05=3.766e+02, nu_p50=3.992e+02, nu_p95=4.740e+02, nu_p99=5.286e+02, interior_frac=0.000
[Frame 1249] mode=DIR  iters=   5000, x_range=6.345e-11, y_range=3.626e-11
    nu_min=3.757e+02, nu_max=9.581e+02, nu_mean=4.102e+02, nu_std=3.234e+01
    nu_p05=3.767e+02, nu_p50=3.995e+02, nu_p95=4.742e+02, nu_p99=5.286e+02, interior_frac=0.000
[Frame 1250] mode=DIR  iters=   5000, x_range=6.221e-11, y_range=3.555e-11
    nu_min=3.758e+02, nu_max=8.150e+02, nu_mean=4.106e+02, nu_std=3.234e+01
    nu_p05=3.768e+02, nu_p50=3.997e+02, nu_p95=4.746e+02, nu_p99=5.283e+02, interior_frac=0.000
[Frame 1251] mode=DIR  iters=   5000, x_range=6.099e-11, y_range=3.485e-11
    nu_min=3.758e+02, nu_max=9.217e+02, nu_mean=4.110e+02, nu_std=3.237e+01
    nu_p05=3.769e+02, nu_p50=4.000e+02, nu_p95=4.749e+02, nu_p99=5.281e+02, interior_frac=0.000
[Frame 1252] mode=DIR  iters=   5000, x_range=5.979e-11, y_range=3.417e-11
    nu_min=3.759e+02, nu_max=8.795e+02, nu_mean=4.114e+02, nu_std=3.244e+01
    nu_p05=3.770e+02, nu_p50=4.003e+02, nu_p95=4.752e+02, nu_p99=5.284e+02, interior_frac=0.000
[Frame 1253] mode=DIR  iters=   5000, x_range=5.862e-11, y_range=3.350e-11
    nu_min=3.760e+02, nu_max=8.925e+02, nu_mean=4.118e+02, nu_std=3.250e+01
    nu_p05=3.772e+02, nu_p50=4.006e+02, nu_p95=4.755e+02, nu_p99=5.286e+02, interior_frac=0.000
[Frame 1254] mode=DIR  iters=   5000, x_range=5.747e-11, y_range=3.284e-11
    nu_min=3.761e+02, nu_max=8.638e+02, nu_mean=4.122e+02, nu_std=3.265e+01
    nu_p05=3.773e+02, nu_p50=4.009e+02, nu_p95=4.760e+02, nu_p99=5.296e+02, interior_frac=0.000
[Frame 1255] mode=DIR  iters=   5000, x_range=5.634e-11, y_range=3.220e-11
    nu_min=3.762e+02, nu_max=8.905e+02, nu_mean=4.127e+02, nu_std=3.274e+01
    nu_p05=3.774e+02, nu_p50=4.012e+02, nu_p95=4.764e+02, nu_p99=5.300e+02, interior_frac=0.000
[Frame 1256] mode=DIR  iters=   5000, x_range=5.524e-11, y_range=3.157e-11
    nu_min=3.763e+02, nu_max=9.097e+02, nu_mean=4.132e+02, nu_std=3.293e+01
    nu_p05=3.776e+02, nu_p50=4.016e+02, nu_p95=4.772e+02, nu_p99=5.310e+02, interior_frac=0.000
[Frame 1257] mode=DIR  iters=   5000, x_range=5.416e-11, y_range=3.095e-11
    nu_min=3.763e+02, nu_max=8.149e+02, nu_mean=4.137e+02, nu_std=3.313e+01
    nu_p05=3.777e+02, nu_p50=4.019e+02, nu_p95=4.782e+02, nu_p99=5.320e+02, interior_frac=0.000
[Frame 1258] mode=DIR  iters=   5000, x_range=5.309e-11, y_range=3.034e-11
    nu_min=3.764e+02, nu_max=8.924e+02, nu_mean=4.142e+02, nu_std=3.333e+01
    nu_p05=3.779e+02, nu_p50=4.024e+02, nu_p95=4.789e+02, nu_p99=5.329e+02, interior_frac=0.000
[Frame 1259] mode=DIR  iters=   5000, x_range=5.205e-11, y_range=2.974e-11
    nu_min=3.765e+02, nu_max=9.193e+02, nu_mean=4.148e+02, nu_std=3.353e+01
    nu_p05=3.780e+02, nu_p50=4.029e+02, nu_p95=4.799e+02, nu_p99=5.336e+02, interior_frac=0.000
[Frame 1260] mode=DIR  iters=   5000, x_range=5.103e-11, y_range=2.916e-11
    nu_min=3.766e+02, nu_max=8.593e+02, nu_mean=4.154e+02, nu_std=3.378e+01
    nu_p05=3.781e+02, nu_p50=4.036e+02, nu_p95=4.810e+02, nu_p99=5.349e+02, interior_frac=0.000
[Frame 1261] mode=DIR  iters=   5000, x_range=5.003e-11, y_range=2.859e-11
    nu_min=3.767e+02, nu_max=9.611e+02, nu_mean=4.160e+02, nu_std=3.397e+01
    nu_p05=3.783e+02, nu_p50=4.043e+02, nu_p95=4.820e+02, nu_p99=5.359e+02, interior_frac=0.000
[Frame 1262] mode=DIR  iters=   5000, x_range=4.905e-11, y_range=2.803e-11
    nu_min=3.768e+02, nu_max=8.898e+02, nu_mean=4.167e+02, nu_std=3.420e+01
    nu_p05=3.785e+02, nu_p50=4.052e+02, nu_p95=4.831e+02, nu_p99=5.369e+02, interior_frac=0.000
[Frame 1263] mode=DIR  iters=   5000, x_range=4.809e-11, y_range=2.748e-11
    nu_min=3.769e+02, nu_max=8.740e+02, nu_mean=4.173e+02, nu_std=3.437e+01
    nu_p05=3.787e+02, nu_p50=4.063e+02, nu_p95=4.840e+02, nu_p99=5.378e+02, interior_frac=0.000
[Frame 1264] mode=DIR  iters=   5000, x_range=4.715e-11, y_range=2.694e-11
    nu_min=3.770e+02, nu_max=8.859e+02, nu_mean=4.179e+02, nu_std=3.442e+01
    nu_p05=3.788e+02, nu_p50=4.077e+02, nu_p95=4.849e+02, nu_p99=5.382e+02, interior_frac=0.000
[Frame 1265] mode=DIR  iters=   5000, x_range=4.622e-11, y_range=2.641e-11
    nu_min=3.773e+02, nu_max=8.917e+02, nu_mean=4.186e+02, nu_std=3.459e+01
    nu_p05=3.790e+02, nu_p50=4.097e+02, nu_p95=4.858e+02, nu_p99=5.393e+02, interior_frac=0.000
[Frame 1266] mode=DIR  iters=   5000, x_range=4.532e-11, y_range=2.589e-11
    nu_min=3.774e+02, nu_max=1.025e+03, nu_mean=4.193e+02, nu_std=3.469e+01
    nu_p05=3.793e+02, nu_p50=4.121e+02, nu_p95=4.865e+02, nu_p99=5.398e+02, interior_frac=0.000
[Frame 1267] mode=DIR  iters=   5000, x_range=4.443e-11, y_range=2.539e-11
    nu_min=3.776e+02, nu_max=9.079e+02, nu_mean=4.200e+02, nu_std=3.481e+01
    nu_p05=3.795e+02, nu_p50=4.146e+02, nu_p95=4.875e+02, nu_p99=5.407e+02, interior_frac=0.000
[Frame 1268] mode=DIR  iters=   5000, x_range=4.356e-11, y_range=2.489e-11
    nu_min=3.778e+02, nu_max=8.551e+02, nu_mean=4.207e+02, nu_std=3.490e+01
    nu_p05=3.797e+02, nu_p50=4.164e+02, nu_p95=4.883e+02, nu_p99=5.417e+02, interior_frac=0.000
[Frame 1269] mode=DIR  iters=   5000, x_range=4.270e-11, y_range=2.440e-11
    nu_min=3.779e+02, nu_max=8.803e+02, nu_mean=4.213e+02, nu_std=3.494e+01
    nu_p05=3.800e+02, nu_p50=4.174e+02, nu_p95=4.890e+02, nu_p99=5.419e+02, interior_frac=0.000
[Frame 1270] mode=DIR  iters=   5000, x_range=4.186e-11, y_range=2.392e-11
    nu_min=3.781e+02, nu_max=8.730e+02, nu_mean=4.220e+02, nu_std=3.504e+01
    nu_p05=3.803e+02, nu_p50=4.181e+02, nu_p95=4.897e+02, nu_p99=5.432e+02, interior_frac=0.000
[Frame 1271] mode=DIR  iters=   5000, x_range=4.104e-11, y_range=2.345e-11
    nu_min=3.784e+02, nu_max=8.164e+02, nu_mean=4.226e+02, nu_std=3.496e+01
    nu_p05=3.806e+02, nu_p50=4.187e+02, nu_p95=4.902e+02, nu_p99=5.434e+02, interior_frac=0.000
[Frame 1272] mode=DIR  iters=   5000, x_range=4.024e-11, y_range=2.299e-11
    nu_min=3.785e+02, nu_max=9.211e+02, nu_mean=4.233e+02, nu_std=3.508e+01
    nu_p05=3.809e+02, nu_p50=4.191e+02, nu_p95=4.912e+02, nu_p99=5.446e+02, interior_frac=0.000
[Frame 1273] mode=DIR  iters=   5000, x_range=3.945e-11, y_range=2.254e-11
    nu_min=3.787e+02, nu_max=8.614e+02, nu_mean=4.240e+02, nu_std=3.504e+01
    nu_p05=3.812e+02, nu_p50=4.196e+02, nu_p95=4.919e+02, nu_p99=5.450e+02, interior_frac=0.000
[Frame 1274] mode=DIR  iters=   5000, x_range=3.868e-11, y_range=2.210e-11
    nu_min=3.788e+02, nu_max=8.617e+02, nu_mean=4.248e+02, nu_std=3.514e+01
    nu_p05=3.815e+02, nu_p50=4.200e+02, nu_p95=4.926e+02, nu_p99=5.460e+02, interior_frac=0.000
[Frame 1275] mode=DIR  iters=   5000, x_range=3.792e-11, y_range=2.167e-11
    nu_min=3.790e+02, nu_max=8.689e+02, nu_mean=4.256e+02, nu_std=3.514e+01
    nu_p05=3.818e+02, nu_p50=4.204e+02, nu_p95=4.934e+02, nu_p99=5.467e+02, interior_frac=0.000
[Frame 1276] mode=DIR  iters=   5000, x_range=3.717e-11, y_range=2.124e-11
    nu_min=3.794e+02, nu_max=8.966e+02, nu_mean=4.265e+02, nu_std=3.518e+01
    nu_p05=3.821e+02, nu_p50=4.208e+02, nu_p95=4.943e+02, nu_p99=5.478e+02, interior_frac=0.000
[Frame 1277] mode=DIR  iters=   5000, x_range=3.645e-11, y_range=2.083e-11
    nu_min=3.797e+02, nu_max=8.880e+02, nu_mean=4.273e+02, nu_std=3.519e+01
    nu_p05=3.825e+02, nu_p50=4.213e+02, nu_p95=4.950e+02, nu_p99=5.484e+02, interior_frac=0.000
[Frame 1278] mode=DIR  iters=   5000, x_range=3.573e-11, y_range=2.042e-11
    nu_min=3.799e+02, nu_max=8.959e+02, nu_mean=4.281e+02, nu_std=3.518e+01
    nu_p05=3.828e+02, nu_p50=4.217e+02, nu_p95=4.958e+02, nu_p99=5.489e+02, interior_frac=0.000
[Frame 1279] mode=DIR  iters=   5000, x_range=3.503e-11, y_range=2.002e-11
    nu_min=3.801e+02, nu_max=8.982e+02, nu_mean=4.289e+02, nu_std=3.519e+01
    nu_p05=3.832e+02, nu_p50=4.220e+02, nu_p95=4.965e+02, nu_p99=5.501e+02, interior_frac=0.000
[Frame 1280] mode=DIR  iters=   5000, x_range=3.434e-11, y_range=1.963e-11
    nu_min=3.803e+02, nu_max=8.928e+02, nu_mean=4.297e+02, nu_std=3.518e+01
    nu_p05=3.837e+02, nu_p50=4.225e+02, nu_p95=4.973e+02, nu_p99=5.510e+02, interior_frac=0.000
[Frame 1281] mode=DIR  iters=   5000, x_range=3.367e-11, y_range=1.924e-11
    nu_min=3.805e+02, nu_max=9.259e+02, nu_mean=4.305e+02, nu_std=3.514e+01
    nu_p05=3.843e+02, nu_p50=4.229e+02, nu_p95=4.981e+02, nu_p99=5.519e+02, interior_frac=0.000
[Frame 1282] mode=DIR  iters=   5000, x_range=3.301e-11, y_range=1.886e-11
    nu_min=3.807e+02, nu_max=8.917e+02, nu_mean=4.314e+02, nu_std=3.510e+01
    nu_p05=3.853e+02, nu_p50=4.233e+02, nu_p95=4.989e+02, nu_p99=5.528e+02, interior_frac=0.000
[Frame 1283] mode=DIR  iters=   5000, x_range=3.236e-11, y_range=1.849e-11
    nu_min=3.809e+02, nu_max=9.689e+02, nu_mean=4.321e+02, nu_std=3.504e+01
    nu_p05=3.867e+02, nu_p50=4.236e+02, nu_p95=4.996e+02, nu_p99=5.534e+02, interior_frac=0.000
[Frame 1284] mode=DIR  iters=   5000, x_range=3.173e-11, y_range=1.813e-11
    nu_min=3.813e+02, nu_max=9.080e+02, nu_mean=4.328e+02, nu_std=3.490e+01
    nu_p05=3.894e+02, nu_p50=4.239e+02, nu_p95=5.000e+02, nu_p99=5.539e+02, interior_frac=0.000
[Frame 1285] mode=DIR  iters=   5000, x_range=3.111e-11, y_range=1.777e-11
    nu_min=3.816e+02, nu_max=9.134e+02, nu_mean=4.335e+02, nu_std=3.485e+01
    nu_p05=3.983e+02, nu_p50=4.243e+02, nu_p95=5.008e+02, nu_p99=5.545e+02, interior_frac=0.000
[Frame 1286] mode=DIR  iters=   5000, x_range=3.050e-11, y_range=1.743e-11
    nu_min=3.818e+02, nu_max=9.396e+02, nu_mean=4.342e+02, nu_std=3.476e+01
    nu_p05=3.990e+02, nu_p50=4.246e+02, nu_p95=5.014e+02, nu_p99=5.549e+02, interior_frac=0.000
[Frame 1287] mode=DIR  iters=   5000, x_range=2.990e-11, y_range=1.708e-11
    nu_min=3.820e+02, nu_max=8.612e+02, nu_mean=4.349e+02, nu_std=3.470e+01
    nu_p05=3.995e+02, nu_p50=4.249e+02, nu_p95=5.021e+02, nu_p99=5.558e+02, interior_frac=0.000
[Frame 1288] mode=DIR  iters=   5000, x_range=2.931e-11, y_range=1.675e-11
    nu_min=3.823e+02, nu_max=8.740e+02, nu_mean=4.356e+02, nu_std=3.462e+01
    nu_p05=3.999e+02, nu_p50=4.253e+02, nu_p95=5.028e+02, nu_p99=5.567e+02, interior_frac=0.000
[Frame 1289] mode=DIR  iters=   5000, x_range=2.874e-11, y_range=1.642e-11
    nu_min=3.825e+02, nu_max=9.816e+02, nu_mean=4.363e+02, nu_std=3.456e+01
    nu_p05=4.002e+02, nu_p50=4.256e+02, nu_p95=5.035e+02, nu_p99=5.574e+02, interior_frac=0.000
[Frame 1290] mode=DIR  iters=   5000, x_range=2.817e-11, y_range=1.610e-11
    nu_min=3.827e+02, nu_max=9.536e+02, nu_mean=4.370e+02, nu_std=3.449e+01
    nu_p05=4.005e+02, nu_p50=4.260e+02, nu_p95=5.041e+02, nu_p99=5.581e+02, interior_frac=0.000
[Frame 1291] mode=DIR  iters=   5000, x_range=2.762e-11, y_range=1.578e-11
    nu_min=3.829e+02, nu_max=9.284e+02, nu_mean=4.378e+02, nu_std=3.443e+01
    nu_p05=4.008e+02, nu_p50=4.265e+02, nu_p95=5.049e+02, nu_p99=5.589e+02, interior_frac=0.000
[Frame 1292] mode=DIR  iters=   5000, x_range=2.708e-11, y_range=1.547e-11
    nu_min=3.834e+02, nu_max=1.004e+03, nu_mean=4.385e+02, nu_std=3.437e+01
    nu_p05=4.012e+02, nu_p50=4.269e+02, nu_p95=5.058e+02, nu_p99=5.596e+02, interior_frac=0.000
[Frame 1293] mode=DIR  iters=   5000, x_range=2.655e-11, y_range=1.517e-11
    nu_min=3.837e+02, nu_max=9.787e+02, nu_mean=4.392e+02, nu_std=3.425e+01
    nu_p05=4.016e+02, nu_p50=4.274e+02, nu_p95=5.064e+02, nu_p99=5.604e+02, interior_frac=0.000
[Frame 1294] mode=DIR  iters=   5000, x_range=2.603e-11, y_range=1.487e-11
    nu_min=3.839e+02, nu_max=1.104e+03, nu_mean=4.399e+02, nu_std=3.417e+01
    nu_p05=4.020e+02, nu_p50=4.279e+02, nu_p95=5.070e+02, nu_p99=5.608e+02, interior_frac=0.000
[Frame 1295] mode=DIR  iters=   5000, x_range=2.552e-11, y_range=1.458e-11
    nu_min=3.842e+02, nu_max=8.809e+02, nu_mean=4.405e+02, nu_std=3.412e+01
    nu_p05=4.026e+02, nu_p50=4.283e+02, nu_p95=5.077e+02, nu_p99=5.616e+02, interior_frac=0.000
[Frame 1296] mode=DIR  iters=   5000, x_range=2.502e-11, y_range=1.430e-11
    nu_min=3.847e+02, nu_max=8.473e+02, nu_mean=4.410e+02, nu_std=3.406e+01
    nu_p05=4.031e+02, nu_p50=4.287e+02, nu_p95=5.083e+02, nu_p99=5.621e+02, interior_frac=0.000
[Frame 1297] mode=DIR  iters=   5000, x_range=2.453e-11, y_range=1.402e-11
    nu_min=3.852e+02, nu_max=9.343e+02, nu_mean=4.416e+02, nu_std=3.401e+01
    nu_p05=4.038e+02, nu_p50=4.289e+02, nu_p95=5.089e+02, nu_p99=5.626e+02, interior_frac=0.000
[Frame 1298] mode=DIR  iters=   5000, x_range=2.405e-11, y_range=1.374e-11
    nu_min=3.859e+02, nu_max=9.117e+02, nu_mean=4.421e+02, nu_std=3.395e+01
    nu_p05=4.045e+02, nu_p50=4.291e+02, nu_p95=5.095e+02, nu_p99=5.633e+02, interior_frac=0.000
[Frame 1299] mode=DIR  iters=   5000, x_range=2.357e-11, y_range=1.347e-11
    nu_min=3.865e+02, nu_max=9.187e+02, nu_mean=4.425e+02, nu_std=3.391e+01
    nu_p05=4.054e+02, nu_p50=4.294e+02, nu_p95=5.099e+02, nu_p99=5.635e+02, interior_frac=0.000
[Frame 1300] mode=DIR  iters=   5000, x_range=2.311e-11, y_range=1.321e-11
    nu_min=3.880e+02, nu_max=8.864e+02, nu_mean=4.430e+02, nu_std=3.390e+01
    nu_p05=4.064e+02, nu_p50=4.297e+02, nu_p95=5.106e+02, nu_p99=5.643e+02, interior_frac=0.000
[Frame 1301] mode=DIR  iters=   5000, x_range=2.266e-11, y_range=1.295e-11
    nu_min=4.000e+02, nu_max=8.941e+02, nu_mean=4.435e+02, nu_std=3.398e+01
    nu_p05=4.075e+02, nu_p50=4.300e+02, nu_p95=5.113e+02, nu_p99=5.649e+02, interior_frac=0.000
[Frame 1302] mode=DIR  iters=   5000, x_range=2.221e-11, y_range=1.269e-11
    nu_min=4.009e+02, nu_max=8.940e+02, nu_mean=4.440e+02, nu_std=3.402e+01
    nu_p05=4.089e+02, nu_p50=4.305e+02, nu_p95=5.120e+02, nu_p99=5.656e+02, interior_frac=0.000
[Frame 1303] mode=DIR  iters=   5000, x_range=2.178e-11, y_range=1.245e-11
    nu_min=4.013e+02, nu_max=9.511e+02, nu_mean=4.446e+02, nu_std=3.410e+01
    nu_p05=4.109e+02, nu_p50=4.310e+02, nu_p95=5.126e+02, nu_p99=5.663e+02, interior_frac=0.000
[Frame 1304] mode=DIR  iters=   5000, x_range=2.135e-11, y_range=1.220e-11
    nu_min=4.016e+02, nu_max=8.867e+02, nu_mean=4.451e+02, nu_std=3.423e+01
    nu_p05=4.142e+02, nu_p50=4.318e+02, nu_p95=5.134e+02, nu_p99=5.674e+02, interior_frac=0.000
[Frame 1305] mode=DIR  iters=   5000, x_range=2.093e-11, y_range=1.196e-11
    nu_min=4.019e+02, nu_max=9.015e+02, nu_mean=4.456e+02, nu_std=3.424e+01
    nu_p05=4.164e+02, nu_p50=4.326e+02, nu_p95=5.141e+02, nu_p99=5.677e+02, interior_frac=0.000
[Frame 1306] mode=DIR  iters=   5000, x_range=2.052e-11, y_range=1.173e-11
    nu_min=4.020e+02, nu_max=9.076e+02, nu_mean=4.461e+02, nu_std=3.432e+01
    nu_p05=4.171e+02, nu_p50=4.336e+02, nu_p95=5.148e+02, nu_p99=5.683e+02, interior_frac=0.000
[Frame 1307] mode=DIR  iters=   5000, x_range=2.012e-11, y_range=1.150e-11
    nu_min=4.023e+02, nu_max=9.082e+02, nu_mean=4.465e+02, nu_std=3.443e+01
    nu_p05=4.175e+02, nu_p50=4.346e+02, nu_p95=5.153e+02, nu_p99=5.688e+02, interior_frac=0.000
[Frame 1308] mode=DIR  iters=   5000, x_range=1.973e-11, y_range=1.127e-11
    nu_min=4.026e+02, nu_max=9.109e+02, nu_mean=4.469e+02, nu_std=3.457e+01
    nu_p05=4.178e+02, nu_p50=4.358e+02, nu_p95=5.158e+02, nu_p99=5.696e+02, interior_frac=0.000
[Frame 1309] mode=DIR  iters=   5000, x_range=1.934e-11, y_range=1.105e-11
    nu_min=4.030e+02, nu_max=1.011e+03, nu_mean=4.473e+02, nu_std=3.468e+01
    nu_p05=4.179e+02, nu_p50=4.374e+02, nu_p95=5.165e+02, nu_p99=5.702e+02, interior_frac=0.000
[Frame 1310] mode=DIR  iters=   5000, x_range=1.896e-11, y_range=1.083e-11
    nu_min=4.035e+02, nu_max=9.156e+02, nu_mean=4.476e+02, nu_std=3.477e+01
    nu_p05=4.181e+02, nu_p50=4.390e+02, nu_p95=5.170e+02, nu_p99=5.707e+02, interior_frac=0.000
[Frame 1311] mode=DIR  iters=   5000, x_range=1.859e-11, y_range=1.062e-11
    nu_min=4.040e+02, nu_max=8.979e+02, nu_mean=4.480e+02, nu_std=3.486e+01
    nu_p05=4.182e+02, nu_p50=4.401e+02, nu_p95=5.175e+02, nu_p99=5.710e+02, interior_frac=0.000
[Frame 1312] mode=DIR  iters=   5000, x_range=1.822e-11, y_range=1.041e-11
    nu_min=4.047e+02, nu_max=8.804e+02, nu_mean=4.484e+02, nu_std=3.501e+01
    nu_p05=4.183e+02, nu_p50=4.408e+02, nu_p95=5.181e+02, nu_p99=5.718e+02, interior_frac=0.000
[Frame 1313] mode=DIR  iters=   5000, x_range=1.787e-11, y_range=1.021e-11
    nu_min=4.061e+02, nu_max=8.856e+02, nu_mean=4.488e+02, nu_std=3.518e+01
    nu_p05=4.185e+02, nu_p50=4.414e+02, nu_p95=5.188e+02, nu_p99=5.725e+02, interior_frac=0.000
[Frame 1314] mode=DIR  iters=   5000, x_range=1.752e-11, y_range=1.001e-11
    nu_min=4.095e+02, nu_max=9.620e+02, nu_mean=4.492e+02, nu_std=3.537e+01
    nu_p05=4.185e+02, nu_p50=4.420e+02, nu_p95=5.195e+02, nu_p99=5.731e+02, interior_frac=0.000
[Frame 1315] mode=DIR  iters=   5000, x_range=1.717e-11, y_range=9.813e-12
    nu_min=4.122e+02, nu_max=8.653e+02, nu_mean=4.496e+02, nu_std=3.547e+01
    nu_p05=4.186e+02, nu_p50=4.425e+02, nu_p95=5.199e+02, nu_p99=5.737e+02, interior_frac=0.000
[Frame 1316] mode=DIR  iters=   5000, x_range=1.684e-11, y_range=9.621e-12
    nu_min=4.127e+02, nu_max=8.932e+02, nu_mean=4.499e+02, nu_std=3.560e+01
    nu_p05=4.186e+02, nu_p50=4.428e+02, nu_p95=5.204e+02, nu_p99=5.743e+02, interior_frac=0.000
[Frame 1317] mode=DIR  iters=   5000, x_range=1.651e-11, y_range=9.432e-12
    nu_min=4.135e+02, nu_max=9.269e+02, nu_mean=4.503e+02, nu_std=3.572e+01
    nu_p05=4.187e+02, nu_p50=4.431e+02, nu_p95=5.209e+02, nu_p99=5.749e+02, interior_frac=0.000
[Frame 1318] mode=DIR  iters=   5000, x_range=1.618e-11, y_range=9.247e-12
    nu_min=4.141e+02, nu_max=9.126e+02, nu_mean=4.506e+02, nu_std=3.585e+01
    nu_p05=4.187e+02, nu_p50=4.435e+02, nu_p95=5.216e+02, nu_p99=5.756e+02, interior_frac=0.000
[Frame 1319] mode=DIR  iters=   5000, x_range=1.587e-11, y_range=9.066e-12
    nu_min=4.144e+02, nu_max=8.679e+02, nu_mean=4.509e+02, nu_std=3.595e+01
    nu_p05=4.188e+02, nu_p50=4.437e+02, nu_p95=5.220e+02, nu_p99=5.759e+02, interior_frac=0.000
[Frame 1320] mode=DIR  iters=   5000, x_range=1.555e-11, y_range=8.888e-12
    nu_min=4.148e+02, nu_max=9.393e+02, nu_mean=4.510e+02, nu_std=3.592e+01
    nu_p05=4.188e+02, nu_p50=4.439e+02, nu_p95=5.220e+02, nu_p99=5.759e+02, interior_frac=0.000
[Frame 1321] mode=DIR  iters=   5000, x_range=1.525e-11, y_range=8.714e-12
    nu_min=4.153e+02, nu_max=9.100e+02, nu_mean=4.512e+02, nu_std=3.591e+01
    nu_p05=4.188e+02, nu_p50=4.440e+02, nu_p95=5.222e+02, nu_p99=5.761e+02, interior_frac=0.000
[Frame 1322] mode=DIR  iters=   5000, x_range=1.495e-11, y_range=8.543e-12
    nu_min=4.157e+02, nu_max=9.439e+02, nu_mean=4.514e+02, nu_std=3.590e+01
    nu_p05=4.189e+02, nu_p50=4.441e+02, nu_p95=5.223e+02, nu_p99=5.765e+02, interior_frac=0.000
[Frame 1323] mode=DIR  iters=   5000, x_range=1.466e-11, y_range=8.375e-12
    nu_min=4.160e+02, nu_max=9.479e+02, nu_mean=4.516e+02, nu_std=3.600e+01
    nu_p05=4.189e+02, nu_p50=4.443e+02, nu_p95=5.228e+02, nu_p99=5.769e+02, interior_frac=0.000
[Frame 1324] mode=DIR  iters=   5000, x_range=1.437e-11, y_range=8.211e-12
    nu_min=4.163e+02, nu_max=9.125e+02, nu_mean=4.519e+02, nu_std=3.611e+01
    nu_p05=4.189e+02, nu_p50=4.444e+02, nu_p95=5.231e+02, nu_p99=5.776e+02, interior_frac=0.000
[Frame 1325] mode=DIR  iters=   5000, x_range=1.409e-11, y_range=8.050e-12
    nu_min=4.165e+02, nu_max=9.536e+02, nu_mean=4.522e+02, nu_std=3.619e+01
    nu_p05=4.190e+02, nu_p50=4.446e+02, nu_p95=5.235e+02, nu_p99=5.778e+02, interior_frac=0.000
[Frame 1326] mode=DIR  iters=   5000, x_range=1.381e-11, y_range=7.892e-12
    nu_min=4.167e+02, nu_max=9.176e+02, nu_mean=4.524e+02, nu_std=3.629e+01
    nu_p05=4.191e+02, nu_p50=4.447e+02, nu_p95=5.241e+02, nu_p99=5.786e+02, interior_frac=0.000
[Frame 1327] mode=DIR  iters=   5000, x_range=1.354e-11, y_range=7.738e-12
    nu_min=4.169e+02, nu_max=9.447e+02, nu_mean=4.526e+02, nu_std=3.630e+01
    nu_p05=4.193e+02, nu_p50=4.448e+02, nu_p95=5.243e+02, nu_p99=5.784e+02, interior_frac=0.000
[Frame 1328] mode=DIR  iters=   5000, x_range=1.328e-11, y_range=7.586e-12
    nu_min=4.173e+02, nu_max=8.960e+02, nu_mean=4.527e+02, nu_std=3.625e+01
    nu_p05=4.193e+02, nu_p50=4.449e+02, nu_p95=5.241e+02, nu_p99=5.784e+02, interior_frac=0.000
[Frame 1329] mode=DIR  iters=   5000, x_range=1.301e-11, y_range=7.437e-12
    nu_min=4.175e+02, nu_max=9.058e+02, nu_mean=4.528e+02, nu_std=3.617e+01
    nu_p05=4.194e+02, nu_p50=4.450e+02, nu_p95=5.238e+02, nu_p99=5.787e+02, interior_frac=0.000
[Frame 1330] mode=DIR  iters=   5000, x_range=1.276e-11, y_range=7.291e-12
    nu_min=4.177e+02, nu_max=9.372e+02, nu_mean=4.529e+02, nu_std=3.612e+01
    nu_p05=4.195e+02, nu_p50=4.451e+02, nu_p95=5.237e+02, nu_p99=5.789e+02, interior_frac=0.000
[Frame 1331] mode=DIR  iters=   5000, x_range=1.251e-11, y_range=7.148e-12
    nu_min=4.179e+02, nu_max=9.981e+02, nu_mean=4.531e+02, nu_std=3.608e+01
    nu_p05=4.195e+02, nu_p50=4.452e+02, nu_p95=5.236e+02, nu_p99=5.789e+02, interior_frac=0.000
[Frame 1332] mode=DIR  iters=   5000, x_range=1.226e-11, y_range=7.008e-12
    nu_min=4.180e+02, nu_max=8.893e+02, nu_mean=4.532e+02, nu_std=3.599e+01
    nu_p05=4.196e+02, nu_p50=4.453e+02, nu_p95=5.233e+02, nu_p99=5.789e+02, interior_frac=0.000
[Frame 1333] mode=DIR  iters=   5000, x_range=1.202e-11, y_range=6.871e-12
    nu_min=4.181e+02, nu_max=1.088e+03, nu_mean=4.532e+02, nu_std=3.587e+01
    nu_p05=4.197e+02, nu_p50=4.454e+02, nu_p95=5.232e+02, nu_p99=5.785e+02, interior_frac=0.000
[Frame 1334] mode=DIR  iters=   5000, x_range=1.179e-11, y_range=6.736e-12
    nu_min=4.182e+02, nu_max=9.458e+02, nu_mean=4.532e+02, nu_std=3.568e+01
    nu_p05=4.197e+02, nu_p50=4.454e+02, nu_p95=5.228e+02, nu_p99=5.779e+02, interior_frac=0.000
[Frame 1335] mode=DIR  iters=   5000, x_range=1.156e-11, y_range=6.604e-12
    nu_min=4.184e+02, nu_max=1.002e+03, nu_mean=4.532e+02, nu_std=3.544e+01
    nu_p05=4.198e+02, nu_p50=4.454e+02, nu_p95=5.222e+02, nu_p99=5.766e+02, interior_frac=0.000
[Frame 1336] mode=DIR  iters=   5000, x_range=1.133e-11, y_range=6.474e-12
    nu_min=4.184e+02, nu_max=8.574e+02, nu_mean=4.531e+02, nu_std=3.516e+01
    nu_p05=4.199e+02, nu_p50=4.453e+02, nu_p95=5.218e+02, nu_p99=5.753e+02, interior_frac=0.000
[Frame 1337] mode=DIR  iters=   5000, x_range=1.111e-11, y_range=6.347e-12
    nu_min=4.185e+02, nu_max=9.773e+02, nu_mean=4.531e+02, nu_std=3.499e+01
    nu_p05=4.199e+02, nu_p50=4.453e+02, nu_p95=5.214e+02, nu_p99=5.743e+02, interior_frac=0.000
[Frame 1338] mode=DIR  iters=   5000, x_range=1.089e-11, y_range=6.223e-12
    nu_min=4.186e+02, nu_max=8.980e+02, nu_mean=4.532e+02, nu_std=3.481e+01
    nu_p05=4.200e+02, nu_p50=4.454e+02, nu_p95=5.212e+02, nu_p99=5.744e+02, interior_frac=0.000
[Frame 1339] mode=DIR  iters=   5000, x_range=1.068e-11, y_range=6.101e-12
    nu_min=4.187e+02, nu_max=9.499e+02, nu_mean=4.532e+02, nu_std=3.449e+01
    nu_p05=4.202e+02, nu_p50=4.454e+02, nu_p95=5.204e+02, nu_p99=5.733e+02, interior_frac=0.000
[Frame 1340] mode=DIR  iters=   5000, x_range=1.047e-11, y_range=5.981e-12
    nu_min=4.188e+02, nu_max=8.880e+02, nu_mean=4.533e+02, nu_std=3.423e+01
    nu_p05=4.203e+02, nu_p50=4.455e+02, nu_p95=5.200e+02, nu_p99=5.727e+02, interior_frac=0.000
[Frame 1341] mode=DIR  iters=   5000, x_range=1.026e-11, y_range=5.864e-12
    nu_min=4.188e+02, nu_max=9.213e+02, nu_mean=4.534e+02, nu_std=3.398e+01
    nu_p05=4.204e+02, nu_p50=4.456e+02, nu_p95=5.194e+02, nu_p99=5.724e+02, interior_frac=0.000
[Frame 1342] mode=DIR  iters=   5000, x_range=1.006e-11, y_range=5.749e-12
    nu_min=4.189e+02, nu_max=9.243e+02, nu_mean=4.535e+02, nu_std=3.374e+01
    nu_p05=4.205e+02, nu_p50=4.457e+02, nu_p95=5.189e+02, nu_p99=5.718e+02, interior_frac=0.000
[Frame 1343] mode=DIR  iters=   5000, x_range=9.864e-12, y_range=5.636e-12
    nu_min=4.189e+02, nu_max=9.239e+02, nu_mean=4.536e+02, nu_std=3.359e+01
    nu_p05=4.206e+02, nu_p50=4.458e+02, nu_p95=5.188e+02, nu_p99=5.718e+02, interior_frac=0.000
[Frame 1344] mode=DIR  iters=   5000, x_range=9.670e-12, y_range=5.526e-12
    nu_min=4.192e+02, nu_max=9.599e+02, nu_mean=4.537e+02, nu_std=3.341e+01
    nu_p05=4.207e+02, nu_p50=4.459e+02, nu_p95=5.186e+02, nu_p99=5.717e+02, interior_frac=0.000
[Frame 1345] mode=DIR  iters=   5000, x_range=9.481e-12, y_range=5.418e-12
    nu_min=4.193e+02, nu_max=9.980e+02, nu_mean=4.539e+02, nu_std=3.326e+01
    nu_p05=4.208e+02, nu_p50=4.459e+02, nu_p95=5.187e+02, nu_p99=5.716e+02, interior_frac=0.000
[Frame 1346] mode=DIR  iters=   5000, x_range=9.295e-12, y_range=5.311e-12
    nu_min=4.194e+02, nu_max=9.042e+02, nu_mean=4.540e+02, nu_std=3.314e+01
    nu_p05=4.209e+02, nu_p50=4.459e+02, nu_p95=5.186e+02, nu_p99=5.718e+02, interior_frac=0.000
[Frame 1347] mode=DIR  iters=   5000, x_range=9.112e-12, y_range=5.207e-12
    nu_min=4.195e+02, nu_max=8.944e+02, nu_mean=4.540e+02, nu_std=3.284e+01
    nu_p05=4.210e+02, nu_p50=4.459e+02, nu_p95=5.179e+02, nu_p99=5.712e+02, interior_frac=0.000
[Frame 1348] mode=DIR  iters=   5000, x_range=8.934e-12, y_range=5.105e-12
    nu_min=4.195e+02, nu_max=9.602e+02, nu_mean=4.539e+02, nu_std=3.260e+01
    nu_p05=4.210e+02, nu_p50=4.459e+02, nu_p95=5.175e+02, nu_p99=5.707e+02, interior_frac=0.000
[Frame 1349] mode=DIR  iters=   5000, x_range=8.759e-12, y_range=5.005e-12
    nu_min=4.196e+02, nu_max=9.138e+02, nu_mean=4.539e+02, nu_std=3.233e+01
    nu_p05=4.212e+02, nu_p50=4.459e+02, nu_p95=5.173e+02, nu_p99=5.700e+02, interior_frac=0.000
[Frame 1350] mode=DIR  iters=   5000, x_range=8.587e-12, y_range=4.907e-12
    nu_min=4.197e+02, nu_max=8.620e+02, nu_mean=4.538e+02, nu_std=3.217e+01
    nu_p05=4.213e+02, nu_p50=4.459e+02, nu_p95=5.170e+02, nu_p99=5.705e+02, interior_frac=0.000
[Frame 1351] mode=DIR  iters=   5000, x_range=8.419e-12, y_range=4.811e-12
    nu_min=4.197e+02, nu_max=9.283e+02, nu_mean=4.537e+02, nu_std=3.194e+01
    nu_p05=4.214e+02, nu_p50=4.459e+02, nu_p95=5.166e+02, nu_p99=5.701e+02, interior_frac=0.000
[Frame 1352] mode=DIR  iters=   5000, x_range=8.253e-12, y_range=4.716e-12
    nu_min=4.198e+02, nu_max=9.319e+02, nu_mean=4.535e+02, nu_std=3.155e+01
    nu_p05=4.215e+02, nu_p50=4.459e+02, nu_p95=5.158e+02, nu_p99=5.693e+02, interior_frac=0.000
[Frame 1353] mode=DIR  iters=   5000, x_range=8.092e-12, y_range=4.624e-12
    nu_min=4.199e+02, nu_max=9.249e+02, nu_mean=4.533e+02, nu_std=3.105e+01
    nu_p05=4.216e+02, nu_p50=4.458e+02, nu_p95=5.146e+02, nu_p99=5.675e+02, interior_frac=0.000
[Frame 1354] mode=DIR  iters=   5000, x_range=7.933e-12, y_range=4.533e-12
    nu_min=4.199e+02, nu_max=9.718e+02, nu_mean=4.531e+02, nu_std=3.062e+01
    nu_p05=4.217e+02, nu_p50=4.458e+02, nu_p95=5.135e+02, nu_p99=5.659e+02, interior_frac=0.000
[Frame 1355] mode=DIR  iters=   5000, x_range=7.777e-12, y_range=4.444e-12
    nu_min=4.200e+02, nu_max=9.506e+02, nu_mean=4.530e+02, nu_std=3.032e+01
    nu_p05=4.218e+02, nu_p50=4.457e+02, nu_p95=5.127e+02, nu_p99=5.653e+02, interior_frac=0.000
[Frame 1356] mode=DIR  iters=   5000, x_range=7.625e-12, y_range=4.357e-12
    nu_min=4.203e+02, nu_max=8.822e+02, nu_mean=4.529e+02, nu_std=2.999e+01
    nu_p05=4.219e+02, nu_p50=4.457e+02, nu_p95=5.117e+02, nu_p99=5.642e+02, interior_frac=0.000
[Frame 1357] mode=DIR  iters=   5000, x_range=7.475e-12, y_range=4.272e-12
    nu_min=4.204e+02, nu_max=9.521e+02, nu_mean=4.528e+02, nu_std=2.966e+01
    nu_p05=4.220e+02, nu_p50=4.457e+02, nu_p95=5.107e+02, nu_p99=5.634e+02, interior_frac=0.000
[Frame 1358] mode=DIR  iters=   5000, x_range=7.329e-12, y_range=4.188e-12
    nu_min=4.205e+02, nu_max=9.927e+02, nu_mean=4.528e+02, nu_std=2.954e+01
    nu_p05=4.221e+02, nu_p50=4.456e+02, nu_p95=5.107e+02, nu_p99=5.633e+02, interior_frac=0.000
[Frame 1359] mode=DIR  iters=   5000, x_range=7.185e-12, y_range=4.106e-12
    nu_min=4.206e+02, nu_max=9.239e+02, nu_mean=4.529e+02, nu_std=2.945e+01
    nu_p05=4.223e+02, nu_p50=4.456e+02, nu_p95=5.108e+02, nu_p99=5.633e+02, interior_frac=0.000
[Frame 1360] mode=DIR  iters=   5000, x_range=7.044e-12, y_range=4.025e-12
    nu_min=4.207e+02, nu_max=9.536e+02, nu_mean=4.531e+02, nu_std=2.947e+01
    nu_p05=4.224e+02, nu_p50=4.456e+02, nu_p95=5.110e+02, nu_p99=5.640e+02, interior_frac=0.000
[Frame 1361] mode=DIR  iters=   5000, x_range=6.906e-12, y_range=3.946e-12
    nu_min=4.208e+02, nu_max=9.288e+02, nu_mean=4.533e+02, nu_std=2.947e+01
    nu_p05=4.225e+02, nu_p50=4.456e+02, nu_p95=5.115e+02, nu_p99=5.639e+02, interior_frac=0.000
[Frame 1362] mode=DIR  iters=   5000, x_range=6.771e-12, y_range=3.869e-12
    nu_min=4.209e+02, nu_max=8.659e+02, nu_mean=4.536e+02, nu_std=2.955e+01
    nu_p05=4.226e+02, nu_p50=4.456e+02, nu_p95=5.120e+02, nu_p99=5.649e+02, interior_frac=0.000
[Frame 1363] mode=DIR  iters=   5000, x_range=6.638e-12, y_range=3.793e-12
    nu_min=4.211e+02, nu_max=9.911e+02, nu_mean=4.540e+02, nu_std=2.964e+01
    nu_p05=4.227e+02, nu_p50=4.457e+02, nu_p95=5.127e+02, nu_p99=5.654e+02, interior_frac=0.000
[Frame 1364] mode=DIR  iters=   5000, x_range=6.508e-12, y_range=3.719e-12
    nu_min=4.212e+02, nu_max=9.059e+02, nu_mean=4.543e+02, nu_std=2.965e+01
    nu_p05=4.228e+02, nu_p50=4.458e+02, nu_p95=5.131e+02, nu_p99=5.659e+02, interior_frac=0.000
[Frame 1365] mode=DIR  iters=   5000, x_range=6.380e-12, y_range=3.646e-12
    nu_min=4.212e+02, nu_max=8.997e+02, nu_mean=4.547e+02, nu_std=2.972e+01
    nu_p05=4.229e+02, nu_p50=4.459e+02, nu_p95=5.137e+02, nu_p99=5.662e+02, interior_frac=0.000
[Frame 1366] mode=DIR  iters=   5000, x_range=6.255e-12, y_range=3.574e-12
    nu_min=4.213e+02, nu_max=9.488e+02, nu_mean=4.551e+02, nu_std=2.980e+01
    nu_p05=4.230e+02, nu_p50=4.459e+02, nu_p95=5.144e+02, nu_p99=5.670e+02, interior_frac=0.000
[Frame 1367] mode=DIR  iters=   5000, x_range=6.132e-12, y_range=3.504e-12
    nu_min=4.214e+02, nu_max=9.142e+02, nu_mean=4.555e+02, nu_std=2.998e+01
    nu_p05=4.231e+02, nu_p50=4.460e+02, nu_p95=5.151e+02, nu_p99=5.681e+02, interior_frac=0.000
[Frame 1368] mode=DIR  iters=   5000, x_range=6.012e-12, y_range=3.436e-12
    nu_min=4.215e+02, nu_max=9.193e+02, nu_mean=4.558e+02, nu_std=3.010e+01
    nu_p05=4.232e+02, nu_p50=4.462e+02, nu_p95=5.157e+02, nu_p99=5.685e+02, interior_frac=0.000
[Frame 1369] mode=DIR  iters=   5000, x_range=5.894e-12, y_range=3.368e-12
    nu_min=4.216e+02, nu_max=9.547e+02, nu_mean=4.561e+02, nu_std=3.015e+01
    nu_p05=4.233e+02, nu_p50=4.463e+02, nu_p95=5.160e+02, nu_p99=5.689e+02, interior_frac=0.000
[Frame 1370] mode=DIR  iters=   5000, x_range=5.779e-12, y_range=3.302e-12
    nu_min=4.216e+02, nu_max=9.876e+02, nu_mean=4.564e+02, nu_std=3.025e+01
    nu_p05=4.234e+02, nu_p50=4.464e+02, nu_p95=5.166e+02, nu_p99=5.692e+02, interior_frac=0.000
[Frame 1371] mode=DIR  iters=   5000, x_range=5.665e-12, y_range=3.237e-12
    nu_min=4.217e+02, nu_max=9.927e+02, nu_mean=4.567e+02, nu_std=3.039e+01
    nu_p05=4.235e+02, nu_p50=4.465e+02, nu_p95=5.171e+02, nu_p99=5.700e+02, interior_frac=0.000
[Frame 1372] mode=DIR  iters=   5000, x_range=5.554e-12, y_range=3.174e-12
    nu_min=4.218e+02, nu_max=9.479e+02, nu_mean=4.570e+02, nu_std=3.049e+01
    nu_p05=4.236e+02, nu_p50=4.466e+02, nu_p95=5.176e+02, nu_p99=5.705e+02, interior_frac=0.000
[Frame 1373] mode=DIR  iters=   5000, x_range=5.445e-12, y_range=3.112e-12
    nu_min=4.219e+02, nu_max=9.210e+02, nu_mean=4.573e+02, nu_std=3.062e+01
    nu_p05=4.238e+02, nu_p50=4.467e+02, nu_p95=5.181e+02, nu_p99=5.713e+02, interior_frac=0.000
[Frame 1374] mode=DIR  iters=   5000, x_range=5.339e-12, y_range=3.051e-12
    nu_min=4.219e+02, nu_max=9.070e+02, nu_mean=4.575e+02, nu_std=3.069e+01
    nu_p05=4.239e+02, nu_p50=4.468e+02, nu_p95=5.187e+02, nu_p99=5.715e+02, interior_frac=0.000
[Frame 1375] mode=DIR  iters=   5000, x_range=5.234e-12, y_range=2.991e-12
    nu_min=4.222e+02, nu_max=8.802e+02, nu_mean=4.578e+02, nu_std=3.080e+01
    nu_p05=4.239e+02, nu_p50=4.469e+02, nu_p95=5.190e+02, nu_p99=5.723e+02, interior_frac=0.000
[Frame 1376] mode=DIR  iters=   5000, x_range=5.131e-12, y_range=2.932e-12
    nu_min=4.223e+02, nu_max=8.757e+02, nu_mean=4.580e+02, nu_std=3.081e+01
    nu_p05=4.240e+02, nu_p50=4.469e+02, nu_p95=5.193e+02, nu_p99=5.726e+02, interior_frac=0.000
[Frame 1377] mode=DIR  iters=   5000, x_range=5.031e-12, y_range=2.875e-12
    nu_min=4.224e+02, nu_max=9.619e+02, nu_mean=4.581e+02, nu_std=3.079e+01
    nu_p05=4.242e+02, nu_p50=4.470e+02, nu_p95=5.194e+02, nu_p99=5.725e+02, interior_frac=0.000
[Frame 1378] mode=DIR  iters=   5000, x_range=4.932e-12, y_range=2.818e-12
    nu_min=4.226e+02, nu_max=9.334e+02, nu_mean=4.582e+02, nu_std=3.071e+01
    nu_p05=4.243e+02, nu_p50=4.470e+02, nu_p95=5.192e+02, nu_p99=5.723e+02, interior_frac=0.000
[Frame 1379] mode=DIR  iters=   5000, x_range=4.835e-12, y_range=2.763e-12
    nu_min=4.227e+02, nu_max=9.599e+02, nu_mean=4.583e+02, nu_std=3.069e+01
    nu_p05=4.244e+02, nu_p50=4.471e+02, nu_p95=5.194e+02, nu_p99=5.726e+02, interior_frac=0.000
[Frame 1380] mode=DIR  iters=   5000, x_range=4.741e-12, y_range=2.709e-12
    nu_min=4.228e+02, nu_max=9.307e+02, nu_mean=4.584e+02, nu_std=3.076e+01
    nu_p05=4.245e+02, nu_p50=4.471e+02, nu_p95=5.196e+02, nu_p99=5.730e+02, interior_frac=0.000
[Frame 1381] mode=DIR  iters=   5000, x_range=4.648e-12, y_range=2.656e-12
    nu_min=4.228e+02, nu_max=8.608e+02, nu_mean=4.586e+02, nu_std=3.087e+01
    nu_p05=4.245e+02, nu_p50=4.472e+02, nu_p95=5.200e+02, nu_p99=5.734e+02, interior_frac=0.000
[Frame 1382] mode=DIR  iters=   5000, x_range=4.556e-12, y_range=2.604e-12
    nu_min=4.229e+02, nu_max=9.047e+02, nu_mean=4.588e+02, nu_std=3.099e+01
    nu_p05=4.246e+02, nu_p50=4.473e+02, nu_p95=5.204e+02, nu_p99=5.739e+02, interior_frac=0.000
[Frame 1383] mode=DIR  iters=   5000, x_range=4.467e-12, y_range=2.553e-12
    nu_min=4.230e+02, nu_max=9.507e+02, nu_mean=4.591e+02, nu_std=3.127e+01
    nu_p05=4.247e+02, nu_p50=4.474e+02, nu_p95=5.212e+02, nu_p99=5.745e+02, interior_frac=0.000
[Frame 1384] mode=DIR  iters=   5000, x_range=4.380e-12, y_range=2.503e-12
    nu_min=4.230e+02, nu_max=9.613e+02, nu_mean=4.594e+02, nu_std=3.152e+01
    nu_p05=4.248e+02, nu_p50=4.475e+02, nu_p95=5.218e+02, nu_p99=5.757e+02, interior_frac=0.000
[Frame 1385] mode=DIR  iters=   5000, x_range=4.294e-12, y_range=2.454e-12
    nu_min=4.231e+02, nu_max=9.783e+02, nu_mean=4.597e+02, nu_std=3.165e+01
    nu_p05=4.249e+02, nu_p50=4.476e+02, nu_p95=5.225e+02, nu_p99=5.757e+02, interior_frac=0.000
[Frame 1386] mode=DIR  iters=   5000, x_range=4.209e-12, y_range=2.405e-12
    nu_min=4.232e+02, nu_max=9.426e+02, nu_mean=4.599e+02, nu_std=3.178e+01
    nu_p05=4.249e+02, nu_p50=4.477e+02, nu_p95=5.228e+02, nu_p99=5.767e+02, interior_frac=0.000
[Frame 1387] mode=DIR  iters=   5000, x_range=4.127e-12, y_range=2.358e-12
    nu_min=4.233e+02, nu_max=9.165e+02, nu_mean=4.599e+02, nu_std=3.174e+01
    nu_p05=4.250e+02, nu_p50=4.478e+02, nu_p95=5.229e+02, nu_p99=5.764e+02, interior_frac=0.000
[Frame 1388] mode=DIR  iters=   5000, x_range=4.046e-12, y_range=2.312e-12
    nu_min=4.233e+02, nu_max=9.829e+02, nu_mean=4.600e+02, nu_std=3.177e+01
    nu_p05=4.251e+02, nu_p50=4.479e+02, nu_p95=5.230e+02, nu_p99=5.770e+02, interior_frac=0.000
[Frame 1389] mode=DIR  iters=   5000, x_range=3.967e-12, y_range=2.267e-12
    nu_min=4.234e+02, nu_max=1.028e+03, nu_mean=4.601e+02, nu_std=3.174e+01
    nu_p05=4.252e+02, nu_p50=4.479e+02, nu_p95=5.232e+02, nu_p99=5.768e+02, interior_frac=0.000
[Frame 1390] mode=DIR  iters=   5000, x_range=3.889e-12, y_range=2.222e-12
    nu_min=4.235e+02, nu_max=9.144e+02, nu_mean=4.602e+02, nu_std=3.175e+01
    nu_p05=4.253e+02, nu_p50=4.480e+02, nu_p95=5.234e+02, nu_p99=5.771e+02, interior_frac=0.000
[Frame 1391] mode=DIR  iters=   5000, x_range=3.813e-12, y_range=2.179e-12
    nu_min=4.235e+02, nu_max=9.488e+02, nu_mean=4.602e+02, nu_std=3.170e+01
    nu_p05=4.254e+02, nu_p50=4.481e+02, nu_p95=5.230e+02, nu_p99=5.776e+02, interior_frac=0.000
[Frame 1392] mode=DIR  iters=   5000, x_range=3.738e-12, y_range=2.136e-12
    nu_min=4.236e+02, nu_max=1.111e+03, nu_mean=4.602e+02, nu_std=3.156e+01
    nu_p05=4.255e+02, nu_p50=4.482e+02, nu_p95=5.228e+02, nu_p99=5.768e+02, interior_frac=0.000
[Frame 1393] mode=DIR  iters=   5000, x_range=3.665e-12, y_range=2.094e-12
    nu_min=4.237e+02, nu_max=8.946e+02, nu_mean=4.601e+02, nu_std=3.136e+01
    nu_p05=4.256e+02, nu_p50=4.482e+02, nu_p95=5.221e+02, nu_p99=5.765e+02, interior_frac=0.000
[Frame 1394] mode=DIR  iters=   5000, x_range=3.593e-12, y_range=2.053e-12
    nu_min=4.238e+02, nu_max=8.427e+02, nu_mean=4.601e+02, nu_std=3.110e+01
    nu_p05=4.257e+02, nu_p50=4.483e+02, nu_p95=5.216e+02, nu_p99=5.750e+02, interior_frac=0.000
[Frame 1395] mode=DIR  iters=   5000, x_range=3.522e-12, y_range=2.013e-12
    nu_min=4.238e+02, nu_max=9.256e+02, nu_mean=4.600e+02, nu_std=3.082e+01
    nu_p05=4.258e+02, nu_p50=4.483e+02, nu_p95=5.208e+02, nu_p99=5.736e+02, interior_frac=0.000
[Frame 1396] mode=DIR  iters=   5000, x_range=3.453e-12, y_range=1.973e-12
    nu_min=4.239e+02, nu_max=9.165e+02, nu_mean=4.599e+02, nu_std=3.061e+01
    nu_p05=4.258e+02, nu_p50=4.483e+02, nu_p95=5.200e+02, nu_p99=5.730e+02, interior_frac=0.000
[Frame 1397] mode=DIR  iters=   5000, x_range=3.386e-12, y_range=1.935e-12
    nu_min=4.240e+02, nu_max=9.547e+02, nu_mean=4.598e+02, nu_std=3.030e+01
    nu_p05=4.259e+02, nu_p50=4.483e+02, nu_p95=5.195e+02, nu_p99=5.720e+02, interior_frac=0.000
[Frame 1398] mode=DIR  iters=   5000, x_range=3.319e-12, y_range=1.897e-12
    nu_min=4.241e+02, nu_max=9.160e+02, nu_mean=4.596e+02, nu_std=3.001e+01
    nu_p05=4.260e+02, nu_p50=4.483e+02, nu_p95=5.189e+02, nu_p99=5.707e+02, interior_frac=0.000
[Frame 1399] mode=DIR  iters=   5000, x_range=3.254e-12, y_range=1.859e-12
    nu_min=4.242e+02, nu_max=9.972e+02, nu_mean=4.594e+02, nu_std=2.977e+01
    nu_p05=4.261e+02, nu_p50=4.482e+02, nu_p95=5.183e+02, nu_p99=5.704e+02, interior_frac=0.000
[Frame 1400] mode=DIR  iters=   5000, x_range=3.190e-12, y_range=1.823e-12
    nu_min=4.242e+02, nu_max=9.158e+02, nu_mean=4.591e+02, nu_std=2.948e+01
    nu_p05=4.262e+02, nu_p50=4.481e+02, nu_p95=5.176e+02, nu_p99=5.696e+02, interior_frac=0.000
[Frame 1401] mode=DIR  iters=   5000, x_range=3.128e-12, y_range=1.787e-12
    nu_min=4.243e+02, nu_max=8.759e+02, nu_mean=4.590e+02, nu_std=2.922e+01
    nu_p05=4.263e+02, nu_p50=4.481e+02, nu_p95=5.171e+02, nu_p99=5.689e+02, interior_frac=0.000
[Frame 1402] mode=DIR  iters=   5000, x_range=3.066e-12, y_range=1.752e-12
    nu_min=4.244e+02, nu_max=9.099e+02, nu_mean=4.590e+02, nu_std=2.907e+01
    nu_p05=4.265e+02, nu_p50=4.480e+02, nu_p95=5.168e+02, nu_p99=5.687e+02, interior_frac=0.000
[Frame 1403] mode=DIR  iters=   5000, x_range=3.006e-12, y_range=1.718e-12
    nu_min=4.245e+02, nu_max=9.742e+02, nu_mean=4.589e+02, nu_std=2.889e+01
    nu_p05=4.266e+02, nu_p50=4.480e+02, nu_p95=5.164e+02, nu_p99=5.684e+02, interior_frac=0.000
[Frame 1404] mode=DIR  iters=   5000, x_range=2.947e-12, y_range=1.684e-12
    nu_min=4.245e+02, nu_max=9.574e+02, nu_mean=4.589e+02, nu_std=2.879e+01
    nu_p05=4.267e+02, nu_p50=4.480e+02, nu_p95=5.164e+02, nu_p99=5.685e+02, interior_frac=0.000
[Frame 1405] mode=DIR  iters=   5000, x_range=2.890e-12, y_range=1.651e-12
    nu_min=4.246e+02, nu_max=1.015e+03, nu_mean=4.588e+02, nu_std=2.854e+01
    nu_p05=4.269e+02, nu_p50=4.480e+02, nu_p95=5.157e+02, nu_p99=5.682e+02, interior_frac=0.000
[Frame 1406] mode=DIR  iters=   5000, x_range=2.833e-12, y_range=1.619e-12
    nu_min=4.247e+02, nu_max=9.538e+02, nu_mean=4.588e+02, nu_std=2.827e+01
    nu_p05=4.270e+02, nu_p50=4.480e+02, nu_p95=5.152e+02, nu_p99=5.676e+02, interior_frac=0.000
[Frame 1407] mode=DIR  iters=   5000, x_range=2.777e-12, y_range=1.587e-12
    nu_min=4.248e+02, nu_max=9.485e+02, nu_mean=4.587e+02, nu_std=2.794e+01
    nu_p05=4.273e+02, nu_p50=4.479e+02, nu_p95=5.146e+02, nu_p99=5.668e+02, interior_frac=0.000
[Frame 1408] mode=DIR  iters=   5000, x_range=2.723e-12, y_range=1.556e-12
    nu_min=4.248e+02, nu_max=9.333e+02, nu_mean=4.585e+02, nu_std=2.753e+01
    nu_p05=4.276e+02, nu_p50=4.479e+02, nu_p95=5.135e+02, nu_p99=5.660e+02, interior_frac=0.000
[Frame 1409] mode=DIR  iters=   5000, x_range=2.669e-12, y_range=1.525e-12
    nu_min=4.249e+02, nu_max=9.618e+02, nu_mean=4.584e+02, nu_std=2.718e+01
    nu_p05=4.278e+02, nu_p50=4.479e+02, nu_p95=5.124e+02, nu_p99=5.652e+02, interior_frac=0.000
[Frame 1410] mode=DIR  iters=   5000, x_range=2.617e-12, y_range=1.496e-12
    nu_min=4.249e+02, nu_max=9.468e+02, nu_mean=4.583e+02, nu_std=2.690e+01
    nu_p05=4.281e+02, nu_p50=4.479e+02, nu_p95=5.118e+02, nu_p99=5.645e+02, interior_frac=0.000
[Frame 1411] mode=DIR  iters=   5000, x_range=2.566e-12, y_range=1.466e-12
    nu_min=4.250e+02, nu_max=9.453e+02, nu_mean=4.582e+02, nu_std=2.672e+01
    nu_p05=4.285e+02, nu_p50=4.479e+02, nu_p95=5.114e+02, nu_p99=5.646e+02, interior_frac=0.000
[Frame 1412] mode=DIR  iters=   5000, x_range=2.516e-12, y_range=1.437e-12
    nu_min=4.251e+02, nu_max=8.597e+02, nu_mean=4.582e+02, nu_std=2.660e+01
    nu_p05=4.290e+02, nu_p50=4.479e+02, nu_p95=5.113e+02, nu_p99=5.647e+02, interior_frac=0.000
[Frame 1413] mode=DIR  iters=   5000, x_range=2.466e-12, y_range=1.409e-12
    nu_min=4.251e+02, nu_max=8.830e+02, nu_mean=4.582e+02, nu_std=2.654e+01
    nu_p05=4.297e+02, nu_p50=4.479e+02, nu_p95=5.116e+02, nu_p99=5.649e+02, interior_frac=0.000
[Frame 1414] mode=DIR  iters=   5000, x_range=2.418e-12, y_range=1.382e-12
    nu_min=4.252e+02, nu_max=8.555e+02, nu_mean=4.583e+02, nu_std=2.658e+01
    nu_p05=4.306e+02, nu_p50=4.479e+02, nu_p95=5.120e+02, nu_p99=5.653e+02, interior_frac=0.000
[Frame 1415] mode=DIR  iters=   5000, x_range=2.370e-12, y_range=1.355e-12
    nu_min=4.253e+02, nu_max=8.733e+02, nu_mean=4.583e+02, nu_std=2.652e+01
    nu_p05=4.321e+02, nu_p50=4.479e+02, nu_p95=5.122e+02, nu_p99=5.652e+02, interior_frac=0.000
[Frame 1416] mode=DIR  iters=   5000, x_range=2.324e-12, y_range=1.328e-12
    nu_min=4.254e+02, nu_max=9.023e+02, nu_mean=4.583e+02, nu_std=2.648e+01
    nu_p05=4.348e+02, nu_p50=4.479e+02, nu_p95=5.124e+02, nu_p99=5.656e+02, interior_frac=0.000
[Frame 1417] mode=DIR  iters=   5000, x_range=2.278e-12, y_range=1.302e-12
    nu_min=4.255e+02, nu_max=8.854e+02, nu_mean=4.583e+02, nu_std=2.640e+01
    nu_p05=4.419e+02, nu_p50=4.479e+02, nu_p95=5.124e+02, nu_p99=5.653e+02, interior_frac=0.000
[Frame 1418] mode=DIR  iters=   5000, x_range=2.234e-12, y_range=1.276e-12
    nu_min=4.256e+02, nu_max=9.322e+02, nu_mean=4.583e+02, nu_std=2.631e+01
    nu_p05=4.438e+02, nu_p50=4.478e+02, nu_p95=5.123e+02, nu_p99=5.652e+02, interior_frac=0.000
[Frame 1419] mode=DIR  iters=   5000, x_range=2.190e-12, y_range=1.251e-12
    nu_min=4.258e+02, nu_max=9.613e+02, nu_mean=4.582e+02, nu_std=2.619e+01
    nu_p05=4.439e+02, nu_p50=4.478e+02, nu_p95=5.121e+02, nu_p99=5.650e+02, interior_frac=0.000
[Frame 1420] mode=DIR  iters=   5000, x_range=2.147e-12, y_range=1.227e-12
    nu_min=4.258e+02, nu_max=8.913e+02, nu_mean=4.582e+02, nu_std=2.610e+01
    nu_p05=4.439e+02, nu_p50=4.478e+02, nu_p95=5.119e+02, nu_p99=5.649e+02, interior_frac=0.000
[Frame 1421] mode=DIR  iters=   5000, x_range=2.105e-12, y_range=1.203e-12
    nu_min=4.259e+02, nu_max=9.085e+02, nu_mean=4.581e+02, nu_std=2.597e+01
    nu_p05=4.439e+02, nu_p50=4.478e+02, nu_p95=5.115e+02, nu_p99=5.647e+02, interior_frac=0.000
[Frame 1422] mode=DIR  iters=   5000, x_range=2.064e-12, y_range=1.179e-12
    nu_min=4.260e+02, nu_max=9.215e+02, nu_mean=4.580e+02, nu_std=2.578e+01
    nu_p05=4.440e+02, nu_p50=4.478e+02, nu_p95=5.109e+02, nu_p99=5.639e+02, interior_frac=0.000
[Frame 1423] mode=DIR  iters=   5000, x_range=2.023e-12, y_range=1.156e-12
    nu_min=4.262e+02, nu_max=8.922e+02, nu_mean=4.579e+02, nu_std=2.562e+01
    nu_p05=4.440e+02, nu_p50=4.477e+02, nu_p95=5.105e+02, nu_p99=5.638e+02, interior_frac=0.000
[Frame 1424] mode=DIR  iters=   5000, x_range=1.983e-12, y_range=1.133e-12
    nu_min=4.263e+02, nu_max=9.339e+02, nu_mean=4.577e+02, nu_std=2.538e+01
    nu_p05=4.441e+02, nu_p50=4.477e+02, nu_p95=5.098e+02, nu_p99=5.630e+02, interior_frac=0.000
[Frame 1425] mode=DIR  iters=   5000, x_range=1.945e-12, y_range=1.111e-12
    nu_min=4.265e+02, nu_max=8.845e+02, nu_mean=4.575e+02, nu_std=2.517e+01
    nu_p05=4.441e+02, nu_p50=4.476e+02, nu_p95=5.089e+02, nu_p99=5.630e+02, interior_frac=0.000
[Frame 1426] mode=DIR  iters=   5000, x_range=1.906e-12, y_range=1.089e-12
    nu_min=4.268e+02, nu_max=8.716e+02, nu_mean=4.573e+02, nu_std=2.490e+01
    nu_p05=4.442e+02, nu_p50=4.476e+02, nu_p95=5.080e+02, nu_p99=5.622e+02, interior_frac=0.000
[Frame 1427] mode=DIR  iters=   5000, x_range=1.869e-12, y_range=1.068e-12
    nu_min=4.270e+02, nu_max=1.111e+03, nu_mean=4.570e+02, nu_std=2.459e+01
    nu_p05=4.442e+02, nu_p50=4.476e+02, nu_p95=5.072e+02, nu_p99=5.613e+02, interior_frac=0.000
[Frame 1428] mode=DIR  iters=   5000, x_range=1.832e-12, y_range=1.047e-12
    nu_min=4.273e+02, nu_max=9.444e+02, nu_mean=4.568e+02, nu_std=2.427e+01
    nu_p05=4.442e+02, nu_p50=4.475e+02, nu_p95=5.061e+02, nu_p99=5.605e+02, interior_frac=0.000
[Frame 1429] mode=DIR  iters=   5000, x_range=1.796e-12, y_range=1.027e-12
    nu_min=4.276e+02, nu_max=9.047e+02, nu_mean=4.566e+02, nu_std=2.395e+01
    nu_p05=4.443e+02, nu_p50=4.475e+02, nu_p95=5.051e+02, nu_p99=5.591e+02, interior_frac=0.000
[Frame 1430] mode=DIR  iters=   5000, x_range=1.761e-12, y_range=1.006e-12
    nu_min=4.279e+02, nu_max=9.228e+02, nu_mean=4.563e+02, nu_std=2.359e+01
    nu_p05=4.443e+02, nu_p50=4.474e+02, nu_p95=5.039e+02, nu_p99=5.579e+02, interior_frac=0.000
[Frame 1431] mode=DIR  iters=   5000, x_range=1.727e-12, y_range=9.867e-13
    nu_min=4.282e+02, nu_max=8.568e+02, nu_mean=4.562e+02, nu_std=2.342e+01
    nu_p05=4.443e+02, nu_p50=4.474e+02, nu_p95=5.033e+02, nu_p99=5.569e+02, interior_frac=0.000
[Frame 1432] mode=DIR  iters=   5000, x_range=1.693e-12, y_range=9.674e-13
    nu_min=4.286e+02, nu_max=9.084e+02, nu_mean=4.561e+02, nu_std=2.325e+01
    nu_p05=4.444e+02, nu_p50=4.473e+02, nu_p95=5.028e+02, nu_p99=5.568e+02, interior_frac=0.000
[Frame 1433] mode=DIR  iters=   5000, x_range=1.660e-12, y_range=9.484e-13
    nu_min=4.291e+02, nu_max=8.812e+02, nu_mean=4.559e+02, nu_std=2.318e+01
    nu_p05=4.444e+02, nu_p50=4.473e+02, nu_p95=5.025e+02, nu_p99=5.568e+02, interior_frac=0.000
[Frame 1434] mode=DIR  iters=   5000, x_range=1.627e-12, y_range=9.298e-13
    nu_min=4.297e+02, nu_max=8.594e+02, nu_mean=4.558e+02, nu_std=2.310e+01
    nu_p05=4.444e+02, nu_p50=4.473e+02, nu_p95=5.024e+02, nu_p99=5.563e+02, interior_frac=0.000
[Frame 1435] mode=DIR  iters=   5000, x_range=1.595e-12, y_range=9.116e-13
    nu_min=4.303e+02, nu_max=9.080e+02, nu_mean=4.558e+02, nu_std=2.319e+01
    nu_p05=4.444e+02, nu_p50=4.472e+02, nu_p95=5.026e+02, nu_p99=5.570e+02, interior_frac=0.000
[Frame 1436] mode=DIR  iters=   5000, x_range=1.564e-12, y_range=8.937e-13
    nu_min=4.310e+02, nu_max=9.155e+02, nu_mean=4.557e+02, nu_std=2.322e+01
    nu_p05=4.445e+02, nu_p50=4.472e+02, nu_p95=5.027e+02, nu_p99=5.572e+02, interior_frac=0.000
[Frame 1437] mode=DIR  iters=   5000, x_range=1.533e-12, y_range=8.762e-13
    nu_min=4.319e+02, nu_max=9.056e+02, nu_mean=4.556e+02, nu_std=2.308e+01
    nu_p05=4.445e+02, nu_p50=4.472e+02, nu_p95=5.024e+02, nu_p99=5.567e+02, interior_frac=0.000
[Frame 1438] mode=DIR  iters=   5000, x_range=1.503e-12, y_range=8.590e-13
    nu_min=4.330e+02, nu_max=9.042e+02, nu_mean=4.555e+02, nu_std=2.295e+01
    nu_p05=4.445e+02, nu_p50=4.471e+02, nu_p95=5.019e+02, nu_p99=5.566e+02, interior_frac=0.000
[Frame 1439] mode=DIR  iters=   5000, x_range=1.474e-12, y_range=8.421e-13
    nu_min=4.351e+02, nu_max=8.779e+02, nu_mean=4.553e+02, nu_std=2.285e+01
    nu_p05=4.445e+02, nu_p50=4.471e+02, nu_p95=5.016e+02, nu_p99=5.567e+02, interior_frac=0.000
[Frame 1440] mode=DIR  iters=   5000, x_range=1.445e-12, y_range=8.256e-13
    nu_min=4.398e+02, nu_max=9.238e+02, nu_mean=4.552e+02, nu_std=2.281e+01
    nu_p05=4.445e+02, nu_p50=4.470e+02, nu_p95=5.011e+02, nu_p99=5.569e+02, interior_frac=0.000
[Frame 1441] mode=DIR  iters=   5000, x_range=1.417e-12, y_range=8.094e-13
    nu_min=4.432e+02, nu_max=8.626e+02, nu_mean=4.549e+02, nu_std=2.256e+01
    nu_p05=4.446e+02, nu_p50=4.470e+02, nu_p95=5.004e+02, nu_p99=5.560e+02, interior_frac=0.000
[Frame 1442] mode=DIR  iters=   5000, x_range=1.389e-12, y_range=7.936e-13
    nu_min=4.442e+02, nu_max=9.220e+02, nu_mean=4.547e+02, nu_std=2.225e+01
    nu_p05=4.446e+02, nu_p50=4.470e+02, nu_p95=4.997e+02, nu_p99=5.549e+02, interior_frac=0.000
[Frame 1443] mode=DIR  iters=   5000, x_range=1.362e-12, y_range=7.780e-13
    nu_min=4.443e+02, nu_max=8.546e+02, nu_mean=4.544e+02, nu_std=2.188e+01
    nu_p05=4.446e+02, nu_p50=4.470e+02, nu_p95=4.988e+02, nu_p99=5.533e+02, interior_frac=0.000
[Frame 1444] mode=DIR  iters=   5000, x_range=1.335e-12, y_range=7.627e-13
    nu_min=4.443e+02, nu_max=9.147e+02, nu_mean=4.541e+02, nu_std=2.119e+01
    nu_p05=4.446e+02, nu_p50=4.469e+02, nu_p95=4.975e+02, nu_p99=5.500e+02, interior_frac=0.000
[Frame 1445] mode=DIR  iters=   5000, x_range=1.309e-12, y_range=7.478e-13
    nu_min=4.443e+02, nu_max=9.047e+02, nu_mean=4.537e+02, nu_std=2.063e+01
    nu_p05=4.446e+02, nu_p50=4.469e+02, nu_p95=4.964e+02, nu_p99=5.479e+02, interior_frac=0.000
[Frame 1446] mode=DIR  iters=   5000, x_range=1.283e-12, y_range=7.331e-13
    nu_min=4.443e+02, nu_max=8.900e+02, nu_mean=4.534e+02, nu_std=2.015e+01
    nu_p05=4.446e+02, nu_p50=4.469e+02, nu_p95=4.952e+02, nu_p99=5.460e+02, interior_frac=0.000
[Frame 1447] mode=DIR  iters=   5000, x_range=1.258e-12, y_range=7.188e-13
    nu_min=4.443e+02, nu_max=9.263e+02, nu_mean=4.531e+02, nu_std=1.967e+01
    nu_p05=4.446e+02, nu_p50=4.469e+02, nu_p95=4.938e+02, nu_p99=5.439e+02, interior_frac=0.000
[Frame 1448] mode=DIR  iters=   5000, x_range=1.233e-12, y_range=7.047e-13
    nu_min=4.444e+02, nu_max=8.975e+02, nu_mean=4.528e+02, nu_std=1.921e+01
    nu_p05=4.447e+02, nu_p50=4.469e+02, nu_p95=4.915e+02, nu_p99=5.423e+02, interior_frac=0.000
[Frame 1449] mode=DIR  iters=   5000, x_range=1.209e-12, y_range=6.908e-13
    nu_min=4.444e+02, nu_max=8.764e+02, nu_mean=4.525e+02, nu_std=1.864e+01
    nu_p05=4.447e+02, nu_p50=4.468e+02, nu_p95=4.881e+02, nu_p99=5.398e+02, interior_frac=0.000
[Frame 1450] mode=DIR  iters=   5000, x_range=1.185e-12, y_range=6.773e-13
    nu_min=4.444e+02, nu_max=9.071e+02, nu_mean=4.521e+02, nu_std=1.796e+01
    nu_p05=4.447e+02, nu_p50=4.468e+02, nu_p95=4.845e+02, nu_p99=5.364e+02, interior_frac=0.000
[Frame 1451] mode=DIR  iters=   5000, x_range=1.162e-12, y_range=6.640e-13
    nu_min=4.444e+02, nu_max=9.369e+02, nu_mean=4.518e+02, nu_std=1.746e+01
    nu_p05=4.447e+02, nu_p50=4.468e+02, nu_p95=4.817e+02, nu_p99=5.339e+02, interior_frac=0.000
[Frame 1452] mode=DIR  iters=   5000, x_range=1.139e-12, y_range=6.510e-13
    nu_min=4.444e+02, nu_max=8.513e+02, nu_mean=4.515e+02, nu_std=1.695e+01
    nu_p05=4.447e+02, nu_p50=4.468e+02, nu_p95=4.797e+02, nu_p99=5.322e+02, interior_frac=0.000
[Frame 1453] mode=DIR  iters=   5000, x_range=1.117e-12, y_range=6.382e-13
    nu_min=4.445e+02, nu_max=8.505e+02, nu_mean=4.512e+02, nu_std=1.655e+01
    nu_p05=4.447e+02, nu_p50=4.467e+02, nu_p95=4.781e+02, nu_p99=5.307e+02, interior_frac=0.000
[Frame 1454] mode=DIR  iters=   5000, x_range=1.095e-12, y_range=6.257e-13
    nu_min=4.445e+02, nu_max=8.590e+02, nu_mean=4.510e+02, nu_std=1.617e+01
    nu_p05=4.447e+02, nu_p50=4.467e+02, nu_p95=4.770e+02, nu_p99=5.294e+02, interior_frac=0.000
[Frame 1455] mode=DIR  iters=   5000, x_range=1.074e-12, y_range=6.135e-13
    nu_min=4.445e+02, nu_max=8.499e+02, nu_mean=4.507e+02, nu_std=1.580e+01
    nu_p05=4.448e+02, nu_p50=4.467e+02, nu_p95=4.758e+02, nu_p99=5.279e+02, interior_frac=0.000
[Frame 1456] mode=DIR  iters=   5000, x_range=1.052e-12, y_range=6.014e-13
    nu_min=4.445e+02, nu_max=8.289e+02, nu_mean=4.504e+02, nu_std=1.533e+01
    nu_p05=4.448e+02, nu_p50=4.467e+02, nu_p95=4.746e+02, nu_p99=5.261e+02, interior_frac=0.000
[Frame 1457] mode=DIR  iters=   5000, x_range=1.032e-12, y_range=5.896e-13
    nu_min=4.445e+02, nu_max=8.489e+02, nu_mean=4.501e+02, nu_std=1.476e+01
    nu_p05=4.448e+02, nu_p50=4.467e+02, nu_p95=4.733e+02, nu_p99=5.240e+02, interior_frac=0.000
[Frame 1458] mode=DIR  iters=   5000, x_range=1.012e-12, y_range=5.781e-13
    nu_min=4.445e+02, nu_max=8.620e+02, nu_mean=4.498e+02, nu_std=1.413e+01
    nu_p05=4.448e+02, nu_p50=4.466e+02, nu_p95=4.715e+02, nu_p99=5.210e+02, interior_frac=0.000
[Frame 1459] mode=DIR  iters=   5000, x_range=9.918e-13, y_range=5.667e-13
    nu_min=4.446e+02, nu_max=8.502e+02, nu_mean=4.495e+02, nu_std=1.339e+01
    nu_p05=4.448e+02, nu_p50=4.466e+02, nu_p95=4.688e+02, nu_p99=5.169e+02, interior_frac=0.000
[Frame 1460] mode=DIR  iters=   5000, x_range=9.723e-13, y_range=5.556e-13
    nu_min=4.446e+02, nu_max=8.758e+02, nu_mean=4.493e+02, nu_std=1.258e+01
    nu_p05=4.448e+02, nu_p50=4.466e+02, nu_p95=4.613e+02, nu_p99=5.128e+02, interior_frac=0.000
[Frame 1461] mode=DIR  iters=   5000, x_range=9.533e-13, y_range=5.447e-13
    nu_min=4.446e+02, nu_max=8.998e+02, nu_mean=4.490e+02, nu_std=1.197e+01
    nu_p05=4.448e+02, nu_p50=4.466e+02, nu_p95=4.560e+02, nu_p99=5.084e+02, interior_frac=0.000
[Frame 1462] mode=DIR  iters=   5000, x_range=9.346e-13, y_range=5.340e-13
    nu_min=4.446e+02, nu_max=7.944e+02, nu_mean=4.488e+02, nu_std=1.142e+01
    nu_p05=4.448e+02, nu_p50=4.466e+02, nu_p95=4.540e+02, nu_p99=5.048e+02, interior_frac=0.000
[Frame 1463] mode=DIR  iters=   5000, x_range=9.163e-13, y_range=5.236e-13
    nu_min=4.446e+02, nu_max=8.143e+02, nu_mean=4.486e+02, nu_std=1.096e+01
    nu_p05=4.449e+02, nu_p50=4.466e+02, nu_p95=4.529e+02, nu_p99=5.024e+02, interior_frac=0.000
[Frame 1464] mode=DIR  iters=   5000, x_range=8.983e-13, y_range=5.133e-13
    nu_min=4.446e+02, nu_max=7.706e+02, nu_mean=4.485e+02, nu_std=1.055e+01
    nu_p05=4.449e+02, nu_p50=4.466e+02, nu_p95=4.520e+02, nu_p99=5.005e+02, interior_frac=0.000
[Frame 1465] mode=DIR  iters=   5000, x_range=8.807e-13, y_range=5.032e-13
    nu_min=4.447e+02, nu_max=9.108e+02, nu_mean=4.484e+02, nu_std=1.032e+01
    nu_p05=4.449e+02, nu_p50=4.465e+02, nu_p95=4.515e+02, nu_p99=4.988e+02, interior_frac=0.000
[Frame 1466] mode=DIR  iters=   5000, x_range=8.634e-13, y_range=4.934e-13
    nu_min=4.447e+02, nu_max=8.260e+02, nu_mean=4.482e+02, nu_std=9.933e+00
    nu_p05=4.449e+02, nu_p50=4.465e+02, nu_p95=4.509e+02, nu_p99=4.971e+02, interior_frac=0.000
[Frame 1467] mode=DIR  iters=   5000, x_range=8.465e-13, y_range=4.837e-13
    nu_min=4.447e+02, nu_max=8.626e+02, nu_mean=4.481e+02, nu_std=9.537e+00
    nu_p05=4.449e+02, nu_p50=4.465e+02, nu_p95=4.506e+02, nu_p99=4.955e+02, interior_frac=0.000
[Frame 1468] mode=DIR  iters=   5000, x_range=8.299e-13, y_range=4.742e-13
    nu_min=4.447e+02, nu_max=8.946e+02, nu_mean=4.479e+02, nu_std=9.024e+00
    nu_p05=4.449e+02, nu_p50=4.465e+02, nu_p95=4.502e+02, nu_p99=4.928e+02, interior_frac=0.000
[Frame 1469] mode=DIR  iters=   5000, x_range=8.136e-13, y_range=4.649e-13
    nu_min=4.447e+02, nu_max=8.015e+02, nu_mean=4.478e+02, nu_std=8.439e+00
    nu_p05=4.449e+02, nu_p50=4.465e+02, nu_p95=4.499e+02, nu_p99=4.850e+02, interior_frac=0.000
[Frame 1470] mode=DIR  iters=   5000, x_range=7.977e-13, y_range=4.558e-13
    nu_min=4.447e+02, nu_max=7.679e+02, nu_mean=4.476e+02, nu_std=7.828e+00
    nu_p05=4.449e+02, nu_p50=4.465e+02, nu_p95=4.496e+02, nu_p99=4.793e+02, interior_frac=0.000
[Frame 1471] mode=DIR  iters=   5000, x_range=7.820e-13, y_range=4.469e-13
    nu_min=4.447e+02, nu_max=7.431e+02, nu_mean=4.475e+02, nu_std=7.333e+00
    nu_p05=4.450e+02, nu_p50=4.465e+02, nu_p95=4.494e+02, nu_p99=4.765e+02, interior_frac=0.000
[Frame 1472] mode=DIR  iters=   5000, x_range=7.667e-13, y_range=4.381e-13
    nu_min=4.447e+02, nu_max=7.909e+02, nu_mean=4.473e+02, nu_std=6.853e+00
    nu_p05=4.450e+02, nu_p50=4.465e+02, nu_p95=4.492e+02, nu_p99=4.743e+02, interior_frac=0.000
[Frame 1473] mode=DIR  iters=   5000, x_range=7.516e-13, y_range=4.295e-13
    nu_min=4.448e+02, nu_max=8.502e+02, nu_mean=4.472e+02, nu_std=6.199e+00
    nu_p05=4.450e+02, nu_p50=4.464e+02, nu_p95=4.489e+02, nu_p99=4.712e+02, interior_frac=0.000
[Frame 1474] mode=DIR  iters=   5000, x_range=7.369e-13, y_range=4.211e-13
    nu_min=4.448e+02, nu_max=8.042e+02, nu_mean=4.471e+02, nu_std=5.584e+00
    nu_p05=4.450e+02, nu_p50=4.464e+02, nu_p95=4.488e+02, nu_p99=4.639e+02, interior_frac=0.000
[Frame 1475] mode=DIR  iters=   5000, x_range=7.225e-13, y_range=4.128e-13
    nu_min=4.448e+02, nu_max=8.347e+02, nu_mean=4.470e+02, nu_std=5.226e+00
    nu_p05=4.450e+02, nu_p50=4.464e+02, nu_p95=4.487e+02, nu_p99=4.559e+02, interior_frac=0.000
[Frame 1476] mode=DIR  iters=   5000, x_range=7.083e-13, y_range=4.047e-13
    nu_min=4.448e+02, nu_max=8.120e+02, nu_mean=4.470e+02, nu_std=5.055e+00
    nu_p05=4.452e+02, nu_p50=4.464e+02, nu_p95=4.486e+02, nu_p99=4.536e+02, interior_frac=0.000
[Frame 1477] mode=DIR  iters=   5000, x_range=6.944e-13, y_range=3.968e-13
    nu_min=4.448e+02, nu_max=8.661e+02, nu_mean=4.469e+02, nu_std=4.842e+00
    nu_p05=4.452e+02, nu_p50=4.464e+02, nu_p95=4.484e+02, nu_p99=4.518e+02, interior_frac=0.000
[Frame 1478] mode=DIR  iters=   5000, x_range=6.808e-13, y_range=3.890e-13
    nu_min=4.448e+02, nu_max=8.529e+02, nu_mean=4.468e+02, nu_std=4.370e+00
    nu_p05=4.453e+02, nu_p50=4.464e+02, nu_p95=4.483e+02, nu_p99=4.505e+02, interior_frac=0.000
[Frame 1479] mode=DIR  iters=   5000, x_range=6.674e-13, y_range=3.814e-13
    nu_min=4.448e+02, nu_max=7.722e+02, nu_mean=4.467e+02, nu_std=3.782e+00
    nu_p05=4.453e+02, nu_p50=4.464e+02, nu_p95=4.482e+02, nu_p99=4.498e+02, interior_frac=0.000
[Frame 1480] mode=DIR  iters=   5000, x_range=6.544e-13, y_range=3.739e-13
    nu_min=4.448e+02, nu_max=7.741e+02, nu_mean=4.466e+02, nu_std=2.994e+00
    nu_p05=4.453e+02, nu_p50=4.464e+02, nu_p95=4.481e+02, nu_p99=4.493e+02, interior_frac=0.000
[Frame 1481] mode=DIR  iters=   5000, x_range=6.415e-13, y_range=3.666e-13
    nu_min=4.448e+02, nu_max=7.659e+02, nu_mean=4.466e+02, nu_std=2.291e+00
    nu_p05=4.453e+02, nu_p50=4.464e+02, nu_p95=4.480e+02, nu_p99=4.489e+02, interior_frac=0.000
[Frame 1482] mode=DIR  iters=   5000, x_range=6.289e-13, y_range=3.594e-13
    nu_min=4.449e+02, nu_max=7.508e+02, nu_mean=4.465e+02, nu_std=1.219e+00
    nu_p05=4.453e+02, nu_p50=4.464e+02, nu_p95=4.479e+02, nu_p99=4.487e+02, interior_frac=0.000
[Frame 1483] mode=DIR  iters=   5000, x_range=6.166e-13, y_range=3.524e-13
    nu_min=4.449e+02, nu_max=4.541e+02, nu_mean=4.465e+02, nu_std=8.337e-01
    nu_p05=4.453e+02, nu_p50=4.464e+02, nu_p95=4.479e+02, nu_p99=4.486e+02, interior_frac=0.000
[Frame 1484] mode=DIR  iters=   5000, x_range=6.045e-13, y_range=3.454e-13
    nu_min=4.449e+02, nu_max=4.520e+02, nu_mean=4.465e+02, nu_std=7.968e-01
    nu_p05=4.454e+02, nu_p50=4.464e+02, nu_p95=4.479e+02, nu_p99=4.484e+02, interior_frac=0.000
[Frame 1485] mode=DIR  iters=   5000, x_range=5.927e-13, y_range=3.387e-13
    nu_min=4.449e+02, nu_max=4.507e+02, nu_mean=4.465e+02, nu_std=7.669e-01
    nu_p05=4.454e+02, nu_p50=4.464e+02, nu_p95=4.478e+02, nu_p99=4.483e+02, interior_frac=0.000
[Frame 1486] mode=DIR  iters=   5000, x_range=5.810e-13, y_range=3.320e-13
    nu_min=4.449e+02, nu_max=4.500e+02, nu_mean=4.464e+02, nu_std=7.407e-01
    nu_p05=4.454e+02, nu_p50=4.464e+02, nu_p95=4.477e+02, nu_p99=4.482e+02, interior_frac=0.000
[Frame 1487] mode=DIR  iters=   5000, x_range=5.697e-13, y_range=3.255e-13
    nu_min=4.449e+02, nu_max=4.495e+02, nu_mean=4.464e+02, nu_std=7.172e-01
    nu_p05=4.454e+02, nu_p50=4.464e+02, nu_p95=4.477e+02, nu_p99=4.481e+02, interior_frac=0.000
[Frame 1488] mode=DIR  iters=   5000, x_range=5.585e-13, y_range=3.191e-13
    nu_min=4.449e+02, nu_max=4.491e+02, nu_mean=4.464e+02, nu_std=6.953e-01
    nu_p05=4.454e+02, nu_p50=4.464e+02, nu_p95=4.476e+02, nu_p99=4.480e+02, interior_frac=0.000
[Frame 1489] mode=DIR  iters=   5000, x_range=5.475e-13, y_range=3.129e-13
    nu_min=4.449e+02, nu_max=4.488e+02, nu_mean=4.464e+02, nu_std=6.752e-01
    nu_p05=4.454e+02, nu_p50=4.464e+02, nu_p95=4.476e+02, nu_p99=4.479e+02, interior_frac=0.000
[Frame 1490] mode=DIR  iters=   5000, x_range=5.368e-13, y_range=3.067e-13
    nu_min=4.449e+02, nu_max=4.485e+02, nu_mean=4.464e+02, nu_std=6.563e-01
    nu_p05=4.454e+02, nu_p50=4.464e+02, nu_p95=4.476e+02, nu_p99=4.479e+02, interior_frac=0.000
[Frame 1491] mode=DIR  iters=   5000, x_range=5.263e-13, y_range=3.007e-13
    nu_min=4.450e+02, nu_max=4.483e+02, nu_mean=4.464e+02, nu_std=6.383e-01
    nu_p05=4.454e+02, nu_p50=4.463e+02, nu_p95=4.475e+02, nu_p99=4.478e+02, interior_frac=0.000
[Frame 1492] mode=DIR  iters=   5000, x_range=5.160e-13, y_range=2.948e-13
    nu_min=4.450e+02, nu_max=4.482e+02, nu_mean=4.464e+02, nu_std=6.215e-01
    nu_p05=4.455e+02, nu_p50=4.463e+02, nu_p95=4.475e+02, nu_p99=4.478e+02, interior_frac=0.000
[Frame 1493] mode=DIR  iters=   5000, x_range=5.058e-13, y_range=2.891e-13
    nu_min=4.450e+02, nu_max=4.480e+02, nu_mean=4.464e+02, nu_std=6.054e-01
    nu_p05=4.455e+02, nu_p50=4.463e+02, nu_p95=4.474e+02, nu_p99=4.477e+02, interior_frac=0.000
[Frame 1494] mode=DIR  iters=   5000, x_range=4.959e-13, y_range=2.834e-13
    nu_min=4.450e+02, nu_max=4.480e+02, nu_mean=4.464e+02, nu_std=5.901e-01
    nu_p05=4.455e+02, nu_p50=4.463e+02, nu_p95=4.474e+02, nu_p99=4.477e+02, interior_frac=0.000
[Frame 1495] mode=DIR  iters=   5000, x_range=4.862e-13, y_range=2.778e-13
    nu_min=4.452e+02, nu_max=4.480e+02, nu_mean=4.464e+02, nu_std=5.756e-01
    nu_p05=4.455e+02, nu_p50=4.463e+02, nu_p95=4.474e+02, nu_p99=4.476e+02, interior_frac=0.000
[Frame 1496] mode=DIR  iters=   5000, x_range=4.767e-13, y_range=2.724e-13
    nu_min=4.453e+02, nu_max=4.479e+02, nu_mean=4.464e+02, nu_std=5.616e-01
    nu_p05=4.455e+02, nu_p50=4.463e+02, nu_p95=4.473e+02, nu_p99=4.476e+02, interior_frac=0.000
[Frame 1497] mode=DIR  iters=   5000, x_range=4.673e-13, y_range=2.670e-13
    nu_min=4.453e+02, nu_max=4.478e+02, nu_mean=4.464e+02, nu_std=5.483e-01
    nu_p05=4.455e+02, nu_p50=4.463e+02, nu_p95=4.473e+02, nu_p99=4.475e+02, interior_frac=0.000
[Frame 1498] mode=DIR  iters=   5000, x_range=4.582e-13, y_range=2.618e-13
    nu_min=4.453e+02, nu_max=4.477e+02, nu_mean=4.464e+02, nu_std=5.354e-01
    nu_p05=4.455e+02, nu_p50=4.463e+02, nu_p95=4.473e+02, nu_p99=4.475e+02, interior_frac=0.000
[Frame 1499] mode=DIR  iters=   5000, x_range=4.492e-13, y_range=2.567e-13
    nu_min=4.453e+02, nu_max=4.477e+02, nu_mean=4.464e+02, nu_std=5.232e-01
    nu_p05=4.456e+02, nu_p50=4.463e+02, nu_p95=4.472e+02, nu_p99=4.475e+02, interior_frac=0.000
